id,file_name,organization,year_published,month_published,date_updated,last_seen
d4c3cc0a446dd8703735dd25e7dd224137e55d66200b7aa3d061f299aa63c598,生态保护“十五五”规划,生态环境部等部门,2026,8,2026-08-21,2026-09-09
356c033c3e03cbd4954ed558f7f51366dc3a9756a2f95f280c2db0b73aa36b05,煤炭工业发展“十五五”规划,"国家发展和改革委员会, 国家能源局",2026,8,2026-08-21,2026-09-09
4c3bb78ebbe1f9cecc1d26ae828667d18b0049e1f2fa755e7977c2ab6372df04,新型电力系统建设“十五五”规划,"国家发展和改革委员会, 国家能源局",2026,8,2026-08-18,2026-09-09
e930f3649f6db2ca6843d8ed7cf7d579fcd64296ff5dfa7c38ac515695d9c69a,关于组织开展2026年度重点行业能效、碳效领跑者企业推荐工作的通知,"工业和信息化部, 国家发展和改革委员会, 市场监管总局",2026,7,2026-08-18,2026-09-09
5c448c7a7da39d0d073e316b1db7e87aaec2dd27d38431e3093c04247a8856e3,“十五五”公共机构节能降碳工作方案,"国家机关事务管理局, 国家发展和改革委员会",2026,7,2026-08-18,2026-09-09
e0c3f8dbb00c86ad6a3a4afd99f5f8cf41c5fd00e0a0ef72481ca39846aaaf5d,关于深化综合交通运输体系改革的意见,"交通运输部, 国家发展改革委",2026,7,2026-08-11,2026-09-09
222a180a1e31c5e34ae2bc2cca97d9838d4e6fd3fbdc75f3839e40930d1325c8,综合运输服务发展“十五五”规划,交通运输部等部门,2026,7,2026-08-11,2026-09-09
42ab82283374cbe020a7887ca3c710a07a201c82eebb205284f5d8b66134402b,工业绿色低碳发展“十五五”规划,工业和信息化部,2026,7,2026-08-11,2026-09-09
b3ae637b6ddb137d19efb1ac26888c0dd178e1eec954fdc1a21672f0ae224728,国家应对气候变化“十五五”规划,生态环境部等部门,2026,7,2026-08-11,2026-09-09
dfb20087244ddeeda67bf0c863ff8a66dfe4258e5ae0a821f6d7e10c87e61cb7,关于开展绿色消费试点工作的通知,商务部,2026,7,2026-07-30,2026-09-09
8c65df709b3617745e124bbb7cd545de259083c4e55634477f7a19797be09f2d,关于组织开展国家级零碳工厂建设工作的通知,工业和信息化部,2026,7,2026-07-30,2026-09-09
d0f50362b64135eec4779bf525b484c41fea956fc7c35eb7042f249039ac880a,关于深入推进农村能源革命 开展村镇微能网建设试点工作的通知,国家能源局综合司,2026,7,2026-07-30,2026-09-09
c6a09a2bd6f2e4209421fab88948d51468ef97c5e04aa6868afc037ca6281fb9,土壤、地下水和农业农村生态环境保护“十五五”规划,生态环境部等部门,2026,7,2026-07-30,2026-09-09
543b26509512413390057c975a0673628663dc8e0425c58267f4cff072b02826,可再生能源发展“十五五”规划,"国家发展和改革委员会, 国家能源局",2026,7,2026-07-30,2026-09-09
0650c44307d1b4df4710d27a4b638683a25268baa458b08ec60efa242b5088f6,国家气象灾害防御规划（2026—2030年）,中国气象局,2026,7,2026-07-30,2026-09-09
5ad1ca924bcd41c53aa78e38fed80feb1b4c773fbe91d79a94d5ba1fbf29336f,固体废物污染防治“十五五”规划,生态环境部等部门,2026,7,2026-07-30,2026-09-09
22ef4e2f1038af4b565f32233ba1d46ff8c72e993905bfd01e7f66b19a3b63f1,能源领域节能降碳行动计划（2026—2028年）,国家能源局,2026,7,2026-07-30,2026-09-09
c9463afcbbd26577cdbb3f1854b697264f937504c2f45c457d57c6a2c762f258,“十五五”碳达峰行动方案,国务院,2026,7,2026-07-30,2026-09-09
290d31344bfb369399d2e75c6516196b24f7a75bfe9147ce23546f244f929389,电力企业涉电应急预案管理办法,国家能源局,2025,7,2026-07-30,2026-09-09
d10ab2dc351fc512d345943115d1a3972ee94d0eec525e10f74bbbf7e26c5a91,生态环境监测“十五五”规划,"生态环境部, 国家发展和改革委员会",2016,7,2026-07-30,2026-09-09
155bb0aba898c1e665be48bf0f3c728975ed8937bda6d91f7a4644eaccc2dcd4,美丽中国建设“十五五”规划,国务院,2026,7,2026-07-13,2026-09-09
7b784c5888b79a94c070e8f2bdea2433f0162b9863228edca2bd0b437cde9a3e,关于完善现代化都市圈综合交通运输体系的指导意见,交通运输部等部门,2026,6,2026-07-13,2026-09-09
699d1036da1d5c9a91b22c4a1a982aa79ac54b18cd139470dcf923488fd8ff2c,可再生能源消费最低比重目标和可再生能源电力消纳责任权重制度实施办法,国家发展改革委等部门,2026,6,2026-07-01,2026-09-09
6ac51c3bfc24e93331f451f141701342d5010595c2de16a3d3cec977ea3b9666,美丽中国建设全民行动促进计划（2026—2030年）,生态环境部等部门,2026,6,2026-07-01,2026-09-09
655940cdd0a8c0bb69816f79a848d9b52f2e17863b826ac4a8ff30566e458d4b,新型能源体系建设“十五五”规划,"国家发展和改革委员会, 国家能源局",2026,6,2026-07-01,2026-09-09
c4ab7343fee3897d68b021b1cc708bf06808a8a57abb2b6839d0eb51b8326256,关于开展2026年新能源汽车下乡活动的通知,工业和信息化部等部门,2026,6,2026-06-25,2026-09-09
7e8201939fca09829bc483fb1d12bdaa19b6fc6c3ce01981f3d01c9519ec1a70,关于组织开展地热能高质量开发利用试点工作的通知,国家能源局综合司,2026,6,2026-06-25,2026-09-09
74d08223ec3940a47fe22c8c0cf90aa360924a7a09d0f493bb8bb902e06fec04,推动新能源重卡规模化应用实施方案,交通运输部等部门,2026,6,2026-06-22,2026-09-09
89acdf2ce6c6cedc069f0e8009cdeed3c8fa29d3575b5fd4798e0daef0c8ef6b,关于开展重点行业节能降碳改造攻坚三年行动的通知,国家发展改革委等部门,2026,6,2026-06-22,2026-09-09
5f3b2dffc2316e8ab2da5c71401dd899ba34a4f74de72bbfee7c76ead7060fd5,加快农业农村现代化“十五五”规划,国务院,2026,6,2026-06-21,2026-09-09
7e6a98c493bd9b60e06093c8e9918ea875b11823dea99bf4401f7a508a55478a,城市更新“十五五”规划,国务院,2026,5,2026-06-04,2026-09-09
7f822334c7d8605d788417104196f8ac90ff902d8806b469130348e9e0761a0c,关于碳排放权交易收费有关问题的通知,"国家发展和改革委员会, 生态环境部",2026,5,2026-05-29,2026-09-09
4cf5951bf9f16d208517fd7e36754e7acffc991f7acc5d48db4ffd3484e237b6,关于印发钢铁行业产能置换实施办法的通知,工业和信息化部,2026,5,2026-05-29,2026-09-09
0b21257a00a8213066a32cadd9c88a1329fcaa26934aa183dbfedfe15e96c140,推进生态综合补偿实施方案,"国家发展和改革委员会, 财政部",2026,5,2026-05-29,2026-09-09
c0a5eab6222f83f00afe61d2b75a1677c1bea1831ba0cab5eeb50327f9d6b831,关于有序推动多用户绿电直连发展有关事项的通知,"国家发展和改革委员会, 国家能源局",2026,5,2026-05-29,2026-09-09
ca0d8ec769d854a03a0f0ebc22caaa2a17e6019c52805f019faa69e9ff838b93,美丽中国建设成效考核办法,"中共中央办公厅, 国务院办公厅",2026,5,2026-05-15,2026-09-09
19850dd31f93bedcf18adf6abfd17fed7d9cd167370011462dcb79e8c17c2d4f,关于促进人工智能与能源双向赋能的行动方案,国家发展和改革委员会等部门,2026,5,2026-05-15,2026-09-09
7a37f149349354cb224d4bdf6f8fdb3ad98df5eb5dc278a65cdbf13a9c17162b,关于推进服务业扩能提质的意见,国务院,2026,4,2026-05-06,2026-09-09
13c1fbac7b3fa4739c2c9c298fe7b7de2d548a9cfece6773e66a67fd9aa506c4,关于组织开展2026年度工业节能降碳诊断服务工作的通知,工业和信息化部,2026,4,2026-05-06,2026-09-09
5af8c80b1305cb92734278e020a324c15b05c2bb7a63b7ff36493b876e4fc0b4,碳达峰碳中和综合评价考核办法,"中共中央办公厅, 国务院办公厅",2026,4,2026-05-06,2026-09-09
2c0ff3cbcc4176f4236a4a2aa7e8dd7c0b474193183b5eb667b4bcfc7b10a81f,关于更高水平更高质量做好节能降碳工作的意见,"中共中央办公厅, 国务院办公厅",2026,4,2026-05-06,2026-09-09
f583e3edfe0381355d062b27d690eb7a4a308ebb08e9ddda212f871a7ebf80a3,工业产品绿色设计指南（2026 年版）,工业和信息化部等部门,2026,4,2026-04-24,2026-09-09
533c140dad4875db0566349943c39b7d102ff7d280a0a4b0e4437332eb28ef8d,关于推动航运绿色低碳转型发展的意见,海事局,2026,4,2026-04-24,2026-09-09
566268e4946489cb9f7c03b1004b013790abb70ea9154e2640003125a0061319,加力推进石化化工行业老旧装置更新改造行动方案（2026—2029年）,工业和信息化部等部门,2026,4,2026-04-09,2026-09-09
ef4bf821556283ded1a58158a9d3dfdc1886e908387784ec7c69247c70a20bd5,标准引领纺织工业优化升级行动方案（2026—2028 年）,"工业和信息化部, 生态环境部, 市场监管总局",2026,3,2026-04-09,2026-09-09
0d45d4d3146998d2f6ebf0ad3c8699955a6f497314f815df841a50ef9cb547f3,关于开展2026年县域充换电设施补短板试点申报有关工作的通知,"财政部, 工业和信息化部, 交通运输部",2026,3,2026-03-26,2026-09-09
07c1ca53adcbeadcf20156d15ac40247a9ac9b374546d1870c7765cebc9edac3,关于落实涉农领域设备更新贷款相关政策的通知,农业农村部,2026,3,2026-03-26,2026-09-09
3032439aff3bca9f8a651928ecd9fb76e3a58e7afef6af5e7e79d72bfed37256,关于加快推动小水电绿色转型高质量发展的指导意见,水利部等部门,2026,3,2026-03-26,2026-09-09
3569d0e1292fca31899a9aa99b2b9634f067f1ac99818f40a7b5e658cf627e2d,节能装备高质量发展实施方案（2026—2028年）,工业和信息化部等部门,2026,3,2026-03-26,2026-09-09
a9c271ad10e0992ad78d98b57d0b64c97b6aa303e20ce53de1582c00938b1b8a,关于开展氢能综合应用试点工作的通知,"工业和信息化部, 财政部, 国家发展和改革委员会",2026,3,2026-03-26,2026-09-09
3e08fb511342cec65439125502ea8b0cc0587aaae5a62f1eee68ff345fc5a94c,关于进一步加强消耗臭氧层物质和氢氟碳化物管理的通知,生态环境部,2026,2,2026-03-26,2026-09-09
5498066581609daf9e103c4274aaf0b76f8beccb725677f3f5490498a71bf790,完善能源消费强度和总量双控制度方案,国家发展改革委,2021,9,2026-03-26,2026-09-09
15d5fb99cfd9ebfa4b75804005fc4cb4919f43392153bbfca8119120b7744f08,关于促进光伏组件综合利用的指导意见,工业和信息化部等部门,2026,3,2026-03-12,2026-09-09
12a3fb0572a3512fb7782c170bc0cd35fd787238f766cc7b1bc82f65cf02c0cd,关于做好2026年全国碳排放权交易市场有关工作的通知,生态环境部办公厅,2026,2,2026-03-10,2026-09-09
b39c48e69ffce7b51ad6f3b9e791c0e0859e1d41aa2357bd5c173d661b653ada,关于完善全国统一电力市场体系的实施意见,国务院,2026,2,2026-03-10,2026-09-09
1df11cd9901a388e502e2728dbe47841de0c4f95ef67ad45a120d4d643551e1b,关于落实《中共中央国务院关于锚定农业农村现代化扎实推进乡村全面振兴的意见》的实施意见,农业农村部,2026,2,2026-02-28,2026-09-09
eb4996a1fbd9ccef2b7fae6ab156824213da9d90db2060ea8ef1ad5c3261ca31,关于锚定农业农村现代化 扎实推进乡村全面振兴的意见,"中共中央, 国务院",2026,2,2026-02-28,2026-09-09
a734985a09fd2c1e8b68d00e322a2ca489f84adb40299dd159328c479caf73b0,生态文明建设示范区（生态工业园区）管理办法,"生态环境部, 商务部, 工业和信息化部",2026,1,2026-02-28,2026-09-09
a9a00004afda5269a509d4bd479431c82605988bc07808998b859c4dc5dcc150,关于支持风电开发建设规范使用林地草地有关工作的通知,"国家林业和草原局, 国家能源局",2026,1,2026-02-28,2026-09-09
de0f1203f2b7afc7b93765e3ffb8f8b8e0f91dc035b51d7028e579c8dceffa83,关于完善发电侧容量电价机制的通知,"国家发展和改革委员会, 国家能源局",2026,1,2026-02-28,2026-09-09
a38ac2bd39b41250b61e40ba043196140ae998ab516b589b0489cd2714be7bc5,新能源汽车废旧动力电池回收和综合利用管理暂行办法,工业和信息化部等部门,2026,1,2026-02-02,2026-09-09
8a60b95e3b97914fb0b60ae8e28fa015c34a656b55fa45c62b0033622f6659c0,关于开展零碳工厂建设工作的指导意见,工业和信息化部等部门,2026,1,2026-02-02,2026-09-09
d306a0ee1a234dedb5d24cab3d146ec1938bcf41bd6ea7e798769dfe83d729ff,关于推进能源气象服务体系建设的指导意见,"中国气象局, 国家能源局",2026,1,2026-01-23,2026-09-09
adf15f80694b05b4b68d6a4f71804b95cba16960c70dfff8a90ea4cb79fe4270,绿色产品认证与标识管理办法,市场监管总局等部门,2026,1,2026-01-22,2026-09-09
c2bb5c33525b00117046cf26754715990510554a989c2999ab75e9d812099e33,工业绿色微电网建设与应用指南（2026-2030）,工业和信息化部等部门,2026,1,2026-01-19,2026-09-09
4b66746bdadcb83c9fcc59e532ad992c7d9e778ac2a13c113028a0ebd59d3d9b,固体废弃物综合治理行动计划,国务院,2026,1,2026-01-19,2026-09-09
2e3fc4c19425102d60d2a13ab951c99f0ad95503d9972f301cda6885d3aef64d,再生材料应用推广行动方案,国家发展和改革委员会等部门,2026,1,2026-01-19,2026-09-09
4243d98d6265a3b82ccc598f67f2eebe674da0068c068676f3df44ea15ee76cd,可再生能源绿色电力证书管理实施细则（试行）,国家能源局,2025,11,2026-01-19,2026-09-09
c80ed537d284eb6554c48469de4426dcb3a73a92b83b550ea42ac1afa66f8534,关于2026年实施大规模设备更新和消费品以旧换新政策的通知,"国家发展改革委, 财政部",2025,12,2026-01-12,2026-09-09
b2e62e3e30eb4f8abe218c6275e2df449e6c22ddf4e6d3488aea127ebd880392,关于促进电网高质量发展的指导意见,"国家发展改革委, 国家能源局",2025,12,2026-01-12,2026-09-09
514bf365963d67b3aa89c7a8ed614ce8e5eed04241029ccc1295beafc07cb48d,促进光热发电规模化发展的若干意见,"国家发展改革委, 国家能源局",2025,12,2026-01-12,2026-09-09
32e3e2e655a0e06d4025cdb9d68dd6ca3c79d3209e1a34cebff52fa4684d4205,关于建立全国统一电力市场评价制度的通知,"国家发展改革委, 国家能源局",2025,12,2025-12-25,2026-09-09
b56d0678bfb4817664bc0da2d6c6d076d58a65a5704629665798a2f1ac0e5e66,煤炭清洁高效利用重点领域标杆水平和基准水平（2025年版）,国家发展改革委,2025,12,2025-12-25,2026-09-09
d0a7a8bcbe2915b78832aa3b6b777a16b68e15d8532bac5b1f4d8a8066b22b5c,关于建立煤电容量电价机制的通知,"国家发展和改革委员会, 国家能源局",2023,11,2025-12-25,2026-09-09
8ee68ddf7090fd012e2406b68830a2874e7f899c310bc201c2a09e0902cbec99,产品碳足迹因子数据库建设工作指引,生态环境部等部门,2025,12,2025-12-22,2026-09-09
07be3517a4593fcf7312ea98c6db8f60644fdfcba3d0f18dbdf932f7b3779b44,关于用好绿色金融政策支持绿色工厂建设的通知,"工业和信息化部, 中国人民银行",2025,12,2025-12-22,2026-09-09
61f62378bfb5934bff6c40eee1955b57f56fb732f2b88d449187e374c6ffdbe9,"关于禁止生产以1,1-二氯-1-氟乙烷（HCFC-141b）为发泡剂的聚氨酯产品的公告",生态环境部,2025,11,2025-12-08,2026-09-09
c354655ab79850616c938a31a9efb041ce6a596c92e4d468b71b9a14fd0fe4a5,关于禁止生产以氢氟碳化物（HFCs）为制冷剂的家用电冰箱和冰柜产品的公告,生态环境部,2025,11,2025-12-08,2026-09-09
73f0c3de125f979ad9905cc4d1d19c6a67dae51e55b0f9813ab7f335fac5d7ac,关于加强现代农事综合服务中心建设的指导意见,农业农村部等部门,2025,11,2025-12-08,2026-09-09
6c6c048a065fcec21d5d63869d3e0a41b43e660f185035850077a9e40120f761,加快建设农业强国规划（2024—2035年）,"中共中央, 国务院",2025,4,2025-12-08,2026-09-09
c08038bc1214c717dec854ca2002c64f1263930cb7e9fcd5ab78db605da5726b,关于严格控制氢氟碳化物化工生产建设项目的通知,"生态环境部, 国家发展和改革委员会, 工业和信息化部",2024,7,2025-12-08,2026-09-09
983e26266c655cc187927c1ffdb508fa9d6afb521d408ec8d6f5086032527a8a,关于进一步加强水资源节约集约利用的意见,国家发展和改革委员会,2023,9,2025-12-08,2026-09-09
da85953e1fd4bebe1e297bd2dfcc5744b2f42fcbf5ba7653190bc5f962f5fc7e,关于推进畜禽粪污资源化利用标准体系建设的指导意见,"国家标准委, 农业农村部, 生态环境部",2023,8,2025-12-08,2026-09-09
47db337b6a532e9296526798542f773642663b889a1e0b48acc2fdb0117df648,建设国家农业绿色发展先行区 促进农业现代化示范区全面绿色转型实施方案,农业农村部等部门,2022,9,2025-12-08,2026-09-09
d41c12755d38c6f057b680a10d806b34f0ec392f89df06dd9ee83142ad026299,关于深入打好污染防治攻坚战的意见,"中共中央, 国务院",2021,11,2025-12-08,2026-09-09
ad35217fbb285606ee3f0374d21d639bf8e9fb15d1a0625f272b97554c758982,关于控制副产三氟甲烷排放的通知,生态环境部,2021,9,2025-12-08,2026-09-09
fa0d5eb481f19e80e3bf31a194b4975047616ac2a894126d6ef87baf9da90a04,“十四五”城镇生活垃圾分类和处理设施发展规划,"国家发展和改革委员会, 住房和城乡建设部",2021,5,2025-12-08,2026-09-09
46bfb5a77f375e0463181ca860cebea7a923578d7a2b04bd7ea5b1855d5d86c3,关于进一步加强煤炭资源开发环境影响评价管理的通知,"生态环境部, 国家发展和改革委员会, 国家能源局",2020,10,2025-12-08,2026-09-09
6da476d0abd19afabc5d076450d0bed582a97b4cbdefbe6dfc00257a685ee3ad,到2020年化肥使用量零增长行动方案,农业部,2015,3,2025-12-08,2026-09-09
bf009ff56b99d3e250a05ea53961bbaf31f3c53df84bcccabd48e002fa47dd29,到2020年农药使用量零增长行动方案,农业部,2015,3,2025-12-08,2026-09-09
38568c71669d352347886707de6ce3ca08b2036ab1a4657f4357da3a7c9c323d,建设低碳交通运输体系试点工作方案,交通部,2011,2,2025-12-08,2026-09-09
dc648b6be0914b7e4fa1d44e8d10e14735f48ccd142e2f31b756890070534ece,2024、2025 年度全国碳排放权交易市场钢铁、水泥、铝冶炼行业配额总量和分配方案,生态环境部,2025,11,2025-11-28,2026-09-09
59355268edb133df51780f6d316b69444b0d59b7a09c25ca92b42e4c10c07df4,生态环境监测条例,国务院,2025,11,2025-11-28,2026-09-09
45c29988f3b3ff9e489b0aa54a6248836c011f4f438c7cea38a9075861974acb,关于促进新能源消纳和调控的指导意见,国家发展和改革委员会,2025,10,2025-11-28,2026-09-09
aceb69d3c87538fade14bff4b5196eefdc63a7df606cd71087e8b150dce670a2,关于进一步深化农村改革 扎实推进乡村全面振兴的意见,"中共中央, 国务院",2025,1,2025-11-28,2026-09-09
899cec0dec5fa7d4d3a80c0383bd57b599b0e44c9244c5f066a516d741990781,关于推动饲草产业高质量发展的意见,"国家发展和改革委员会, 农业农村部, 国家林草局",2024,11,2025-11-28,2026-09-09
316c0dbbe834f6eb650c43f38c36e0158aa5ed4a82521e9da9f06ff09eaf5b65,关于践行大食物观构建多元化食物供给体系的意见,国务院,2024,9,2025-11-28,2026-09-09
029df36b162ef727b6dec803371f2713f5bd275125a1f9220d1afd98cc76fe2a,关于加大工作力度持续实施好农业机械报废更新补贴政策的通知,"农业农村部, 国家发展和改革委员会, 财政部",2024,9,2025-11-28,2026-09-09
00fea308a4496c15f552352675fe2b20763dfffa43c95048a26f9c82541e8879,2024—2026年农机购置与应用补贴实施意见,"农业农村部, 财政部",2024,3,2025-11-28,2026-09-09
d8d6f28f3f16446eaf847f05853bd6c79aa71a67f1a3a58d9124c35ea82443c9,中国生物多样性保护战略与行动计划（2023-2030年）,生态环境部,2024,1,2025-11-28,2026-09-09
d64fb45e0b75e92140937c5eb3a7f154d5226d449459ba2a15b017c173aa7da8,关于推进污水处理减污降碳协同增效的实施意见,"国家发展和改革委员会, 住房城乡建设部, 生态环境部",2023,12,2025-11-28,2026-09-09
d8b9615a16b5ec41d3217454b3b640ef304e368ea19c134d47a86ac7e4dfe428,关于做好2023年农作物秸秆综合利用工作的通知,农业农村部,2023,6,2025-11-28,2026-09-09
80116f2ba6d4755f7ee96773d2d30e6b1681f145c24935ae414f6c08dbbc5f23,关于做好2022年农作物秸秆综合利用工作的通知,农业农村部,2022,4,2025-11-28,2026-09-09
32f5cb01cc9806499a49407a05db05130b337ac5e3e63167af9ed3ddea27134a,关于全面推进乡村振兴加快农业农村现代化的意见,"中共中央, 国务院",2021,1,2025-11-28,2026-09-09
4d15b866fef809e13118e8a9e116fa82d8f3018776d40349b231310de51ccacc,关于促进畜牧业高质量发展的意见,国务院,2020,9,2025-11-28,2026-09-09
d316b8aed5368bd39221e6cb89a2255251279cf4bf6d18335de81a40a21fe3cd,农业机械报废更新补贴实施指导意见,"农业农村部, 财政部, 商务部",2020,3,2025-11-28,2026-09-09
1dba8c69dbd593359adc4afe58da589a774c910a7136206776183c5323579395,2018-2020农业机械购置补贴实施指导意见,"农业农村部, 财政部",2018,12,2025-11-28,2026-09-09
8fde282cc54db295e7b6a149f459bafb74fb079b6fc7901c3ff623eaa1653979,关于加快农业机械化和装备产业转型升级的指导意见,国务院,2018,12,2025-11-28,2026-09-09
72be29c75f3db5a784cb6f93a6cd50faab2dce7ad4200e85352e945f31baec4c,关于促进天然气协调稳定发展的若干意见,国务院,2018,9,2025-11-28,2026-09-09
93cdbc45298ff901abe103f2819e9bdf629759d4648fb364b9ba4bcfdd2b6a91,农机装备发展行动方案（2016—2025）,"工业和信息化部, 农业农村部, 国家发展和改革委员会",2016,12,2025-11-28,2026-09-09
51241a308e9335728c950520f9193316dcb35baace0ce45133694b2f03f3c510,发挥价格杠杆作用促进光伏产业健康发展,国家发展和改革委员会,2013,8,2025-11-28,2026-09-09
5ebb5c19dab05159e3d70dc98f8319f0042daea5913f97364a3b64e31fbfb0b5,关于促进新能源集成融合发展的指导意见,国家能源局,2025,11,2025-11-27,2026-09-09
136c4a07d854bf2c821b2c0e2578aecc5bbb471db0c39c85a26eb39139a8b5f7,节水装备高质量发展实施方案（2025—2030年）,"工业和信息化部, 水利部",2025,11,2025-11-19,2026-09-09
b08c9963c26b1374db4422a0e1db5a6cc83a08c61d3b4299272ac183dc76c575,关于推进煤炭与新能源融合发展的指导意见,国家能源局,2025,10,2025-11-19,2026-09-09
2e3f99015251454b9f0627841082bf36c603bf65651dd16dbcfb0f3e9f885a1b,关于拓展绿色贸易的实施意见,商务部,2025,10,2025-11-19,2026-09-09
05b3cea3962f23c70d2452e42d6b9e0e35cab82c169837f218fab662f4bb0f14,电子信息制造业2025－2026年稳增长行动方案,"工业和信息化部, 国家市场监督管理总局",2025,9,2025-11-19,2026-09-09
59e55cb62e6bfffe303aa4ff3a0ffa38d52416ad40f2a266f501416b198b4c6a,汽车行业稳增长工作方案（2025—2026年）,工业和信息化部等部门,2025,9,2025-11-19,2026-09-09
ea4d563c92ba770630e3792bdd5194acb8a8dbdb5b4ed831d57e143c772b19be,国家能源局关于加快推进煤炭洗选高质量发展的意见,国家能源局,2025,10,2025-10-24,2026-09-09
95deed9847b11fa511b79a56c24ca0a21252c816bc0e2e11b4ee4b6fd19bf3f2,电动汽车充电设施服务能力“三年倍增”行动方案（2025—2027年）,国家发展改革委等部门,2025,10,2025-10-24,2026-09-09
cddac2a1d0fa861441bed91a562c79ef61775a6dec3b272b7a8e70dd9d804e26,节能降碳中央预算内投资专项管理办法,国家发展和改革委员会,2025,9,2025-10-24,2026-09-09
a36b93ae9b97e00d998acfdd7e8976ca700fe739ceb25344d56807063b6a2777,机械行业稳增长工作方案（2025—2026年）,工业和信息化部等部门,2025,9,2025-10-22,2026-09-09
d1762267a44dbd800633271a23855902778b825fa043334f1d6d05bd15e72381,有色金属行业稳增长工作方案（2025—2026年）,工业和信息化部等部门,2025,9,2025-10-22,2026-09-09
20b44a9dfe66a6d8c2b0efc223761aefba7b08f31dc3c575609e7079e680c575,工业园区高质量发展指引,"工业和信息化部, 国家发展改革委",2025,9,2025-10-22,2026-09-09
1350ffe3df072fd20b6ed07a61e8c732489aa37495f6f502571f7568c342dff3,关于推进能源装备高质量发展的指导意见,国家能源局等部门,2025,9,2025-10-22,2026-09-09
6cd1138d252023ac411121ddd33b8716844a0b03cb6447a3eaa25e184cea9e11,建材行业稳增长工作方案（2025—2026 年）,工业和信息化部等部门,2025,9,2025-10-22,2026-09-09
011ed52dcdb458b681b86aadd4cc50d68f05d1f0685f4155bee937478b919a4f,钢铁行业稳增长工作方案（2025－2026年）,工业和信息化部等部门,2025,9,2025-10-22,2026-09-09
5446aa5d23a02a2432a8f0656a534dfb86d530c12129ece9b0e0802915a453da,石化化工行业稳增长工作方案（2025－2026 年）,工业和信息化部等部门,2025,9,2025-10-22,2026-09-09
19855290752970d1386a4a094f6221478f1854bc84fe32d8b7044400ec68b1b1,轻工业稳增长工作方案（2025—2026年）,"工业和信息化部, 商务部, 市场监管总局",2025,9,2025-09-24,2026-09-09
a46e3563d36662bb8aff6fd5d12ba027183aea725fa3124ff33d6e15c0e44edc,新型储能规模化建设专项行动方案(2025—2027年),"国家发展和改革委员会, 国家能源局",2025,9,2025-09-18,2026-09-09
73e2e7e1d769491433fe217b4ba19f85a35439c829be51902226f985482e9775,电力装备行业稳增长工作方案（2025-2026年）,"工业和信息化部, 市场监管总局, 国家能源局",2025,9,2025-09-18,2026-09-09
ba27a48a181827590e24fd72ed69e5f7257db18a72fbd5278804b359ff540fd0,电力现货连续运行地区市场建设指引,"国家发展和改革委员会, 国家能源局",2025,9,2025-09-18,2026-09-09
3b01ac2d7d5f1f6c749201de4bce4fc35f79fb2906022790404b7679ab4a3564,关于完善价格机制促进新能源发电就近消纳的通知,"国家发展和改革委员会, 国家能源局",2025,9,2025-09-18,2026-09-09
b7d1314a54aa8f7fd91b30b340bebddec70464b2eafefd0e96b449d5384635a2,关于推进“人工智能+”能源高质量发展的实施意见,"国家发展和改革委员会, 国家能源局",2025,9,2025-09-09,2026-09-09
bfea2554933af18be551d05332141969a575a033395d109a9ab9639fc4eacd19,工业领域氧化亚氮排放控制行动方案,"生态环境部, 国家发展和改革委员会, 工业和信息化部",2025,8,2025-09-01,2026-09-09
adcad410be0b6593c220b9f30309311f5b1456894bd1e2667ecc786dda424935,关于推进绿色低碳转型加强全国碳市场建设的意见,"中共中央办公厅, 国务院办公厅",2025,8,2025-09-01,2026-09-09
f175742e86694c947fa88eeb2d2e91decb0df05fc4d45d463a683553af03567a,国家锂电池产业标准体系建设指南（2024）,工业和信息化部等部门,2024,9,2025-08-22,2026-09-09
5e9ba2e0fc94a8b24aff8e2b5bf57a9cd352c3b427a84bafab926090e26522b6,新型储能标准体系建设指南,"国家标准化管理委员会, 国家能源局",2023,2,2025-08-22,2026-09-09
e1b44e2c603f09a450f82c382d7d0a2bbf8360c3aed9a4246402c73267494204,新型储能项目管理规范（暂行）,国家能源局,2021,9,2025-08-22,2026-09-09
5cf95ca0f2a7de81e064e6448dd7a3d043901f7335999067be5225d66dc0f82b,关于金融支持新型工业化的指导意见,中国人民银行等部门,2025,8,2025-08-19,2026-09-09
e38d0f7b1f2f020324c12fb1f1da6eaea17867e413e875a785af1f9579c9cfe8,固定资产投资项目节能审查和碳排放评价办法,国家发展和改革委员会,2025,7,2025-08-19,2026-09-09
ec310b6a15c05d0120448e94bf92e97830b3826330e2259bd21af08ebb281f91,浙江、河南、广东省分布式可再生能源发电项目绿证核发工作方案,国家能源局综合司,2025,8,2025-08-01,2026-09-09
2d89e330effefeef122608e17d1cdc968bf7f00325567591994ac0acb6dd38ae,中欧领导人关于应对气候变化的联合声明——《巴黎协定》达成10周年后的前进方向,中国政府,2025,7,2025-08-01,2026-09-09
5781861f3cc2c31e1cdfe8b82b998fadd4f8530b02a129a4bae6810408a3365b,产品碳足迹标识认证试点认证目录（第一批）,"市场监管总局办公厅, 生态环境部办公厅, 工业和信息化部办公厅",2025,7,2025-07-22,2026-09-09
e595f67aec38cf76fb2a62acd6a99505b8ba00020d98bdd02c267b2e8065b1e4,绿色金融支持项目目录（2025年版）,"中国人民银行, 国家金融监督管理总局, 中国证券监督管理委员会",2025,7,2025-07-22,2026-09-09
7930e24d9f29e6bbf5df1a8e94c3f5b60a1db7fb618107352de1ce5727ea0d9e,计量支撑产业新质生产力发展行动方案（2025—2030年）,"市场监管总局, 工业和信息化部",2025,7,2025-07-22,2026-09-09
389ba5e85e85f89a06c9c47ab5505eff81aff2e4b5f5c5a346bfcf315af674b1,关于促进大功率充电设施科学规划建设的通知,国家发展改革委等部门,2025,7,2025-07-21,2026-09-09
ec5ad8123607e1b1dd7058bd0d2ec15b548f72614724298ff6768bfce3923ad2,关于开展零碳园区建设的通知,"国家发展改革委, 工业和信息化部, 国家能源局",2025,7,2025-07-21,2026-09-09
1a824d74406b316751e9e6eb00f376aa1a387b370bb672d42f38600b99dcdec2,关于推动内河航运高质量发展的意见,交通运输部等部门,2025,6,2025-07-07,2026-09-09
d7f14ba1124083132f6355c791e297d913f16245f9f9a255258d152b097e5317,产品碳足迹标识认证试点名单,市场监管总局等部门,2025,1,2025-07-07,2026-09-09
d7e5bb0b57550fe7266e00e3f7dc575f56e1c7b3d6544216ee4211606e8b5965,关于深入推进工业和信息化绿色低碳标准化工作的实施方案,工业和信息化部办公厅,2025,6,2025-06-30,2026-09-09
e651f90e7c29925adb89648089762b5259541828e1f7ff9d33113b838e382264,关于组织开展能源领域氢能试点工作的通知,国家能源局,2025,6,2025-06-23,2026-09-09
22e0369cb189e0b04c210a47e8ee66c19450c44d0af44b1bae73dd8d159297e7,关于组织开展新型电力系统建设第一批试点工作的通知,国家能源局,2025,6,2025-06-06,2026-09-09
bc94a1f4e058eab52d444225a6788a856b61e0645b59b3e4c8793ef5f0d0b70d,关于有序推动绿电直连发展有关事项的通知,"国家发展改革委, 国家能源局",2025,6,2025-06-06,2026-09-09
24c5dc47eff715d668e897035e048ee9db735fbdbc34015ddd1d63837f943929,关于开展2025年新能源汽车下乡活动的通知,工业和信息化部办公厅等部门,2025,6,2025-06-06,2026-09-09
cd9352950f7df91caf549f1d531b2aaae5d7a02762344d112f116e08386009fd,国家应对气候变化标准体系建设方案,生态环境部等部门,2025,5,2025-06-06,2026-09-09
db26ca6486f4243bb5bea9a395fc1fb34d8ad4e17c81af07f3e8d808519a408c,关于健全资源环境要素市场化配置体系的意见,"中共中央办公厅, 国务院办公厅",2025,5,2025-06-04,2026-09-09
d2e61bc0953995ef09faa8e321366b7dfa814ea363f33bc0cfbc6127ff9259b6,美丽河湖保护与建设行动方案（2025—2027年）,生态环境部等部门,2025,5,2025-05-23,2026-09-09
3b68190acd87a64d95dab8f5340375d70f7b9c7ffcbf5f31ec25d7aca411d346,电力辅助服务市场基本规则,"国家发展改革委, 国家能源局",2025,5,2025-05-15,2026-09-09
a129bc5d25de7a171b699754ccd5740cfe6d5a23fece850de13a91f8f4622c87,关于全面加快电力现货市场建设工作的通知,"国家发展改革委办公厅, 国家能源局综合司",2025,5,2025-05-15,2026-09-09
dba830c05a86e87410ed4610d50d7dab9a778cb787d6f00e6c266684ecf89387,养殖业节粮行动实施方案,农业农村部,2025,4,2025-05-15,2026-09-09
8368824730ffe4f381524223bc7611538e2ec41a73f327f01bd361499cd8f3de,关于加快推进虚拟电厂发展的指导意见,"国家发展改革委, 国家能源局",2025,4,2025-05-09,2026-09-09
efa7dd696359fb85760561df3bd99da9f3a343bad86d4d1bd116d2f32aebda75,中国履行《关于消耗臭氧层物质的蒙特利尔议定书》国家方案（2025—2030年）,生态环境部等部门,2025,4,2025-05-09,2026-09-09
a415399f96e7ff4b23c402aba3f7d0605636b4e08508ed9d05fa892afb07bbdc,2025年数字化绿色化协同转型发展工作要点,中央网信办等部门,2025,4,2025-05-07,2026-09-09
2f3bf028eaee18b6f47efd119b6855a9eeb878dba66e441c445f7b5199e2839a,关于促进能源领域民营经济发展若干举措的通知,国家能源局,2025,4,2025-05-07,2026-09-09
c0c970fb113b3516d48f57f0709656afa67a9a387eff4541259b2c7618dbc28f,关于推动交通运输与能源融合发展的指导意见,交通运输部等部门,2025,4,2025-05-07,2026-09-09
16a394cab70a8ec30f954cca5f65e46672847414da0b664b41ffe565984d1850,关于组织开展2025年度工业节能降碳诊断服务工作的通知,工业和信息化部办公厅,2025,4,2025-04-23,2026-09-09
04a0299b683db0817b4e48a0e5f1f7877ab828d4ea83c24a5de6dd04a4c5793f,新一代煤电升级专项行动实施方案（2025—2027年）,"国家发展改革委, 国家能源局",2025,4,2025-04-23,2026-09-09
ba8dddbaf703f0af0f58abf81bd4d0b0d1f3cafcf17633ce08f8cb80dec844ce,关于加力支持大规模设备更新和消费品以旧换新的若干措施,"国家发改委, 财政部",2024,7,2025-04-18,2026-09-09
c85bcfe36450ef0d1f93824100640b0de66f21dbc1a9e798db1605d2114d2e70,关于完善价格治理机制的意见,"中共中央办公厅, 国务院办公厅",2025,4,2025-04-07,2026-09-09
672436dd4d53d3798fd758a69b66020b3736a77a96045cd9901dd674023e7a81,关于公布首批车网互动规模化应用试点的通知,国家发展改革委办公厅等部门,2025,4,2025-04-07,2026-09-09
3c6dcdf09cfcdecaffc6bdbc9b0b736f9d1ddb424d750957a22b61bb7892dfa7,推动热泵行业高质量发展行动方案,国家发展改革委等部门,2025,4,2025-04-07,2026-09-09
728393b6886b47f89ac9c941d7d55c7ad85d6d7dce836073f2d005137be6520f,铝产业高质量发展实施方案（2025—2027年）,工业和信息化部等部门,2025,3,2025-04-07,2026-09-09
b5935227a4af2637fcc5d63e3c81e642eb71f22ea700bd454d1d1bae2bb1109c,关于加强新能源汽车与电网融合互动的实施意见,国家发展改革委等部门,2024,1,2025-04-03,2026-09-09
55bb407cd281af1b3fbb8a7e0b2491f1d96df0aad2d2b9081dc0eab090f6b016,关于促进可再生能源绿色电力证书市场高质量发展的意见,国家发展改革委等部门,2025,3,2025-03-31,2026-09-09
f6e9f6629477d69939eaf6a6c1af64ed43a4af71104eb0f351e025b4962e0f11,工业企业和园区数字化能碳管理中心建设指南,工业和信息化部办公厅,2025,3,2025-03-31,2026-09-09
93935f176f5604df18289bb48cf022d0ae0f7dd61b7886f82b7e666aef9379cf,到2025年化学农药减量化行动方案,农业农村部,2022,11,2025-03-31,2026-09-09
1811c3bad0ebe8b37a1239067ab9ae0f243898fa10cd70100d360d3f5c1b1ee6,产品碳足迹标识认证通用实施规则（试行）,国家认监委,2025,3,2025-03-28,2026-09-09
4eefa513b8377f4c75152e2199cef5e6b18bb74f00de1f2b2867a9681266805d,关于印发轻工业数字化转型实施方案,"工业和信息化部, 教育部, 市场监管总局",2025,3,2025-03-28,2026-09-09
4e9518db4db5bc3e3f5119ff9120c88d4ca49fca8f969da82b182d86bce8727c,全国碳排放权交易市场覆盖钢铁、水泥、铝冶炼行业工作方案,生态环境部,2025,3,2025-03-28,2026-09-09
16de2f927f3027da631d8452079763e67403730556897b560e40f811a0cd7180,第二批国家碳达峰试点名单,国家发展改革委办公厅,2025,3,2025-03-28,2026-09-09
761061796a34668672c097c0d926810d2be2c0027546674a786a374cd78268fc,消耗臭氧层物质进出口管理办法,"生态环境部, 商务部, 海关总署",2025,3,2025-03-28,2026-09-09
70a01bbbe35e0bfdf5d2e05a7dd3f872d8fe631605a9f930be66e996fbe2450f,中华人民共和国和法兰西共和国在《巴黎协定》达成十周年之际关于气候变化的联合声明,中国政府,2025,3,2025-03-28,2026-09-09
6f11287ed1d9626d1f3a5331dc66700e3ea68649f8f30915e8aca4f157b49d06,关于开展产品碳足迹标识认证试点工作的通知,市场监管总局等部门,2024,9,2025-03-28,2026-09-09
ef7b99271c7599752d06d82a64e38d5a75be920a9d595436d77fb2493cfbf28a,关于进一步组织实施好“千家万户沐光行动”的通知,国家能源局,2025,3,2025-03-22,2026-09-09
1303cd55eb5bd4ba799005cbe28a9e9ac25a64d77578eb995286fb7f5045141a,中国食物与营养发展纲要（2025—2030年）,"农业农村部, 工业和信息化部, 国家卫生健康委",2025,3,2025-03-22,2026-09-09
e098cfd7f8d61fc760ea38db32c5931da9a94f3c1e1cd86dadd99671a74d4900,关于实施老旧营运货车报废更新的通知,"交通运输部, 国家发展改革委, 财政部",2025,3,2025-03-22,2026-09-09
11c6d52fd65e61bb2eaa4099fcb3c9917e5cfb6584acd4c9d4b78be45eecc62e,2025年新能源城市公交车及动力电池更新补贴实施细则,"交通运输部办公厅, 国家发展改革委办公厅, 财政部办公厅",2025,3,2025-03-22,2026-09-09
3190b2ee4b3e8f477c8990f8657bc9af1b910006d50c73520fc88e783317172f,关于促进环保装备制造业高质量发展的若干意见,"工业和信息化部, 生态环境部, 市场监管总局",2025,3,2025-03-18,2026-09-09
7e88b6feb08b052b5421a0b4c1ea6c523fd143fe7c84013e4c1354050e1fbcb7,清洁能源发展专项资金管理办法,财政部,2025,3,2025-03-18,2026-09-09
9daf390b58b17229e558e6bc59522e46c7f9c45bca494930d8def76ad12b2d98,银行业保险业绿色金融高质量发展实施方案,"国家金融监督管理总局, 中国人民银行",2025,3,2025-03-07,2026-09-09
7b4f1ba593377a304f40d723f57b5e1ba5dc12078559a10b2891d3df0a0f681e,关于做好金融“五篇大文章”的指导意见,国务院,2025,3,2025-03-07,2026-09-09
d0d84859cab917ad19784040f0efde215e54b8a94593c98c196d35297c82c127,关于促进企业温室气体信息自愿披露的意见,生态环境部等部门,2025,3,2025-03-07,2026-09-09
c4f9e25231cf4a811a6761b5f2207ac1e6d9127150f3d98d9e7c08d37e29460f,企业温室气体排放核算与报告指南 钢铁行业,生态环境部,2025,1,2025-03-07,2026-09-09
63a8d915a9df220b19b5cee84c50414c72dc8ff26c2e62ee4f4739e6874f91ef,企业温室气体排放核算与报告指南 水泥行业,生态环境部,2024,9,2025-03-07,2026-09-09
92fca841c30f867e3044e779d96114bb37d7b9a341875e69a114247212da460f,企业温室气体排放核算与报告指南 铝冶炼行业,生态环境部,2024,9,2025-03-07,2026-09-09
bf2b3b66b33d0b2ae3211cdc09bc3a87a07408549fb6d7d9030e459f5ff943df,2025年能源工作指导意见,国家能源局,2025,2,2025-03-03,2026-09-09
41a77fd4caf1fca396bbb337f2ed5eb5816afca8f6b9272e1b64b2d55ce343a4,关于加强生态环境领域科技创新 推动美丽中国建设的实施意见,生态环境部等部门,2025,2,2025-03-03,2026-09-09
0a32a13fbfbf5f03184212d81ada2a714227b1bdab5340771c1d4ba10eed0098,关于推动海洋能规模化利用的指导意见,自然资源部等部门,2025,2,2025-03-03,2026-09-09
0a8f98217a4103c076809b91c24589e57f117b2119f7cb1a74106a1073fc8480,中华人民共和国绿色主权债券框架,财政部,2025,2,2025-02-21,2026-09-09
e36b11c356760c340f686d428b5c198f29d01820c156e335249a6cf37f6aa58b,关于做好2025年汽车以旧换新工作的通知,商务部等部门,2025,1,2025-02-21,2026-09-09
577931dc7298fedf8b663108fcc1d3e3612fef43acc76d0083d8878b60d6f0e5,新型储能制造业高质量发展行动方案,工业和信息化部等部门,2025,1,2025-02-21,2026-09-09
4e80b7ed364a7e5711c27046b786c3d0cbe4d616ac6f2ea4495093d4faa7263f,生态环境部门进一步促进民营经济发展的若干措施,生态环境部,2024,9,2025-02-21,2026-09-09
72ae4005325d2c953e37c097f0d616ac8fa1c232396b5b78a06b500c671cea5d,可再生能源绿色电力证书核发和交易规则,国家能源局,2024,8,2025-02-21,2026-09-09
f49ca0b1ebbdac3cac3b8ecbaffdd73ff44a8500adb6c329535a575eeef82924,关于做好可再生能源绿色电力证书与自愿减排市场衔接工作的通知,"国家能源局, 生态环境部",2024,8,2025-02-21,2026-09-09
0edf4eea360f7d16427a7906647d8b7b48a08abdbdd2fedf95cf3dc29d373917,电力中长期交易基本规则—绿色电力交易专章,"国家发展改革委, 国家能源局",2024,7,2025-02-21,2026-09-09
94bbcc702c45e1a27205a5fdd27c2e1ab8d982f568c6271f3afc8a7c4569749a,工业重点行业领域设备更新和技术改造指南,工业和信息化部,2024,5,2025-02-21,2026-09-09
9bac2cf5cf90a687c3cd3163bdeb4df1b5b4ccf77e8000e67d2a32f2540d2b61,关于有序推进光伏治沙项目开发建设有关事项的通知,"国家能源局, 国家林业和草原局",2024,5,2025-02-21,2026-09-09
4c484f3cabdddda324b5bc97b17845a64e3703899ea24836bbf183ddd210a21b,关于全面开展绿色建材下乡活动的通知,工业和信息化部等,2024,4,2025-02-21,2026-09-09
6a86accbafc5c89ade8166912c3c7a8f373040e15bc411041c93a16a1693c505,污染治理中央预算内投资专项管理办法,国家发展改革委,2024,3,2025-02-21,2026-09-09
5b0bcaa1b6d6014d6846c947f4acfe60d2a4a5a321d2207f5337a9b684ea207d,2024年能源工作指导意见,国家能源局,2024,3,2025-02-21,2026-09-09
726481096b71ca9e8ccc01aedcb0b2987b59453a59b9598651938e1756187607,绿色工厂梯度培育及管理暂行办法,工业和信息化部,2024,1,2025-02-21,2026-09-09
53c582a5389ab8c94a9151444daa633a12dd96a6f266541961593421ed288a62,关于加强绿色电力证书与节能降碳政策衔接大力促进非化石能源消费的通知,"国家发展改革委, 国家统计局, 国家能源局",2024,1,2025-02-21,2026-09-09
47ff9c3fb2e4748479ec6ef20c396e885f98ada5878d9a98a93820c7b4482a6e,关于深化新能源上网电价市场化改革 促进新能源高质量发展的通知,"国家发展改革委, 国家能源局",2025,2,2025-02-14,2026-09-09
51298b7874f1f5c237e9c9d9fb5ba826a8461eab3f4f6049318d42caae39df25,抽水蓄能电站开发建设管理暂行办法,"国家发展改革委, 国家能源局",2025,2,2025-02-14,2026-09-09
30c510589445640a0e5e261993e213f8d43eadbac48e54e30948f20684dda3ee,分布式光伏发电开发建设管理办法,国家能源局,2025,1,2025-02-13,2026-09-09
975e149b0a286dc6a43788e11d08baad66f643bfab4dbc50081db936ab75e8d8,美丽乡村建设实施方案,生态环境部等部门,2025,1,2025-01-23,2026-09-09
6c5eb3cf7e80bb8392ab95694742713d087bc5493c237cf72338e1028752fb8c,美丽城市建设实施方案,生态环境部等部门,2025,1,2025-01-23,2026-09-09
e260d8ee14932942a692d27b96318341ef61c8017b784adb413624695d0c86e0,关于2025年加力扩围实施大规模设备更新和消费品以旧换新政策的通知,"国家发展改革委, 财政部",2025,1,2025-01-17,2026-09-09
f3763822b2bca204adc68f49852482f6b446b37b675194107e3d0e1524e27ffd,关于建设美丽中国先行区的实施意见,国务院,2025,1,2025-01-17,2026-09-09
3ce5e6a95d4e7e2dc96d5d3c2b9fff4e7f008881f00fe562d9696ba76cc7d89b,2025年能源监管工作要点,国家能源局,2025,1,2025-01-16,2026-09-09
42ae6c6e0b3a50bd8f9399b283519fff3ec1f3c93103a38b3581c677e4a9572d,温室气体自愿减排项目方法学 公路隧道照明系统节能（CCER—07—001—V01）,"生态环境部办公厅, 交通运输部办公厅",2025,1,2025-01-16,2026-09-09
1f3ab124abc8d89825254995311d6c07dae0bef8f9854d196c440499d6fd69d6,国务院关于加快建立健全绿色低碳循环发展经济体系的指导意见,国务院,2021,2,2025-01-10,2026-09-09
b58edfb84593fa1c9cc5093e5fb50ff354815869ebc795c1ccf3761371b8dcd8,温室气体自愿减排项目方法学 甲烷体积浓度低于8%的煤矿低浓度瓦斯和风排瓦斯利用（CCER—10—001—V01）,"生态环境部, 国家能源局, 国家矿山安监局",2025,1,2025-01-09,2026-09-09
3b4694606168fc986232f83030ef7690ff834ebc4d77d2330bb6027ff64c71bc,电力系统调节能力优化专项行动实施方案（2025—2027年）,"国家发展改革委, 国家能源局",2024,12,2025-01-09,2026-09-09
506da24b3658f9fe04d14bb32a9733cb7e8beea194d96285c437f32ee77ddaa0,产品碳足迹核算标准编制工作指引,生态环境部等部门,2024,12,2025-01-09,2026-09-09
c9ec63d125a8e40ef9299dad4075d484ab9b062e828c68f8ddb37d0d10487f3f,赤泥综合利用行动方案,工业和信息化部等部门,2025,1,2025-01-03,2026-09-09
743014dc46cdf1e97ad567a540f6a5671423d2868ff9df1a7f8434c43d99de4d,加快工业领域清洁低碳氢应用实施方案,"工业和信息化部, 国家发改委, 国家能源局",2024,12,2025-01-03,2026-09-09
91069b4a37be85af3bdc5734bc4de0e3fa9850a274941af8beed1c5235a488a7,关于加快农业发展全面绿色转型促进乡村生态振兴的指导意见,农业农村部,2024,12,2025-01-03,2026-09-09
9be486555c4317907a49bac5aa8104c350f2f9c783dfcef2d5d713b6c12cc9ba,农业农村部关于推进稻渔综合种养产业高质量发展的指导意见,农业农村部,2022,10,2025-01-03,2026-09-09
7c96b4b107413b1d7044cb988131ec3b42b70e4687f8b294677f9587e63ceff1,标准提升引领原材料工业优化升级行动方案（2025—2027年）,工业和信息化部等部门,2024,12,2024-12-24,2026-09-09
0ba812ae68b33338cb5f3ae28a3c9a489cc9e9e6adca39ae4cda703b4fef9597,关于深化燃煤发电上网电价形成机制改革的指导意见,国家发展和改革委员会,2019,10,2024-12-23,2026-09-09
4308a38892e4df5b903cc8c813ec81add10cdc2202a57ea363787552b2a3530f,煤层气（煤矿瓦斯）排放标准,生态环境部,2024,12,2024-12-16,2026-09-09
e902eee547d09b137664873305d61a3e01fae8fd37782a9da839030532b9925a,国家能源局关于支持电力领域新型经营主体创新发展的指导意见,国家能源局,2024,11,2024-12-06,2026-09-09
50233aa5af64e7816a6e0823083a5fbd7fb5116621ccc4357eb0400399bf05d1,农业农村部关于大力发展智慧农业的指导意见,农业农村部,2024,10,2024-12-06,2026-09-09
9134fa5f04e46d271b34a8b5b48c1f85e120b67d2a6d7ab113cd69fbaa56108a,国家气候变化健康适应行动方案（2024—2030年）,国家疾控局等,2024,9,2024-12-06,2026-09-09
3560d85f7281b765c5455beb92dbd244c23bafa5c1484114aa374c91da313e7a,关于加强电力安全治理 以高水平安全保障新型电力系统高质量发展的意见,国家能源局,2024,11,2024-12-01,2026-09-09
89b91ff18f24a4d76def745ddb1c9612b34b488e2d986e4421dc98a7056cae2e,粮食节约和反食品浪费行动方案,中共中央办公厅、国务院办公厅,2024,11,2024-12-01,2026-09-09
ff16866f3f33efe8b987dc6eeb83cc12e29d296d7544cc8006ff5aab69345352,2023、2024年度全国碳排放权交易发电行业配额总量和分配方案,生态环境部,2024,10,2024-11-22,2026-09-09
f1155e6e6ef51d1638be9144af181b00cdff82ef6800657a34563617c9540471,中华人民共和国能源法,全国人大,2024,11,2024-11-15,2026-09-09
569f5022f58790ce0f689345e15d87090720d0a4562c422aa2827366ac8e1f83,关于进一步规范电力市场交易行为有关事项的通知,国家能源局综合司,2024,11,2024-11-15,2026-09-09
0a583aa624e83d8e81d2ab77170326e188f36614b44d003acf951156a3be3027,全国智慧农业行动计划（2024—2028年）,农业农村部,2024,10,2024-11-15,2026-09-09
a5da35280a52a5efcb0c2ce0df1f3a2b256a2a5dd891e3d16aef0b6d86be3664,水泥玻璃行业产能置换实施办法（2024年本）,工业和信息化部,2024,10,2024-11-01,2026-09-09
8b04cf9c0540612ce2250e39bc78a4e345c80a194d071e244af3f8b0b37ac035,关于大力实施可再生能源替代行动的指导意见,国家发展改革委等部门,2024,10,2024-11-01,2026-09-09
894303916ff31250dff5e3275728a3e2c124c6b28d1c251cab994c76c3b39981,关于提升新能源和新型并网主体涉网安全能力 服务新型电力系统高质量发展的通知,国家能源局,2024,9,2024-11-01,2026-09-09
0f030040226f415d4e3b05d837ab707d3c0e2db0ec6c71fbe9b91ec4276c9aac,电力装备制造业数字化转型实施方案,工业和信息化部,2024,10,2024-10-28,2026-09-09
074d5d92e42ff33968272db9213b141d7e949e898b0c09a6af2b6b9319e4accc,完善碳排放统计核算体系工作方案,国家发展改革委等部门,2024,10,2024-10-28,2026-09-09
37744f6b944c11f949f5f379e9e9284fe690fb66daa107fc6859ca5611bc6f97,关于大力发展智慧农业的指导意见,农业农村部,2024,10,2024-10-28,2026-09-09
ae8548eb26e01d26ba82bb78e7233a94efa77558ceea499f9685055531e8699f,关于发挥绿色金融作用 服务美丽中国建设的意见,中国人民银行等四部门,2024,10,2024-10-14,2026-09-09
50bc18fab0d2464c8ef48a507aa28013441a09a2b96a72c3bfa8e971d7d7ba75,关于进一步做好新能源城市公交车及动力电池更新工作的补充通知,"交通运输部, 国家发展和改革委员会, 财政部",2024,9,2024-10-11,2026-09-09
5a91c190945addf5bdc18760eb4ae0882ccfb4391ee591d8143f669290c38447,关于加强煤炭清洁高效利用的意见,国家发展和改革委员会等部门,2024,9,2024-10-11,2026-09-09
b2984311a58af7de259ce42b70ff0ed85d60eaee20977fdf26b3fce9c2210f19,关于推动车网互动规模化应用试点工作的通知,国家发展和改革委员会等部门,2024,9,2024-09-14,2026-09-09
49099a066c3b347b65a2461a82667bcd97e511fdc2e178b25f28d2b8ff95a915,中新天津生态城建设国家绿色发展示范区实施方案（2024—2035年）,国家发展改革委,2024,8,2024-09-09,2026-09-09
e7b41e3dffe408c3485b661bb26f591e91f1b47416a2e17d052083e90cce41b3,关于进一步做好金融支持长江经济带绿色低碳高质量发展的指导意见,中国人民银行等部门,2024,8,2024-08-29,2026-09-09
dd37ea1293da13e50cf6fc5a3ef8b379244ccd2af76b38292ad63eb50f5ca1cb,数字化绿色化协同转型发展实施指南,中央网络安全和信息化委员会办公室等部门,2024,8,2024-08-29,2026-09-09
ebd91be9ff5688ccf8fdb58c9ad004e7d6d122f2466e7217356cfafb6b7ea208,能源重点领域大规模设备更新实施方案,"国家发展和改革委员会, 国家能源局",2024,8,2024-08-23,2026-09-09
f4c766e2cc3bbd0a831b30436fdd34583b89a66b1965958ad9253c00dbd48925,配电网高质量发展行动实施方案（2024—2027年）,国家能源局,2024,8,2024-08-14,2026-09-09
87b3fc0d124617fa2459eb0fc853880f1f82fd229a47132682f3411b879912c0,数据中心绿色低碳发展专项行动计划,国家发展改革委等部门,2024,7,2024-08-13,2026-09-09
5bb711bde4d38a0596ff88aff63b1a16e6fe7a42181fcefffcf590dba7ad3690,关于加快经济社会发展全面绿色转型的意见,"中共中央, 国务院",2024,8,2024-08-12,2026-09-09
bdc87f8f1ca627876657b9b45d0ff9586c9ca8df17b8861d9f4fc47560d02653,关于进一步强化碳达峰碳中和标准计量体系建设行动方案（2024—2025年）的通知,"国家发展和改革委员会, 市场监管总局, 生态环境部",2024,8,2024-08-09,2026-09-09
0a0f47cea3da8b1f9538f5653d0b15b4738b3846c3c789e0ed0125e9bb01942e,加快构建新型电力系统行动方案(2024—2027年),"国家发展和改革委员会, 国家能源局, 国家数据局",2024,8,2024-08-09,2026-09-09
9fab30708e7c361025fbc5480d1ad06eb6b60f17cfe0397c0263ae909139eceb,加快构建碳排放双控制度体系工作方案,国务院办公厅,2024,7,2024-08-05,2026-09-09
c0940cfda8850529f6aca84c48bb7c65c7e9f044cac618539ad13cb4a091817e,交通运输大规模设备更新行动方案,交通运输部等部门,2024,7,2024-07-29,2026-09-09
493dd2420ef5e2298675efc643d942d6bcbb615cbc892ff45792c92e9c617002,电解铝行业节能降碳专项行动计划,国家发展和改革委员会等部门,2024,7,2024-07-24,2026-09-09
7641be3c279a5cff06f16de649930b360e20503623cd273c92df7a973bfb1bde,推进建筑和市政基础设施设备更新工作实施方案,住房城乡建设部,2024,3,2024-07-23,2026-09-09
3d69cbb511c116da86c45a9f5abcb230d9fbe654e0c51173f90074bc8f6d3ccd,推动消费品以旧换新行动方案,商务部,2024,3,2024-07-23,2026-09-09
cfec008d0a90831b3d29fa7c4dab1db96048b0ac357d1fab0129d6c5f7b9cdb5,推动工业领域设备更新实施方案,工业和信息化部,2024,3,2024-07-23,2026-09-09
d4d02705e43781ad7deacf5ac6be264171fc15c2163954e8c8e1a6d754f55f93,推动大规模设备更新和消费品以旧换新行动方案,国务院,2024,3,2024-07-23,2026-09-09
589d3cdd31b74e6ddd4068543d83aa10a68403af478c61160eb3f41d0ce3f956,煤电低碳化改造建设行动方案（2024—2027年）,"国家发展和改革委员会, 国家能源局",2024,7,2024-07-17,2026-09-09
ccad5b91ff3a8070b421947b87b0c223a1d0fdfb97dd852b8b09c5eba645781c,合成氨行业节能降碳专项行动计划,国家发展改革委等部门,2024,6,2024-06-11,2026-09-09
f545779d59629aef1c76a6223a21efda2efa1cc2207cdc279334380f18ea8396,炼油行业节能降碳专项行动计划,国家发展改革委等部门,2024,6,2024-06-11,2026-09-09
3fa24f67bb62e3585548fdb78078b6c064b61d144e3cb9517cc5a9b8a4138be2,钢铁行业节能降碳专项行动计划,国家发展改革委等部门,2024,6,2024-06-11,2026-09-09
106b7ebed6ed647061769b4216304c041139e77802ec58774b7db603933c774d,水泥行业节能降碳专项行动计划,国家发展改革委等部门,2024,6,2024-06-11,2026-09-09
4082557cdf837512f5e8ef193207d0abfc3d5ace1666a4b73ada8cbba6926c91,关于开展风电和光伏发电资源普查试点工作的通知,国家发展改革委等部门,2024,5,2024-06-07,2026-09-09
2c37a53251726227932bbf1fe5ddec57feb2a262e019b6a7a89fe21b69daa8d4,关于建立碳足迹管理体系的实施方案,生态环境部等部门,2024,5,2024-06-07,2026-09-09
c05af6a6310177e83812c0a9a62f3155c94b30488cf06d8ceb01f838e23c06c1,关于做好新能源消纳工作 保障新能源高质量发展的通知,国家能源局,2024,5,2024-06-04,2026-09-09
392dbea66455b16f2bb6d6d99f0a9355203168430fb7ad84f4604535b57d20cc,2024—2025年节能降碳行动方案,国务院,2024,5,2024-05-30,2026-09-09
b421fb6fc8b6f3eed8dccaf22b735daeae37602f23c9a6b8c4a608defa357b63,煤炭工业发展“十三五”规划,"国家发展和改革委员会, 国家能源局",2016,12,2024-05-16,2026-09-09
310e1a9c38f81b1870cc870689d0853758d0f47114df66b836ef8e21b5585d57,煤层气（煤矿瓦斯）开发利用“十三五”规划,国家能源局,2016,12,2024-05-16,2026-09-09
9609d0512a191302db27ebac9754bbb747add76ef38953a1657cb4054c56c021,煤层气勘探开发行动计划,国家能源局,2015,2,2024-05-16,2026-09-09
bf4bc765d61b8ed8ab3a852f81cbcaeda413c097de9b1308eddd82345972dfa0,煤炭工业发展“十二五”规划,国家发展和改革委员会,2012,3,2024-05-16,2026-09-09
0334722da5adef0cd3033c5b2fb0ca61c655b1f041924c01b5616dc8d6146121,煤层气（煤矿瓦斯）开发利用“十二五”规划,"国家发展和改革委员会, 国家能源局",2011,11,2024-05-16,2026-09-09
3659cb6181856d4ad5b0d53b6ba233f806d7dc2971188231a0643cc5dc830f4d,煤层气（煤矿瓦斯）开发利用“十一五”规划 ,国家发展和改革委员会,2008,6,2024-05-16,2026-09-09
a37276ab6a45a33eace939e69d286e4b0bf8f7437cc4202bc66c0b8d98dbac70,煤炭工业发展“十一五”规划,国家发展和改革委员会,2007,11,2024-05-16,2026-09-09
15acd5dcfbfdfb2dbe8ce4719abc744654516c9cce4f8090abb8ff1a43ee5499,关于加快煤层气（煤矿瓦斯）抽采利用的若干意见,国务院办公厅,2006,6,2024-05-16,2026-09-09
593c08413d24d662f1187771971db050922581d3d01442c38783cf4da7e67aaa,关于深入开展重点用能单位能效诊断的通知,国家发展和改革委员会,2024,5,2024-05-15,2026-09-09
023c5c95d09cc8cf321907f7aedc4c161b720971d30f4b804e8e67cbce1bd597,深化气候适应型城市建设试点名单,生态环境部等部门,2024,5,2024-05-15,2026-09-09
1115a65bd2ed3a3cd1a74440df86220ed5cd856e629d092aae46ebdee7c51f45,气候投融资试点成效评估方案,生态环境部办公厅等部门,2024,4,2024-04-30,2026-09-09
23f153929bf9b69cbe4fb8acb234bc4b9277e79cead310a78c71615b77a90c75,关于推动绿色保险高质量发展的指导意见,国家金融监督管理总局,2024,4,2024-04-29,2026-09-09
2dfd1aea03fac586c2c8a1850ffe522c8ee745add796bb8478ba1f16fc664d7c,关于促进新型储能并网和调度运用的通知,国家能源局,2024,4,2024-04-18,2026-09-09
afc7771581d96985b241e16765d2e6f71e708f6cfff721178abe8239dfbeb4b7,关于深化制造业金融服务 助力推进新型工业化的通知,"国家金融监督管理总局, 工业和信息化部, 国家发展和改革委员会",2024,4,2024-04-18,2026-09-09
d2d6b6fc149cda57073313a4de23db0d61ea562c3d1b6e40b4618cb0a2b03c13,关于进一步加强绿色矿山建设的通知,自然资源部等部门,2024,4,2024-04-18,2026-09-09
55c408a4a2124947ba89f20b98dde29a69e52e8a3f4d75e0e82e47ed87119db8,关于开展县域充换电设施补短板试点工作的通知,"财政部, 工业和信息化部, 交通运输部",2024,4,2024-04-18,2026-09-09
df2541afa4b1a41af0dd045c39d7fb4f2bb450b114bd32494fefba95c9a8e3b5,关于进一步强化金融支持绿色低碳发展的指导意见,中国人民银行等部门,2024,4,2024-04-11,2026-09-09
63ac8fe1ef2cbb69eef443cedfa7723f2287900e42dca042d37a7f254f3c6736,以标准提升牵引设备更新和消费品以旧换新行动方案,市场监管总局等部门,2024,3,2024-04-11,2026-09-09
ea16faf029b22b6c51e1cb57cd1c54bf888f391bd4b3e2f659345142ee1e7e87,增量配电业务配电区域划分实施办法,"国家发展和改革委员会, 国家能源局",2024,4,2024-04-02,2026-09-09
7a7b7a21d7819c12ca70f8de00f4390ace26dc3604bd78b479da3b7150f79d6d,关于组织开展“千乡万村驭风行动”的通知,"国家发展和改革委员会, 国家能源局, 农业农村部",2024,4,2024-04-02,2026-09-09
8d9b7eb5c96b26cdd0f28ace834e2d9f2757a7dfa3e0053e142ce54031762fd9,加快推动建筑领域节能降碳工作方案,国务院办公厅,2024,3,2024-03-20,2026-09-09
054fda1760dac1a4aed1e1ab81b14fc6ccb86a44aa594af9f4bcbdbd72c9ed4f,全额保障性收购可再生能源电量监管办法,国家发展和改革委员会,2024,2,2024-03-20,2026-09-09
81144e612fc25de1de494fa35a2c15e60e2eae85d39dbd3f5b84d3c899564c27,关于新形势下配电网高质量发展的指导意见,"国家发展和改革委员会, 国家能源局",2024,2,2024-03-14,2026-09-09
7ed614446672059685be20256a75ca5b1df7ed77e66eb0742895b1e7676d9e4f,关于加快构建废弃物循环利用体系的意见,国务院办公厅,2024,2,2024-03-01,2026-09-09
013c9608306944c3b5a4ca5d7ead086d44dc30b0e9c126c76f7ebf4d76dbd3ae,绿色低碳转型产业指导目录（2024年版）,国家发展改革委等部门,2024,2,2024-03-01,2026-09-09
88f49640390f3df13c1f7aadca92f2779ad82ca09fd5080e149ab81b4f302276,关于加快推动制造业绿色化发展的指导意见,工业和信息化部,2024,2,2024-03-01,2026-09-09
170f9fffda2d3cb6ec0ced369b272f2b1f1616f7b454c4c3970e5960643791bf,关于加强电网调峰储能和智能化调度能力建设的指导意见,"国家发展和改革委员会, 国家能源局",2024,2,2024-02-29,2026-09-09
88436af2fa034bb94e44a62fb7a5c8ba581222b7d38721e584094fed96b1f26c,国家重点低碳技术征集推广实施方案,生态环境部等部门,2024,2,2024-02-24,2026-09-09
4f69c9978fa59a5776527ae0a1a1b11a11ffc379c25e10fd893414c7e8313124,工业领域碳达峰碳中和标准体系建设指南,工业和信息化部,2024,2,2024-02-23,2026-09-09
f15870178c91d82dd0f8eaba7b7244e269034c22f68405a75445f0feb23b956a,碳排放权交易管理暂行条例,国务院,2024,2,2024-02-19,2026-09-09
04bdee637049af535eacc4c436978e75c83bfea5bc698ff5029915de5a96f86c,关于推进实施焦化行业超低排放的意见,"生态环境部, 国家发展和改革委员会, 工业和信息化部, 财政部, 交通运输部",2024,1,2024-01-25,2026-09-09
e27af831097d226e4cb56bd63d083a3e91ea58858bdb2836734f779b89b4cce1,关于推进实施水泥行业超低排放的意见,"生态环境部, 国家发展和改革委员会, 工业和信息化部, 财政部, 交通运输部",2024,1,2024-01-25,2026-09-09
a811985571724125194af309548e307375cacaef9c9809d013d73cd9f3d2c0b9,第一批城市和产业园区减污降碳协同创新试点名单,生态环境部,2024,1,2024-01-18,2026-09-09
bd612eb5c46199c24acf59d312c6368abc55b0ee2794a68bbef6f38982b1cfbe,中共中央 国务院关于全面推进美丽中国建设的意见,中共中央、国务院,2024,1,2024-01-12,2026-09-09
a4d8bfd50d12bf7dc8668ae760a094f7670130011c03c949ce3b2e1caadf2230,绿色建材产业高质量发展实施方案,工业和信息化部等十部门,2023,12,2024-01-12,2026-09-09
5936ae92a36b563ba4f27398f8f5e942a520f7236d7e0015896c72136f1bd333,“数据要素×”三年行动计划（2024—2026年）,国家数据局等部门,2023,12,2024-01-09,2026-09-09
9e2eb9d676536b26fca72cbb57c32f3c33eaef142fb2cdfcfd5d334a37277444,船舶制造业绿色发展行动纲要（2024—2030年）,"工业和信息化部, 国家发展和改革委员会, 财政部, 生态环境部, 交通运输部",2023,12,2024-01-02,2026-09-09
4909058603c7147e9bfcd201ae419c15f5f3cece96d5252d37ac2cd900b64db1,关于加快传统制造业转型升级的指导意见,工业和信息化部等八部门,2023,12,2024-01-02,2026-09-09
eb0127c78858469930b08809fd627d5e2787905e4b45fb4b27af747e1c61cfe8,深入推进快递包装绿色转型行动方案,国家发展和改革委员会等部门,2023,11,2023-12-18,2026-09-09
2d018feab3e340c58e1cb88cd5a90a6980fd21e5450c3dd192f10468d4b5f5ab,关于印发首批碳达峰试点名单的通知,国家发展和改革委员会,2023,12,2023-12-08,2026-09-09
90ef2a9390780177f5c10cf17c68646b8d6ee9404fba3bf8b2ba52514dcc7bd7,关于加快建立产品碳足迹管理体系的意见,国家发展和改革委员会等部门,2023,11,2023-11-24,2026-09-09
9c8b0bd065e25c9cc4456a072298efc98938d42f4632c2c8e8fbb0cae14132dc,温室气体自愿减排项目设计与实施指南,国家气候战略中心,2023,11,2023-11-24,2026-09-09
4bbfcaec7bebda1962764d29345082f95c87a9986f7a4927a128a0a2648380f2,温室气体自愿减排注册登记规则（试行）,国家气候战略中心,2023,11,2023-11-24,2026-09-09
80d8f2a0992b9161a302dd5188b2cb858c84ba1fb403801c5339a4d7f657b13a,温室气体自愿减排交易和结算规则（试行）,北京绿色交易所,2023,11,2023-11-24,2026-09-09
d99f9fd4b901e2f9f802f3bfab0f5bbb250ab3595249a490aaa96f7880dda973,关于加强合作应对气候危机的阳光之乡声明,中国政府,2023,11,2023-11-15,2026-09-09
9a41efc9beb2d1e431019d17621813bf721772969a0fee14cc9d9961649e9f7c,甲烷排放控制行动方案,生态环境部等部门,2023,11,2023-11-08,2026-09-09
152cbef50a5295503b39d9772782c2daf326a6cf7d70fbe56c38dffc87c1abbb,国家碳达峰试点建设方案,国家发展和改革委员会,2023,10,2023-11-07,2026-09-09
4ba385f41e6dfc8b85f51e0a77bddefe874c7821b5db3e498aa524dc952913a1,加快“以竹代塑”发展三年行动计划,"国家发展和改革委员会, 工业和信息化部, 财政部, 国家林草局",2023,10,2023-11-03,2026-09-09
ce89ac209251ced4709493339387c2ecf8cc616981828ef52b1c36bfa72c4d96,关于加强新形势下电力系统稳定工作的指导意见,"国家发展和改革委员会, 国家能源局",2023,10,2023-10-27,2026-09-09
8d8640b879b7a50fd1dbf99f112d240d08eb126ad860be6d2fa8982ecd9ad48c,关于促进炼油行业绿色创新高质量发展的指导意见,"国家发展和改革委员会, 国家能源局, 工业和信息化部, 生态环境部",2023,10,2023-10-26,2026-09-09
41814901c48b7304d3e81a75c20fd69444a1ccfb8e6eed8e183d50b5f6d62ca1,关于印发温室气体自愿减排项目方法学 造林碳汇（CCER-14-001-V01）等4项方法学的通知,生态环境部办公厅,2023,10,2023-10-25,2026-09-09
3589d98ab380aba6e15fc4c20efc0f1cf7341be4bdb3290062feaa333c8802d7,关于做好2023—2025年部分重点行业企业温室气体排放报告与核查工作的通知,生态环境部办公厅,2023,10,2023-10-24,2026-09-09
75a6551fc8ef1a043fa205453365ce27b514e92995f49de5288ad4cd429f0824,温室气体自愿减排交易管理办法（试行）,"生态环境部, 市场监管总局",2023,10,2023-10-24,2026-09-09
ffa3d76371dbeb514c3224f48ebeee0c2c28ece41ae3b17adea4e2c6eb61da1f,国家能源局关于组织开展可再生能源发展试点示范的通知,国家能源局,2023,9,2023-10-20,2026-09-09
fd152399bd96cc7d75230aaaac228f14c76a9ab4821911837ae33a17a0ecff53,关于统筹运用质量认证服务碳达峰碳中和工作的实施意见,市场监管总局,2023,10,2023-10-19,2026-09-09
70a54f61284176d917d43363ac4635870d68d9847068f4a8c0ae2874009d6bb8,关于推进城市公共交通健康可持续发展的若干意见,交通运输部等九部门,2023,10,2023-10-16,2026-09-09
be215ca200392d32b66b24180d3fba3a3660b974e2ba3118a36da3fce562bea8,绿色航空制造业发展纲要（2023-2035年）,"工业和信息化部, 科学技术部, 财政部, 中国民用航空局",2023,10,2023-10-16,2026-09-09
4d19ec622e54bd06d08e9598eebf0250bd6f8b8ba2670a3b609dc266c4da4958,电力需求侧管理办法（2023年版）,"国家发改委, 工业和信息化部, 财政部, 住房城乡建设部, 国务院国资委, 国家能源局",2023,9,2023-10-07,2026-09-09
cd12bd6d420dbd7707aaf8919300a698d97eb8d0090b93a46cdb5117ab83d06b,农业农村减排固碳实施方案,"农业农村部, 国家发展改革委",2022,5,2023-09-06,2026-09-09
a171446597f9336aef786fc2740c6a92b422e8f8d6276a9d66953cad55eabbce,绿色食品产业“十四五”发展规划纲要（2021-2025年）,中国绿色食品发展中心,2021,11,2023-09-06,2026-09-09
290514c71815f21a66108155908a5e9014c306988b36d9c399b5e41fef94defa,关于深化气候适应型城市建设试点的通知,生态环境部等部门,2023,8,2023-08-28,2026-09-09
06d81daed10569aa0b864ea0b371363516d4b5630b0dd7221ac992696256c548,绿色低碳先进技术示范工程实施方案,国家发展改革委等部门,2023,8,2023-08-25,2026-09-09
30ffe42401680d2ff93eaaca20c822baa2088cc456baddf74cc9e487f426a705, 中丹绿色联合工作方案（2023－2026）,中国政府,2023,8,2023-08-22,2026-09-09
30dc9d0ec29a98113ea17f87ed59f2f7c9b161405eef6ee8bda260a423748e5e,关于促进退役风电、光伏设备循环利用的指导意见,国家发展改革委等部门,2023,7,2023-08-17,2026-09-09
ca82f3670274186d2f645b1104524f4d7ff88822e266dce1b58a7b70bdf9b5a0,“十四五”城镇污水处理及资源化利用发展规划,"国家发展和改革委员会, 住房城乡建设部",2021,6,2023-08-08,2026-09-09
43d1c0c8ebf60dbda8c417c4337e26b81b162883c0c1d3ac938e4ddaef35a3b4,关于做好可再生能源绿色电力证书全覆盖工作促进可再生能源电力消费的通知,"国家发展和改革委员会, 财政部, 国家能源局",2023,7,2023-08-04,2026-09-09
fe156431660fd2f293669a4688ca40ca51c3266dde49c4ca1a8f518d7eff0501,关于推动现代煤化工产业健康发展的通知,国家发展改革委等六部门,2023,7,2023-07-28,2026-09-09
f5adc65a1633e1561e96d896665c6ec4a060f847e1f7b868bb56b4f105fb2f86,乘用车企业平均燃料消耗量与新能源汽车积分并行管理办法（2023修订）,工业和信息化部,2023,7,2023-07-26,2026-09-09
5f0a5fc5103000cc2906154660e0cba2e2e086b203ec2d6d006270e065c3e765,关于组织开展煤矿瓦斯高效抽采利用和煤层气勘探开发示范工作的通知,国家能源局,2023,7,2023-07-13,2026-09-09
c8e154a1fb0b60e24cfa7a3a128436080109a0395f9f9314c492e913af832d3f,关于修改乘用车企业平均燃料消耗量与新能源汽车积分并行管理办法的决定,工业和信息化部,2023,6,2023-07-07,2026-09-09
8bfa8a25a8c6f8d6c309b9f7a5d076d6857ef7662eb77c0856fea98f74a893a6,工业重点领域能效标杆水平和基准水平（2023年版）,"国家发展和改革委员会, 工业和信息化部, 生态环境部, 市场监管总局, 国家能源局",2023,6,2023-07-07,2026-09-09
5eead3bc41e1166fa7bed020261649c4c2c5a99ff38cdf729d39102534fcd470,关于进一步构建高质量充电基础设施体系的指导意见,国务院办公厅,2023,6,2023-06-20,2026-09-09
8be87800dc0a2be2ebe2f07be3089e0129d9dda543af4d1cd7625ff788c4fe5f,关于金融支持全面推进乡村振兴 加快建设农业强国的指导意见,"中国人民银行, 国家金融监督管理总局, 证监会, 财务部, 农业农村部",2023,6,2023-06-19,2026-09-09
2aabff4a146d9879db0f2bab60f51357a016d436fbb6bc177665b1931369d0c5,国家能源局综合司关于印发开展分布式光伏接入电网承载力及提升措施评估试点工作的通知,国家能源局,2023,6,2023-06-14,2026-09-09
5a35d9d4406b3b7528c5b6837d2eeb838887076eee626554d2d2bdcf56a5e2b1,公民生态环境行为规范十条,生态环境部等五部门,2023,5,2023-06-09,2026-09-09
d9b74bedd852cc455261ce26011561fe365e082438e915bffeddca6fa637f361,关于加快推进充电基础设施建设 更好支持新能源汽车下乡和乡村振兴的实施意见,"国家发展和改革委员会, 国家能源局",2023,5,2023-05-17,2026-09-09
387a1310264dcb9b14e45f2415243a03d244c4bba6f336318b1c1b549b0c0b3c,碳达峰碳中和标准体系建设指南,国家发展改革委等部门,2023,4,2023-04-28,2026-09-09
879c0092e585092c9ededcf6664f03667ade527997d10ff44f95966992a57913,中国－巴西应对气候变化联合声明,生态环境部,2023,4,2023-04-17,2026-09-09
c2254f74380bdbd51d2d879be0fefdeaa6c72b12889a64c0bc6c16137b4d9a6c,关于完整准确全面贯彻新发展理念 为积极稳妥推进碳达峰碳中和提供司法服务的意见,最高人民法院,2023,2,2023-04-10,2026-09-09
0b4d23fb876c5b321b8fd80393752cd0215458c590388b65f94f0fecc6952fab,“十四五”住房和城乡建设科技发展规划,住房和城乡建设部,2022,3,2023-04-10,2026-09-09
bd09026bb8728dcad8187383aab9259777e8ee24fb63715667b03f92b66a1cb7,高耗能行业重点领域节能降碳改造升级实施指南（2022年版）,"国家发展和改革委员会, 工业和信息化部, 生态环境部, 国家能源局",2022,2,2023-04-10,2026-09-09
1d1a383243c029232971259b4b9509590bafcfd1eca7142c2c6e639fc71f5d50,加快推动工业资源综合利用实施方案,工业和信息化部,2022,1,2023-04-10,2026-09-09
17b9bfca634f6c7e7528713624a7acb26abea0d7a3eb130b8975c3f2498be4b5,“十四五”工业绿色发展规划,工业和信息化部,2021,11,2023-04-10,2026-09-09
12ef448db29c270d4c7ff039f8d2f10e8fbb90e4ff2956ab626b6ef3a3cb40e2,关于支持光伏发电产业发展规范用地管理有关工作的通知,"自然资源部、国家林业和草原局, 国家能源局综合司",2023,3,2023-03-29,2026-09-09
e76f8c04684b1e92dffa5a18e2a8d40a430221ce6241a7db0fb04d7b0de62204,加快油气勘探开发与新能源融合发展行动方案（2023-2025年）,国家能源局,2023,2,2023-03-29,2026-09-09
c479d373129b6a3c7acd96fb143786ef9130750bc1d7ac28c6a2b69f8ba604a1,国家发展改革委 市场监管总局关于进一步加强节能标准更新升级和应用实施的通知,"国家发展和改革委员会, 市场监管总局",2023,3,2023-03-20,2026-09-09
3760a5dbbbf998642e11e9bfb9daecb9dc97ec647795de18119a362da7fda7aa,碳排放权交易管理办法（试行）,生态环境部,2020,12,2023-03-20,2026-09-09
183e8c5403b5f30cd4fb25cecce9bb307998f25258a739552a78eaf24678338f,全国碳排放权交易市场建设方案（发电行业）,国家发展和改革委员会,2017,12,2023-03-20,2026-09-09
88e3cf0ba2db3cbacd3bbdf5017ebd5db38d78cf06b69f0045840c841fd9e1d0,国家发展改革委等部门关于统筹节能降碳和回收利用 加快重点领域产品设备更新改造的指导意见,国家发展改革委等部门,2023,2,2023-02-24,2026-09-09
2296945dedcc202542c10ce7a5cc7e87d969a30208f75d38036eacfdfd91c331,国家标准化管理委员会关于印发《2023年国家标准立项指南》的通知,国家标准化管理委员会,2023,2,2023-02-24,2026-09-09
a856880303305943c2b24ad088b0ab2c0efd1a7ca4f6880d9ce5021fc172dd01,质量强国建设纲要,中共中央、国务院,2023,2,2023-02-13,2026-09-09
b5b2708f9e3e60095605fcc879390a1b710bcdea0e8c79f66845d795171c3184,关于引导服务民营企业做好碳达峰碳中和工作的意见,中华全国工商业联合会,2022,1,2023-02-08,2026-09-09
fa528657d90573ab31dce3d9d022b26a97da40fcc282ff7e13db02c528dd1e63,关于组织开展公共领域车辆全面电动化先行区试点工作的通知,工业和信息化部等部门,2023,2,2023-02-06,2026-09-09
b1f97d8f6d438effbaac47e4b2185f82a870f014677e0e1e2f0b8e8a3c42ac5b,关于推动能源电子产业发展的指导意见,工业和信息化部等部门,2023,1,2023-01-17,2026-09-09
f9fa3d5d1d431522ea8dfd5de311b155d04cceff2b89b11265f0e333cb13da0f,关于进一步做好电网企业代理购电工作的通知,国家发展改革委办公厅,2022,12,2023-01-11,2026-09-09
e1bed4210d153821d6f9ebb71e360965b594ff76b830da7c12dfca8ac34d481b,关于进一步完善市场导向的绿色技术创新体系实施方案（2023—2025年）,国家发展改革委等部门,2022,12,2022-12-27,2026-09-09
470c7dc96bc1e692bd45cbf6f220c61773333bafc8eca018b08ca8084b323357,关于做好2023年电力中长期合同签订履约工作的通知,国家发展改革委 国家能源局,2022,12,2022-12-25,2026-09-09
00c8e084620d44f9ce464270bd694fec60cab572120a17eb5541c7cdd676f952,抽水蓄能中长期发展规划（2021-2035年）,国家能源局,2021,9,2022-12-25,2026-09-09
28a2cacb30c6a9aaba6026e30977a4b249dfb6fe39fb4d8b385a328a4a9a91b0,扩大内需战略规划纲要（2022－2035年）,中共中央、国务院,2022,12,2022-12-14,2026-09-09
095f6137fca816715d899dddd3114289e0df7607abf65b2b035c9de77a596e06,“十四五”现代物流发展规划,国务院办公厅,2022,12,2022-12-14,2026-09-09
0979bb6d033b5eb648aaecfec3cf9679e742ecc20ecc1e3e982b7483c822c1ed,国家工业和信息化领域节能技术装备推荐目录（2022年版）,工业和信息化部,2022,11,2022-12-02,2026-09-09
310ccd2fb91334deb26ddc35bf08ac9c89e17b135b17157e0cc99b288ee8fbd8,到2025年化肥减量化行动方案,农业农村部,2022,11,2022-12-01,2026-09-09
8edcd4c836e1bb7851553bc62ce5e3a5fe16e56e5a0d53ad0ccbf42604551d51,船舶能耗数据和碳强度管理办法,海事局,2022,11,2022-11-27,2026-09-09
eb85ff14f3ebb9ee9479f2f1a4734682183fffeaa1c31d338dd1c4cff6d9ff8a,气候投融资试点地方气候投融资项目入库参考标准,生态环境部办公厅,2022,11,2022-11-22,2026-09-09
de6e9c65022cd1c45e9c39826f2dd2bb6d9592835731d1bb95d511ecd208cd3a,深入打好重污染天气消除、臭氧污染防治和柴油货车污染治理攻坚战行动方案,生态环境部等部门,2022,11,2022-11-17,2026-09-09
133217dfde8bd1ba7b0d834dcb14be7201b305100625d87d6c0fc61d9cfa9685,重点用能产品设备能效先进水平、节能水平和准入水平（2022年版）,国家发展改革委等部门,2022,11,2022-11-16,2026-09-09
b78dd94cb38cb437ac841229334943299c63533fb9a296f21a698dc460a58660,关于进一步做好新增可再生能源消费不纳入能源消费总量控制有关工作的通知,国家发展改革委等部门,2022,11,2022-11-15,2026-09-09
1b38e343b2978ae5c9d45638df3345706e8ba58edca283c8f8f6dfd8c269a732,有色金属行业碳达峰实施方案,工业和信息化部等部门,2022,11,2022-11-14,2026-09-09
7f94ae15dbdd9319a674fba6367aad82923d5e6484bbd0379047917578f582eb,中国落实国家自主贡献目标进展报告（2022）,生态环境部,2022,11,2022-11-13,2026-09-09
f56ef9b29170712b203b33f1bcd8d08b08ab6e288b07cbd37c80082f80715321,建材行业碳达峰实施方案,工业和信息化部等部门,2022,11,2022-11-07,2026-09-09
70a7fb2ded091e339b4e10f46bf11914081b6a8998e9693272b4b5f07517d12d,“十四五”生态环境领域科技创新专项规划,科技部等部门,2022,9,2022-11-03,2026-09-09
749b7356fd20ad4d5e2718db89cc56282809a51196d27367f47f7a11ca3e546f,建立健全碳达峰碳中和标准计量体系实施方案,市场监管总局等部门,2022,10,2022-10-31,2026-09-09
33dd107005a7e3293f1006a7d521ea6baa4d8277cef583fe51274efebc1b005b,关于进一步做好原料用能不纳入能源消费总量控制有关工作的通知,国家发展改革委等部门,2022,10,2022-10-31,2026-09-09
bc6f122b68015049664e6a4fbb6b42329f7213086070835deda3f2c9387a1e63,促进光伏产业链健康发展有关事项的通知,国家发展改革委办公厅等部门,2022,9,2022-10-30,2026-09-09
5e77fd07cae7e60fc5c68de2fb265d75e18e59b8f225c30330727263f4ba5a35,能源碳达峰碳中和标准化提升行动计划,,2022,9,2022-10-08,2026-09-09
26f28190370de9a7595d526150f0952cdae77ec48dbdccb2b7300c57dbf645a9,关于加快内河船舶绿色智能发展的实施意见,工业和信息化部等部门,2022,9,2022-09-29,2026-09-09
23978de5046a242a21048a3687d42aec7baa802e9d4051f180893faa0ed062c2,污泥无害化处理和资源化利用实施方案,国家发展改革委等部门,2022,9,2022-09-29,2026-09-09
e50010571fadfb98f2b99136667d88b6210984bc77c2e8d31718fd30d09c41f1,建材工业“十四五”发展实施意见,中国建筑材料联合会,2022,9,2022-09-25,2026-09-09
db759a95fc40149b5cb64db495145dd182e44e2cba4dfe9ddfdd5ff7813a22f9,对外投资合作绿色发展工作指引,商务部等部门,2021,7,2022-09-25,2026-09-09
bd8e68dd1e1485ba58242855fa84169e6f8dad9fe33127da282dbd093c1951ff,关于进一步提升煤电能效和灵活性标准的通知,国家能源局综合司等部门,2022,8,2022-08-29,2026-09-09
d357848753556c4afe5643d13382f30816c057e5c513a63970d85ad3df86f088,加快电力装备绿色低碳创新发展行动计划,工业和信息化部等部门,2022,8,2022-08-28,2026-09-09
ada438820a8e84b09ed9e60a61e51c9acd11520cbfcc5270ad7d103abdc72f67,信息通信行业绿色低碳发展行动计划（2022-2025年）,工业和信息化部等部门,2022,8,2022-08-25,2026-09-09
78768031a75d09000e7086f7aee35576671db8d91032363ff3cc857eefb7ef6f,加快推进公路沿线充电基础设施建设行动方案,交通运输部等部门,2022,8,2022-08-24,2026-09-09
6e80485c25cd38f0b081d3a6f91d7ce712042780c87acf3ef5360b8c225c254b,关于促进光伏产业链供应链协同发展的通知,工业和信息化部办公厅等部门,2022,8,2022-08-23,2026-09-09
c53d42ac910422da0ace3412c192c7532881aac70cfcb37823d6038d9da64150,关于加快建立统一规范的碳排放统计核算体系实施方案,国家发展改革委等部门,2022,4,2022-08-18,2026-09-09
c98725ddb3744b56e6efbde303258c137cbc326e687f8e5636f56c59696d1078,科技支撑碳达峰碳中和实施方案（2022-2030）,科技部等部门,2022,8,2022-08-17,2026-09-09
413c5543ada01624cc6c2eeee755a26087989b333da781904552ccbd17967030,关于公布气候投融资试点名单的通知,生态环境部等部门,2022,8,2022-08-09,2026-09-09
b6c36eba77f08f36ff1b446aae11803e14a2f202584048f646bfa20f1979141a,中央企业节约能源与生态环境保护监督管理办法,国务院国有资产监督管理委员会,2022,8,2022-08-04,2026-09-09
79ebafede3691a31a64539424ec334c5a2802026a9be4ae1adcecb0d57227dd2,焦化行业碳达峰碳中和行动方案,中国炼焦行业协会,2022,8,2022-08-03,2026-09-09
aa9e22d9fba38a5509cf171fde7c25cc5e8455152c688e5ba5016c800580fa35,工业领域碳达峰实施方案,工业和信息化部等部门,2022,7,2022-07-31,2026-09-09
12230eb61b0ddac1ac7e18dd7193524c6f53ffa4f3bf3ce01ace1980cd4cffcb,城乡建设领域碳达峰实施方案,住房和城乡建设部等部门,2022,7,2022-07-12,2026-09-09
be7f74615a69caecfe681b568d52075d6196db5e266c8d725c88bc8a3a0b2e33,关于搞活汽车流通 扩大汽车消费若干措施的通知,商务部等部门,2022,7,2022-07-06,2026-09-09
6572eeca2262e33d784bdf0d060007e8d0e8cf7cf023efed55c8e079cc4fd728,中国清洁发展机制基金管理办法,财政部等部门,2022,6,2022-07-03,2026-09-09
de12b4fa65938efb815cd344a9d57bd97574740683589fd1a99591467753c5c9,绿色交通“十四五”发展规划,交通运输部,2021,10,2022-07-03,2026-09-09
758cd775acc8cd6f50c490d237c4d96827abe224b2e9fe318d8bdbee2fe74ac7,工业能效提升行动计划,工业和信息化部等部门,2022,6,2022-06-28,2026-09-09
9c891494e3a4af235516c1ef17b364a69fcfbafe562040cfb0b60706747d0d5d,交通运输部等贯彻落实《关于完整准确全面贯彻新发展理念做好碳达峰碳中和工作的意见》的实施意见,交通运输部等部门,2022,6,2022-06-24,2026-09-09
78f6c93b37d69b5bbd9ebe6f6608edcff870df53b637b5ff28f0ad8fe20e3ee4,工业水效提升行动计划,工业和信息化部等部门,2022,6,2022-06-23,2026-09-09
14aadbbccdbace1abc238e5a55cb025d0f1e18869b07d955721196e071f5e8c7,减污降碳协同增效实施方案,生态环境部等部门,2022,6,2022-06-19,2026-09-09
479c7fefec1c7caac2a74afade15ef3a4f2eb9d3884530bb7078e6a93c275e86,关于推动轻工业高质量发展的指导意见,工业和信息化部等部门,2022,6,2022-06-16,2026-09-09
af18118663b3cf90046628aea1a5fc372a1f24abf497897d2a3e9ebf291b638b,国家适应气候变化战略2035,生态环境部等部门,2022,5,2022-06-12,2026-09-09
35f3b0f5e726d4773e25f35c84810c00645e0ae63fadd6300c355fa9c945e98d,关于进一步推动新型储能参与电力市场和调度运用的通知,"国家发展改革委办公厅, 国家能源局综合司",2022,5,2022-06-06,2026-09-09
301559174280a2fbdf9f6233598c97a3e851572ecf681e28a15f8e6a48cf8601,中国银保监会关于印发银行业保险业绿色金融指引的通知,银保监会,2022,6,2022-06-01,2026-09-09
dbe244e65adb05354d491ec4298d1655281b41dc139f3def904dceacfba9c700,支持绿色发展税费优惠政策指引,国家税务总局,2022,5,2022-06-01,2026-09-09
1019693b3f455811c9d6e671f30c69af669351ba58769c6036f33573d01d3d20,“十四五”可再生能源发展规划,国家发展改革委等部门,2021,10,2022-05-31,2026-09-09
da7905fdf71935c67e1d27c4b38a2a70b94554ec31df59e993122388e12a54de,关于促进新时代新能源高质量发展的实施方案,国家发展改革委 国家能源局,2022,5,2022-05-29,2026-09-09
6f3b995bfd3fee85322c1f351672ee5a30b208498e955d086788b3bda8a13aa4,财政支持做好碳达峰碳中和工作的意见,财政部,2022,5,2022-05-29,2026-09-09
3b7c2b3c9635037996e653ad251e289dfb4f91225ccfdd30cffd19309a4fbb3b,乡村建设行动实施方案,中共中央办公厅、国务院办公厅,2022,5,2022-05-23,2026-09-09
031c9144412df52dd036ea4461b2ffd96289e5a2f69bdcce3b658f2cdc3122c5,新污染物治理行动方案,国务院办公厅,2022,5,2022-05-23,2026-09-09
6c5aa3863bc9ef6236dec1f74bc42b8639e8b4503532ff9c6c7e7a2698910435,“十四五”生物经济发展规划,国家发展改革委,2022,5,2022-05-09,2026-09-09
33a3021632fc115846516cf913609ce9a79685da4a059b7bc4b60949cf0daae8,煤炭清洁高效利用重点领域标杆水平和基准水平（2022年版）,国家发展改革委等部门,2022,4,2022-05-09,2026-09-09
86650b6ce52e7baad685a2c26900e6d7c6671b9e4fc62964c41c7f63061e6280,电力可靠性管理办法（暂行）,国家发展改革委,2022,4,2022-04-25,2026-09-09
a577a35bc15d8ff0516c6b96a18981ba33c8055553765037a64ddf10ddbdbe92,关于加快推进冷链物流运输高质量发展的实施意见,交通运输部等部门,2022,4,2022-04-11,2026-09-09
e117015c1516466ed0d71939b88abafab48f26204a5b05c8c73769972965acfc,关于加快推进废旧纺织品循环利用的实施意见,国家发展改革委等部门,2022,3,2022-04-11,2026-09-09
3ceb23c43500d2800857397b9735f235bb7a9fb2b6a7c2ece5547f2f780ea4fe,关于加快推进城镇环境基础设施建设指导意见的通知,国家发展改革委等部门,2022,1,2022-04-10,2026-09-09
f69f9be761f2533b60c4261cb58b94df982454b14f3dc19abb7a6ac5147e4d61,关于“十四五”推动石化化工行业高质量发展的指导意见,工业和信息化部等部门,2022,4,2022-04-06,2026-09-09
7c4600bfa7f98b8dd065d030315604be09947b148e4560e1f8ff2a5bc728d5e3,“十四五”能源领域科技创新规划,国家能源局 科学技术部,2021,11,2022-04-01,2026-09-09
93d7214b6be4143a5bd3403cdd7dac82d8accb03114b275154fb70e66081c99d,“十四五”市场监管科技发展规划,市场监管总局,2022,3,2022-03-31,2026-09-09
213e500183396dc9c891182c91702a55887edad38b5c79b0ba6ff35c8ce0cd20,2022年能源工作指导意见,国家能源局,2022,3,2022-03-28,2026-09-09
8f5398837250c56f4cc90791a334de81690c8f62d904daa87bf3b324da3471bf,关于推进共建“一带一路”绿色发展的意见,国家发展改革委等部门,2022,3,2022-03-28,2026-09-09
25c0f4412b8b4fb5d5081b34dc2b8d9783a039473c5f8bde5840e7267b0f8127,中华人民共和国反食品浪费法,全国人大,2021,4,2022-03-25,2026-09-09
164c94fc498b7d5e28723c592b215943e86c8f6c1e2b66fe8660ec471c41a4ff,耕地质量保护与提升方案,原农业部,2017,12,2022-03-25,2026-09-09
6953a3ee395df449516b7bc44f1e675ad4b16f0ded3b921ed6614b39de3781aa,关于加快发展冷链物流保障食品安全促进消费升级的意见,国务院办公厅,2017,4,2022-03-25,2026-09-09
e8b053e1975c52ca2056038558cd84ef4cb17070ac2b34548a7e42d3f87656bd,关于加快我国包装产业转型发展的指导意见,"工业和信息化部, 商务部",2016,12,2022-03-25,2026-09-09
06b2395c31e1072968c9aa64f678bfcbfcee9989bd876939b574383894daeb89,氢能产业发展中长期规划（2021-2035 年）,国家发展改革委 国家能源局,2022,3,2022-03-22,2026-09-09
428601cf5b121e464229e863ab79fc42cd46e4259d31667805dacc6fb5939839,“十四五”现代能源体系规划,国家发展改革委 国家能源局,2022,1,2022-03-21,2026-09-09
47dcc48e0e2cd7bcfa13031e6a80acced09e5e20106127920decc5ee7aee2f21,“十四五”新型储能发展实施方案,国家发展改革委 国家能源局,2022,1,2022-03-20,2026-09-09
e09f75bae76afb34c6a34f6c7e7dee90cfb2c0d3b224bc18cf00da5b1eb44087,城市绿色货运配送示范工程管理办法,,2022,3,2022-03-17,2026-09-09
0ebb7950d045a7f41dc05e545c27c6e4c20e8a9fb7805d026b0dbd30762b00e2,2022年新型城镇化和城乡融合发展重点任务,国家发展改革委,2022,3,2022-03-17,2026-09-09
61bc7dfe35af13ac0e3a5d3ad0ab22b56a35b354547ff6b4464034cf65b10c04,交通强国建设评价指标体系,交通运输部,2022,1,2022-03-17,2026-09-09
7631259949fb26d2a9244e0834c43e965bb2def50836117a00fe2f59e9fc5508,关于做好2022年企业温室气体排放报告管理相关重点工作的通知,生态环境部办公厅,2022,3,2022-03-14,2026-09-09
ea1c5e8bcf7d3581b897b721019a198e32106b0580feb9f806f8b8663f218d14,“十四五”建筑节能与绿色建筑发展规划,住房和城乡建设部,2022,3,2022-03-11,2026-09-09
6942f86ccec12d0ec46c61a9a227a335daf61ee5534f030062240c646519c8b8,关于印发促进工业经济平稳增长的若干政策的通知,国家发展改革委等部门,2022,2,2022-02-25,2026-09-09
c432a386b02e506a52fd83243b29e819c46a6c0383f2c5d71e06822ab2e3f48e,关于印发“十四五”推进农业农村现代化规划的通知,国务院,2022,1,2022-02-15,2026-09-09
cf42f7229c5ad0a418526fb58485133736477f0810c0f6ac69b8503b728aa42a,关于发布高耗能行业重点领域节能降碳改造升级实施指南（2022年版）的通知,国家发展改革委等部门,2022,1,2022-02-11,2026-09-09
05aa9117a5e81c509328d654dcd495ee1f77e6ab713130290bdcee0e1d24958d,关于完善能源绿色低碳转型体制机制和政策措施的意见,国家发展改革委 国家能源局,2022,1,2022-02-09,2026-09-09
5f4cc2d0b36dc8757afa2f4de6a6c40501d55e96ad945d197066b16c939d3515,关于促进钢铁工业高质量发展的指导意见,工业和信息化部等部门,2022,1,2022-02-07,2026-09-09
86f0f2622a5abaf3ab803ada7f42edc1687e197348dc405c324623040092976f,计量发展规划（2021—2035年）,国务院,2022,1,2022-01-28,2026-09-09
b528d5ff0a33839456f7072a479a54b5ef354e6b9feed40deb7086ded4e36cd3,关于加快建设全国统一电力市场体系的指导意见,"国家发展改革委, 国家能源局",2022,1,2022-01-27,2026-09-09
a09caeb958a56a5e3a070d42f73d3218a95ec9e0c99c8efe93e48c09fe2b3337,“十四五”建筑业发展规划,住房和城乡建设部,2022,1,2022-01-25,2026-09-09
3eb722b826d7c03226a08e0578a1b4375380e157b9b165f885b6c4affc4c945f,2022年能源监管工作要点,国家能源局,2022,1,2022-01-24,2026-09-09
4a6c39e59e206dc4e53a16510a72381c64aeb437180e8e6ace272242af3cc0ec,全国沙产业发展指南,国家林业和草原局,2022,1,2022-01-23,2026-09-09
b3215e3d7eb4b983ea42b98fc15a40d81a4dfef43f7e9f3c85587c1b70624b04,“十四五”节能减排综合工作方案,国务院,2021,1,2022-01-23,2026-09-09
6608bb5bad978dd531c1661078a7c975671cb9ccdef5f7ed0c2c43ee2cb9d4df,促进绿色消费实施方案,国家发展改革委等部门,2022,1,2022-01-20,2026-09-09
891bd0f4e32abacec8bf9c938e3b17167cf295dd612755fd5b0901bb143782b3,关于进一步提升电动汽车充电基础设施服务保障能力的实施意见,国家发展改革委等部门,2022,1,2022-01-20,2026-09-09
4f58f0cf5d029d81352831d0a30856ca2e1e7b1c8d6cfb8bc8b4d2f2e6ac7cbe,关于加快废旧物资循环利用体系建设的指导意见,国家发展改革委等部门,2022,1,2022-01-20,2026-09-09
420db8203deff27366b7a7dadc2945576ee7db0a9f750320c0e6d4698e9b364f,“十四五”现代综合交通运输体系发展规划,国务院,2021,1,2022-01-19,2026-09-09
75d34638362f294776cc56bf5be8a1c31140888bd5d577735198831fed7d2845,“十四五”全国种植业发展规划,农业农村部,2021,1,2022-01-14,2026-09-09
e34e2b3272aabd8a61e0438c5530f4e55aef5e3fc9ae44b4d7f76e8527c8142e,对外投资合作建设项目生态环境保护指南,"生态环境部办公厅, 商务部办公厅",2022,1,2022-01-13,2026-09-09
5df824907bfe37524afa4d873ba55534d466fdb61a50023011207cde680c4992,“十四五”数字经济发展规划,国务院,2021,1,2022-01-12,2026-09-09
221c0ec1393e1fda6fc3eeff861ddf436bed6866706de0780678cc70649a3a62,关于启动新一批燃料电池汽车示范应用工作的通知,财政部等部门,2021,1,2022-01-11,2026-09-09
2c34a09c33e612f53f9582eed78921cf57820ea221c294cce6b0910ada9e652f,企业环境信息依法披露格式准则,生态环境部,2021,1,2022-01-10,2026-09-09
b38905c26767a929b133ea4be79fb11cc91f530bada9eb70b16f052305e2c074,推进多式联运发展优化调整运输结构工作方案（2021—2025年）,国务院办公厅,2022,1,2022-01-07,2026-09-09
418ab1e212fffb906d17aba8412ef9a0d758664ad5eb716dbd2961cff992df1e,关于2022年新能源汽车推广应用财政补贴政策的通知,财政部等部门,2021,1,2022-01-07,2026-09-09
e884312f00b191e7d2cf9c55139448468595b3b50bb2106fe558abe8197f2d3b,工业废水循环利用实施方案,工业和信息化部等部门,2021,1,2022-01-06,2026-09-09
a988dfda4ce825cc7c1cc0f05706af26ec24b736f6b6ba441ec7420264162696,林业碳汇项目审定和核证指南,"国家市场监督管理总局, 国家标准化管理委员会",2021,1,2022-01-06,2026-09-09
b11b693abc50e76c265a9414ad38ed837ae13cc5981533be74391e58ead55a01,关于推动城乡建设绿色发展的意见,中共中央办公厅  国务院,2021,1,2022-01-06,2026-09-09
e4f5e8285ee4c7001bb291c8496b084ffd0d972818c398c2f75127b897dde703,智能光伏产业创新发展行动计划,工业和信息化部等部门,2021,1,2022-01-06,2026-09-09
601a1455bd580c8883b34c94c8aa9275905fcb78217da77b7b8d813808f60bf2,加快农村能源转型发展助力乡村振兴的实施意见,国家能源局等部门,2021,1,2022-01-06,2026-09-09
c30fbb7ce97c740aa2b12f9b891b1956b93c768d377c3d5e032c7449099fb583,关于“十四五”大宗固体废弃物综合利用的指导意见,国家发展改革委等部门,2021,1,2022-01-06,2026-09-09
aa4ca3bcd7ba025e857a6ecc90d2115e3ecafe2ea543a2416227e9948010f211,关于开展大宗固体废弃物综合利用示范的通知,国家发展改革委办公厅,2021,1,2022-01-06,2026-09-09
4bc6dcf197df5f86611351013f3f1bb552c81b728ea7b09da8a93b41e4aaea96,关于加快推进大宗固体废弃物综合利用示范的通知,国家发展改革委办公厅,2021,1,2022-01-06,2026-09-09
21ef7d2ff1c61e9b54cf3504281e78fd837819a19544867e8e36cbf17ac27e69,关于推进中央企业高质量发展做好碳达峰碳中和工作的指导意见,国有资产监督管理委员会,2021,1,2021-12-31,2026-09-09
cbc0902a969a48b388b9dcb1049c2ee586521b712d3593e1ee623fb1be07d71d,关于严格控制第一批氢氟碳化物化工生产建设项目的通知,生态环境部办公厅等部门,2021,1,2021-12-30,2026-09-09
544d6edc07963042e8059820806e1107e8ccce581c73333aa2aa93e61433720e,“十四五”智能制造发展规划,工业和信息化部等部门,2021,1,2021-12-29,2026-09-09
476139bbb825140556119461196fb64ae415f5c515697dc2eeb4425e9101cfbf,资源综合利用企业所得税优惠目录（2021年版）,财政部等部门,2021,1,2021-12-25,2026-09-09
4fde59f7063cda5b1b3503a3b8503dd8233273647cf400201735c630a7b703c4,关于开展气候投融资试点工作的通知,生态环境部办公厅等部门,2021,12,2021-12-24,2026-09-09
6fdc335f4d0b49c3cf70b7bba3dd86ad732bbdb5e12fc8aba2cc1a48335ff735,生态保护和修复支撑体系重大工程建设规划,国家发展改革委等部门,2021,1,2021-12-23,2026-09-09
0b8bfe366d1569d9e442b920d1cc801375478565366bd26e4db7771fa5a1e405,企业环境信息依法披露管理办法,生态环境部,2021,1,2021-12-22,2026-09-09
bd7403cf19577f5bfdbbc7a787ea992662e83249ded601278a4d15829a25a9a4,光伏电站消纳监测统计管理办法,国家能源局,2021,1,2021-12-20,2026-09-09
ee920c09f57e31ae3186bfec061c568b80f0d9c0ed07106e4d748c6f6c44de9d,国家工业资源综合利用先进适用工艺技术设备目录（2021年版）,工业和信息化部等部门,2021,1,2021-12-18,2026-09-09
1cd746e1c79782677c6762cdbf89ec17bd774b602f4a3adccd38bf595324a791,反食品浪费工作方案,国家发展改革委办公厅等部门,2021,1,2021-12-17,2026-09-09
34ed2209126b5fa484d307c66b68c4ca36169ad7020da6c5dd36e20707277ab6,“十四五”推动高质量发展的国家标准体系建设规划,国家标准化管理委员会等部门,2021,1,2021-12-16,2026-09-09
aadacdbd241bee96b7a684420c73013fcf6eeb75792c2217500aa84c89ed46e9,“十四五”时期“无废城市”建设工作方案,生态环境部等部门,2021,1,2021-12-15,2026-09-09
f3a4431150fd0893db23cff7f58722912d49ce719a8776fbe7ff92f0bdbd6812,“十四五”冷链物流发展规划,国务院办公厅,2021,11,2021-12-13,2026-09-09
278e42ff032f4e95f1e6fdd8284ff3957af79b5e2ed4fc48a327c3f4671d8a90,推进资源型地区高质量发展“十四五”实施方案,"国家发展改革委, 财政部, 自然资源部",2021,1,2021-12-13,2026-09-09
ce832a54dc1a4cda9d217729c70c423de41bf9461cdc36f787eb7927f6692c37,贯彻落实碳达峰碳中和目标要求  推动数据中心和5G等新型基础设施绿色高质量发展实施方案,国家发展改革委等部门,2021,1,2021-12-08,2026-09-09
b3233c1c101f73e6b97bfa3ed818a274a75e0d409f1d3bf81b1a3cbb12879290,重点生态保护修复治理资金管理办法,"财政部
    ",2021,1,2021-12-03,2026-09-09
6f6592d980c50200910dd06a8758a6f7f800e28396c82e1e4f3371795f066c20,“十四五”支持老工业城市和资源型城市产业转型升级示范区高质量发展实施方案,国家发展改革委等部门,2021,1,2021-12-02,2026-09-09
e4357f87058300a3ed3994e03bc858d9b922c30c33ee3ec9eeec022b92c94ec2,中美关于在21世纪20年代强化气候行动的格拉斯哥联合宣言,中国政府,2021,1,2021-12-02,2026-09-09
08c6b4f06b6b59b32fe16b2536fe74ee915470f971de21ad3141822ca9715281,中非应对气候变化合作宣言,中国政府,2021,1,2021-12-02,2026-09-09
e558d748845aea8485ecc1779e3d2b30a5a152c38e1a88e45912eb33f072422e,煤炭行业“十四五”老矿区转型发展指导意见,中国煤炭工业协会,2021,1,2021-11-25,2026-09-09
8745d674b3072ddcbd07acbc77e2b5b0096f34d6a027f453045c7765e09c194a,关于印发深入开展公共机构绿色低碳引领行动促进碳达峰实施方案的通知,国家机关事务管理局等部门,2021,1,2021-11-24,2026-09-09
90d307af2c1e95da45a8ce89f7586b40a4cdb1247bff853952db57876d9cf4a0,电机能效提升计划（2021-2023年）,"工业和信息化部办公厅, 市场监管总局办公厅",2021,1,2021-11-23,2026-09-09
b5ad554d0e9a49852a3f104ff3135710611720adcb54d29456be5174a5a09f74,高耗能行业重点领域能效标杆水平和基准水平（2021年版）,国家发展改革委等五部门,2021,1,2021-11-22,2026-09-09
06ef3b71aeff7bd4d9154cedf2aa1d1d286d994a1081d16f26f44f61037bb5e6,综合运输服务“十四五”发展规划,交通运输部,2021,1,2021-11-21,2026-09-09
2579713353cb23480fea2f4832f6206e677770708a3c17c4382c44f244a6c729,关于加强产融合作推动工业绿色发展的指导意见,"工业和信息化部, 人民银行, 银保监会, 证监会",2021,1,2021-11-19,2026-09-09
ccf7fcbc668b13bff9259c46bd221bd593ef92135e7d25b47e27c28ed841e146,绿色出行创建行动考核评价标准,"交通运输部办公厅, 国家发展改革委办公厅",2021,1,2021-11-18,2026-09-09
49d6355d0d159fa595a65e0a740a048f95eecea224bab36712b564d6be606339,全国煤电机组改造升级实施方案,"国家发展改革委, 国家能源局",2021,1,2021-11-10,2026-09-09
e848ee3d579a7ab7eab75cc26fbebb6b65d054e5af3acffc8f58c31a02449053,“十四五”全国清洁生产推行方案,国家发展改革委等部门,2021,1,2021-11-09,2026-09-09
a571fa71fbfe9f6c11b7ef794b2ba117e2fd99fbf86ab4b4874508e3f8f98db3,“十四五”全国农业绿色发展规划,"农业农村部, 国家发展改革委, 科技部, 自然资源部, 生态环境部, 国家林草局",2021,1,2021-11-02,2026-09-09
6200be717786b0b74bbf6de610cb1af69ae12774c8558b70079b9e3e2b72c52c,关于完整准确全面贯彻新发展理念做好碳达峰碳中和工作的意见,"中共中央, 国务院",2021,1,2021-11-02,2026-09-09
c13f12016e6fa809b4278e916c42b1049cbda01189b1ef4a649ce88732072a4c,中国落实国家自主贡献成效和新目标新举措,中国政府,2021,1,2021-11-02,2026-09-09
4071e91eaaa653c2c03c4e5396ea86f21a18162050a9b6a8d9f2ae93985e3408,中国本世纪中叶长期温室气体低排放发展战略,中国政府,2021,1,2021-11-02,2026-09-09
2413bbf39ee2fc42f97aace7be03fabbd1ce73921c48a91436623e8499337d98,煤炭工业“十四五”高质量发展指导意见,中国煤炭工业协会,2021,1,2021-11-02,2026-09-09
c7d498d8eac4a1200592a64fb6ad9b3ea687ce2a94910c6b01cd26eba10a6c56,“十四五”林业草原保护发展规划纲要,国家林业和草原局,2021,1,2021-11-02,2026-09-09
5c50718162c13950dcdc05b8903dc8cd0d32d14af21384087216c9e3ddde9d97,关于严格能效约束推动重点领域节能降碳的若干意见,国家发展改革委,2021,1,2021-11-02,2026-09-09
bccd180e6307a9ae2c515a0e47fbe20309e994d6b8df244847f5aefb21d97a86,石化化工重点行业严格能效约束推动节能降碳行动方案（2021-2025  年）,国家发展改革委,2021,1,2021-11-02,2026-09-09
817aa5dc25e5ebe9f96bb80bd5a9b2c924183301b59a1025ac13f109ca872c44,冶金、建材重点行业严格能效约束推动节能降碳行动方案（2021-2025  年）,国家发展改革委,2021,1,2021-11-02,2026-09-09
7ba9506cd40862a0962176006adb35481b0c6c6424dac608084092dfb8d77424,2030年前碳达峰行动方案,国务院,2021,1,2021-11-02,2026-09-09
6587e8f7bda93516e55994e15f79edbc7c0e076afb0403922dbbad9dfa1c013b,数字农业农村发展规划（2019-2025年）,"农业农村部, 中央网络安全和信息化委员会办公室",2020,1,2021-11-02,2026-09-09
d42f4e6248b4bfd8f657a05be6f12fa5803832a4312d2dba051b84bda69660dd,汽车产业中长期发展规划,"工业和信息化部, 国家发展改革委, 科技部",2017,1,2021-11-02,2026-09-09
00a8b583f854543515b85ed3a2ad1065794b8212f985a378f3438624d76ee838,全国农业可持续发展规划（2015—2030年）,农业部等八部门,2015,1,2021-11-02,2026-09-09
d2cd2d7deadedb00a67774d6eec1c9f736e55626b8e664afe0348dcc37c8b687,关于2021年风电、光伏发电开发建设有关事项的通知,国家能源局,2021,1,2021-09-10,2026-09-09
864484c654e4d24714e18e82f9ccb9e3f795afe0066c7ec1bef2da805697fa73,高等学校碳中和科技创新行动计划,教育部,2021,1,2021-09-05,2026-09-09
c26a963d4a5a8b3ed95a0e572314ecbd810fe5d44b0a4925cc3b86571330f660,关于鼓励家电生产企业开展回收目标责任制行动的通知,"国家发展改革委, 工业和信息化部, 生态环境部",2021,1,2021-09-05,2026-09-09
57c40db204bc85932aeccbc445365697b4eec880af147c9075ace7bf8d25ded2,新能源汽车动力蓄电池梯次利用管理办法,"工业和信息化部, 科技部, 生态环境部, 商务部, 市场监管总局",2021,1,2021-09-05,2026-09-09
27e0d0e79bb71c50778dc927fb1f058edee42560f7afcc29b27d1961cd39d938,水泥玻璃行业产能置换实施办法,工业和信息化部,2021,1,2021-09-05,2026-09-09
e0c973928ce5d8b13273503261adcd0f21f1d26cfbe3d64d65d1f89dadf4ef0e,关于加快推动新型储能发展的指导意见,"国家发展改革委, 国家能源局",2021,1,2021-09-05,2026-09-09
c9e1bef77e2663c6d58e1a2b82ed89609b15d449e706828cd59213b7f7f510db,关于鼓励可再生能源发电企业自建或购买调峰能力增加并网规模的通知,"国家发展改革委, 国家能源局",2021,1,2021-09-05,2026-09-09
61ad3bb51b51a02ff76ded31ad4acc1af303de2e5c8755754374b71967a11999,2021年生物质发电项目建设工作方案,"国家发展改革委, 财政部, 国家能源局",2021,1,2021-09-05,2026-09-09
25640b281d164a5208901f65009d60dba783836657f2594ebbb1b5e0481ca23b,“十四五”公共机构节约能源资源工作规划,"国家机关事务管理局, 国家发展和改革委员会",2021,1,2021-08-25,2026-09-09
7ae87b754ebe71f2d4ba7993d3f02361c2b740f468bb3d2fd5084d4026bda47b,乘用车燃料消耗量限值,工业和信息化部,2021,1,2021-08-25,2026-09-09
b0d578b77d64205dad0278b436929f9edcaecdc3699fbb2f93f03dce48c4981f,国务院办公厅关于科学绿化的指导意见,国务院办公厅,2021,1,2021-08-25,2026-09-09
3734950dcf373f62cb4a4a0696b9b8768306db8b95497c5cdd0831a1047baf7d,关于推进电力源网荷储一体化和多能互补发展的指导意见,"国家发改委, 国家能源局",2021,1,2021-08-25,2026-09-09
e22c93ad6d101643d047e352099a71783b39e0f3f3c14417bf15a3e6e5b7ca09,国家能源局关于因地制宜做好可再生能源供暖工作的通知,国家能源局,2021,1,2021-08-25,2026-09-09
552cbc4a572b481adf9a91d6b0fb220ad954bb3ac1f5d5ad58451563945381c8,关于引导加大金融支持力度 促进风电和光伏发电等行业健康有序发展的通知,国家发展改革委等五部门,2021,1,2021-08-25,2026-09-09
ca1fe22cd3aac6f4c838360c8511622fbc652e6d230e4e8c0b0887c8fa922788,清洁能源消纳情况综合监管工作方案,国家能源局,2021,1,2021-08-25,2026-09-09
a1aea34f3e91f4287ac6fe312666bb94f0f177e369898fc2f12281ed8c12fba3,关于2021年可再生能源电力消纳责任权重及有关事项的通知,"国家发改委, 国家能源局",2021,1,2021-08-25,2026-09-09
46b06e2cefeee346a57653b590e9710e3ef2e1771895a9329df48638e57253a3,关于做好新能源配套送出工程投资建设有关事项的通知,"国家发展改革委办公厅, 国家能源局综合司",2021,1,2021-08-25,2026-09-09
fe31951d727cdea7a4bdb939a79ac6dd00a27f5288a28095bbd22b43a86d7ef2,国家综合立体交通网规划纲要,"中共中央, 国务院",2021,1,2021-08-25,2026-09-09
0d5456fbadf7742934fef185e5e528e587ffc097675904ddbd7fa63af47afb9e,关于贯彻实施<中华人民共和国长江保护法>的意见,交通运输部,2021,1,2021-08-25,2026-09-09
637f403570c2dbc141be3e42f27b44f77566f35743cc6a16e2ddf5ec788dcf8f,关于加强草原保护修复的若干意见,国务院办公厅,2021,1,2021-08-25,2026-09-09
0bdaac9ad85a3e0454bc2e3c6da93c5f87a707eba03a09296e86f5d99f357fed,关于政府采购支持绿色建材促进建筑品质提升试点工作的通知,财政部和住房城乡建设部,2020,1,2021-08-25,2026-09-09
f61bf646c8f7702a3024ccd6b1ee5f0281a811074c1fb15c1b1299b4fa5656e5,关于进一步完善新能源汽车推广应用财政补贴政策的通知,财政部等四部门,2020,1,2021-08-25,2026-09-09
3ef66099953f7ca0864dae0c57220403ac92db0eada95dff105714222db582eb,关于开展燃料电池汽车示范应用的通知,财政部等五部门,2020,1,2021-08-25,2026-09-09
de45cae56d04ce44698b4cf05beb63a91c8420f5a1c2c80696a2431eb3484304,新能源汽车产业发展规划（2021－2035年）,国务院办公厅,2020,1,2021-08-25,2026-09-09
29577a1be4a854cc7b7ff059bb1a7e7d882bcb570da7db70f35e0145ad9872c4,清洁能源发展专项资金管理暂行办法,财政部,2020,1,2021-08-25,2026-09-09
c13df5e3268f3f35c23e88f432592c48a23f0b7c0d8421e18b68bd0dd64f399d,完善生物质发电项目建设运行的实施方案,"国家发展改革委, 财政部, 国家能源局",2020,1,2021-08-25,2026-09-09
4e5af3526c29e2db2a1cbb5a8df93cd0c968a94104077a656965df4d4310cdec,关于加快能源领域新型标准体系建设的指导意见,国家能源局,2020,1,2021-08-25,2026-09-09
aeb3a3c63c58b8348e7cc7db190caae4d6b5024e81155c5ae6f1576bf8e870e2,关于加快推进可再生能源发电补贴项目清单审核有关工作的通知,财政部,2020,1,2021-08-25,2026-09-09
f8611bfbd6bb15f1114fb15661f19075ea21780f3cd10d67873525c73ebf11c0,2020年能源工作指导意见,国家能源局,2020,1,2021-08-25,2026-09-09
376a82a4574e8836a3a9a805a22a75d6d00e74bdf61660ddf99233162970ac8b,交通强国建设纲要,"中共中央, 国务院",2019,1,2021-08-25,2026-09-09
d38c7cc82ec8b16e56e803e2caf35323a242ed901f804a24a1310ba5ae21a770,提升公民生态文明意识行动计划,生态环境部等六部门,2021,1,2021-08-21,2026-09-09
126bb6285aaf157d08d2213283f3edd1a940746efef18a26888c35344f0c3c2e,关于加强企业温室气体排放报告管理相关工作的通知,生态环境部办公厅,2021,1,2021-08-21,2026-09-09
f1ed3c89a7664c0d40648c96aa0b9b01f0e1a991b8072347ff9a2b903d702057,“十四五”循环经济发展规划,国家发展改革委,2021,1,2021-08-21,2026-09-09
83a58f3dceebc009ac26c6b09b15d87e19ef6f3fef7c704fe4117b099aec61dd,关于钢铁冶炼项目备案管理的意见,国家发展改革委,2021,1,2021-08-21,2026-09-09
804c24fa6375549e9cddaa5f555e372aaa5cf7da6254ccdc507908873e6ec712,钢铁行业产能置换实施办法,工业和信息化部,2021,1,2021-08-21,2026-09-09
c5e84f0777f0df22a1c0e59e403add5df7bd575ceae2a3ad2823235cc0655398,关于加强自由贸易试验区生态环境保护推动高质量发展的指导意见,生态环境部等八部门,2021,1,2021-08-21,2026-09-09
9cae94db4e439a7723c909babfb9af97e7f59ea7d76f38dc5b3672e468c58ed9,关于加快推动制造服务业高质量发展的意见,国家发展改革委等十三部门,2021,1,2021-08-21,2026-09-09
532a0f27a2669f36a07780a3682384d3509576fbab3fff08747d1cbdad1ab78c,关于2020年风电、光伏发电项目建设有关事项的通知,国家能源局,2021,1,2021-08-21,2026-09-09
023fc54211827bb63535b0d94e24fed846426ac371b8d33cca3e68c9806ba2f8,关于加快推进天然气储备能力建设的实施意见,国家发展改革委等五部门,2020,1,2021-08-21,2026-09-09
51adca5ea7c9ed3fccd9099688289f777325d90f47c0018e675eb572604e9955,关于加强储能标准化工作的实施方案,国家能源局,2020,1,2021-08-21,2026-09-09
8299a59a67e0e49e51151608b672282da080fa37106ba289c00f8a30c8a27e1f,关于促进非水可再生能源发电健康发展的若干意见,"财政部 , 国家发展改革委 , 国家能源局",2020,1,2021-08-21,2026-09-09
525a1c17f5d8403e992021a5ef25d38f22bbb380d0a4bfe951b40478ba6f71f4,可再生能源电价附加资金管理办法,"财政部 , 国家发展改革委 , 国家能源局",2020,1,2021-08-21,2026-09-09
d48fdd9a9cf1c8cd33dae9ee1ad3d1eed21b8592216c1ad3930173bcb2c8a417,关于2020年光伏发电上网电价政策有关事项的通知,国家发展改革委,2020,1,2021-08-21,2026-09-09
a24500103a43c6e1741d487af44c21f3bcf843b8eb0288dc2794d3036db74b92,2019-2020年全国碳排放权交易配额总量设定与分配实施方案（发电行业）,生态环境部,2020,1,2021-08-21,2026-09-09
f610139d349f1f7b2a12b6ad81b5fc3f90cfccf34a061603a49d24b8d0840a21,公民生态环境行为规范,生态环境部等五部门,2018,1,2021-08-21,2026-09-09
6ffe1264884f89dfe652910164b6de4c6c16da72a48be084f859c07abd83fa8c,关于公开征求《碳排放权交易管理暂行条例（草案修改稿）》意见的通知,生态环境部办公厅,2021,1,2021-08-18,2026-09-09
7f971e418e01b90fa31fcd21d484459f5526f787e244fb3ac6e0e3f8599b6820,红树林保护修复专项行动计划（2020-2025 年）,"自然资源部, 国家林业和草原局",2020,1,2021-08-18,2026-09-09
c67340daba7b142929933576f933ce880dfe9c597a24460807b27d1d7163586c,关于促进应对气候变化投融资的指导意见,生态环境部等五部门,2020,1,2021-08-18,2026-09-09
96a5563f88183c4150434f87ed6883dccb66b4405d5e9662cc3c80514ed982a8,关于新能源汽车免征车辆购置税有关政策的公告,"财政部, 税务总局, 工业和信息化部",2020,1,2021-08-18,2026-09-09
7a7f87eda511438c77b02fb22601d8728231f5ad8f0f5c8bf835652bd03366d8,全国重要生态系统保护和修复重大工程总体规划（2021—2035年）,"国家发展改革委, 自然资源部",2020,1,2021-08-18,2026-09-09
306ee087121c04e2ebe717dd6e08c6b2a5550d15e64e337a7319082112759780,天然林保护修复制度方案,"中共中央办公厅, 国务院办公厅",2019,1,2021-08-18,2026-09-09
814f4677bcd5ce7fba4daea95afee235c5babd4da9590c8203b35dad49c7f701,绿色建材产品认证实施方案,"市场监管总局办公厅, 住房和城乡建设部办公厅, 工业和信息化部办公厅",2019,1,2021-08-18,2026-09-09
da74629b0671334b4e3a1de9fbf66f87f414bef49698e72de4fee6c11cef7d59,智慧水利总体方案,水利部,2019,1,2021-08-18,2026-09-09
10cf35da4db32bae9990a0eef826e3584fc30a4bd51e77d7fd2efd34df1ec933,消耗臭氧层物质管理条例,生态环境部办公厅,2023,12,2021-08-16,2026-09-09
753d0f847a083ee32248bb7dc48bb226d36fc0dae2ec09244ae719c58f510d51,统筹和加强应对气候变化与生态环境保护相关工作的指导意见,生态环境部,2021,1,2021-08-16,2026-09-09
2110e7317a75534e8ba19d27e595e493035bab85c046fc1dc7edece928d36b52,关于进一步推进生活垃圾分类工作的若干意见,住房和城乡建设部等十二部门,2020,1,2021-08-16,2026-09-09
ba2d3f170d4ffb50a4783179b6969cf9b9fe1b12ab6c7eefa55e4eef2fa2ca4b,城镇生活垃圾分类和处理设施补短板强弱项实施方案,"发展改革委, 住房城乡建设部, 生态环境部",2020,1,2021-08-16,2026-09-09
9b5bc9ea1da187ad11a8a7b078a404be11417911b6753d014a426850271e2720,绿色高效制冷行动方案,国家发展改革委等六部门,2019,1,2021-08-16,2026-09-09
0a480eaaf9be569856e53c823a328cc7e0b3afe36fb1990fca79be18e2c0af28,国家节水行动方案,"发展改革委, 水利部",2019,1,2021-08-16,2026-09-09
6282846ce2d995f28c087285c610a86ee9f56f92bdb5bbe09416ffe8bc77e20a,智能光伏产业发展行动计划（2018-2020年）,工业和信息化部等六部门,2018,1,2021-08-16,2026-09-09
9d50ce6b1d0d8a79bf7fac20b9f2e8c770d6b757ca384587dd1a455ab3784649,关于构建市场导向的绿色技术创新体系的指导意见,"国家发展改革委, 科技部",2019,1,2021-08-11,2026-09-09
afe7daf2d2188e986cf5f27f91323bfca21ddab34b7e4bd720ca8a564f8eb0ce,关于调整优化节能产品、环境标志产品政府采购执行机制的通知,财政部等四部门,2019,1,2021-08-09,2026-09-09
431752413dfe105280b1dcdefcf1359b17ae8751cb983179126c4a3e9fb29760,推动公共领域车辆电动化行动计划,工业和信息化部,2020,1,2021-08-07,2026-09-09
e572d1dab27f0588de3b46269ca2b64b1a64a3dd719e59a1efee17b85604cdce,绿色出行创建行动方案,"交通运输部, 国家发展改革委",2020,1,2021-08-07,2026-09-09
54c32a9c4267e6cf6e687ad5d5dc0b72f61ae747e65d6b70027b6cd37bd5a5c2,第十四个五年规划和2035年远景目标纲要,国务院,2021,1,2021-08-04,2026-09-09
cc008a9a0a13439e14bf06e24fa3d3e516cf6c47d8cacb5f328f7fd2c95d6d1a,关于做好2020年重点领域化解过剩产能工作的通知,国家发展改革委等六部委,2020,1,2021-08-04,2026-09-09
073e907526208194bcd11acc2e4580f65436efb8aa636469493c87ed4035409e,关于营造更好发展环境支持民营节能环保企业健康发展的实施意见,国家发展改革委等六部委,2020,1,2021-08-04,2026-09-09
939530f29520bd29486d09ffaaf3f066be2dda8174fdf632379473776def5f31,绿色建筑创建行动方案,住房和城乡建设部等七部门,2020,1,2021-08-04,2026-09-09
e8fd9c5e3b11ee3c3da674eb3191f9f35d35ac3ba19f3f86c9ff781ad36f735d,乘用车企业平均燃料消耗量与新能源汽车积分并行管理办法,工业和信息化部等五部门,2020,1,2021-08-04,2026-09-09
67840168ed4e60fa1f59c84cb80e548f3dc9ad8f32a137ee78ca3fca78bf75ce,绿色出行行动计划（2019—2022年）,交通运输部等部门,2019,1,2021-08-04,2026-09-09
413a013fdb5ccc0776b7ccecdbf737031ae5eb5a11d35873c297429b2ec2c4ee,关于支持新能源公交车推广应用的通知,"财政部 , 工业和信息化部, 交通运输部 , 发展改革委",2019,1,2021-08-04,2026-09-09
e99cfbad676f80c0bea7c73d5ff366f565fa6e8a98cd73a45167590d09b31574,关于加快推进铁路专用线建设的指导意见,国家发展改革委等五部门,2019,1,2021-08-04,2026-09-09
12128bf70bd9e013b74d4453573abd62085a35d524f9f08071ba89712b5da3f7,关于开展智能光伏试点示范的通知,工业和信息化部办公厅等六部门,2019,1,2021-08-04,2026-09-09
1adf2df4efee42d67714a0797c5870cfb88ca2bc608239de0a0f98a4cd237235,港口和船舶岸电管理办法,交通运输部,2019,1,2021-08-04,2026-09-09
805b63177af7bf742a04f2f633996eb6b6af45e42b181d88e0afb6d6d73bceb5,“十三五”省级人民政府控制温室气体排放目标责任考核办法,国家发展改革委,2017,1,2021-07-29,2026-09-09
0355d7d46253e704669d356e40e41e4008b4cdc29c33989a0a38431edb2f52b5,“十三五”节能减排综合工作方案,国务院,2016,1,2021-07-29,2026-09-09
404cbe5378f6dc7091ac5a8c6abd66a3b2fa4c1f923f85dfa56f747dd950e89f,“十三五”控制温室气体排放工作方案,国务院,2016,1,2021-07-29,2026-09-09
a3dbde0d1e3c2cf2ad29a0d9e9eebe3e38985c1d054be22fd221fc84d1d56fcb,生态文明体制改革总体方案,"中共中央, 国务院",2015,1,2021-07-29,2026-09-09
b621042820f39fe1a92eea5d1eaa4042d1f3d46609ec13e464986a507a172556,国家应对气候变化规划（2014-2020）,国家发展改革委,2014,1,2021-07-29,2026-09-09
ac5bcd29f248cf9285a82f01b58a1e4542b989375d390e5acb0fba64e6464cff,关于印发《循环发展引领行动》的通知,国家发改委和科技部等14个部门,2017,1,2021-07-28,2026-09-09
635702f840537c05b5260ed98e32513120457862e3813a66fc7de92f1661c410,“十三五”应对气候变化科技创新专项规划,"科技部, 环境保护部, 气象局",2017,1,2021-07-28,2026-09-09
32f98b4f09a4b596ef36bb6a60247e4e511033082cf89f46088c333a9b5508d4,关于加快推进生态文明建设的意见,"中共中央, 国务院",2015,1,2021-07-28,2026-09-09
bb14821413f0e79e1d37ce0a755b6343614530896cfb06271788e01f5e784130,国务院关于印发循环经济发展战略及近期行动计划的通知,国务院 ,2013,1,2021-07-28,2026-09-09
a46be23002d9078aed93f6232e4bc0edfc5b7e2521b6654e001d659aa52565cb,关于加强应对气候变化统计工作的意见,"国家发展改革委, 国家统计局",2013,1,2021-07-28,2026-09-09
fc17484f733ed87021b4cd1863a4bdd8cd41ee0f2a408e6c1fce02949de485f4,关于开展2019年度氢氟碳化物处置相关工作的通知,生态环境部办公厅,2020,1,2021-07-27,2026-09-09
15db727f22dd56b1dfd904bceb6ed7f9b58c48d81f1d28f0f7648005197eac0e,“无废城市”建设试点工作方案,国务院办公厅,2018,1,2021-07-27,2026-09-09
048662b8cd113be93d695f16d8566a6728c49fc09a2bfd649559030085a82e2f,生活垃圾分类制度实施方案,"国家发展改革委, 住房城乡建设部",2017,1,2021-07-27,2026-09-09
9cddb7c9a27d318feb0ba226d653b357ce8cd261574b7cfc016f0716276ab849,国务院办公厅关于加快推进畜禽养殖废弃物资源化利用的意见,国务院办公厅,2017,1,2021-07-27,2026-09-09
c073e8922a383bf1a4ecef8f83d6ac5f00d271503881066e1fb01101fc148c31,关于推进资源循环利用基地建设的指导意见,"国家发展改革委办公厅, 财政部办公厅, 住房城乡建设部办公厅",2017,1,2021-07-27,2026-09-09
5b2adda932393043c732451f2aaa886dc62bb82eec99e3ce302d9fb065796c3c,关于印发气候适应型城市建设试点工作的通知,"国家发展改革委, 住房城乡建设部",2017,1,2021-07-27,2026-09-09
9990793ec822c0d4184c4fefd2bff075e2dcb0fc7c497564956e7e10f2cfbc1e,林业适应气候变化行动方案(2016-2020),国家林业局办公室,2016,1,2021-07-27,2026-09-09
cdb55a2cad73a78e0e91622483902973d86bc19fd3590617cdceaf2cabcfa820,“十三五”全国城镇污水处理及再生利用设施建设规划,"国家发展改革委, 住房城乡建设部",2016,1,2021-07-27,2026-09-09
3886c0ed055a91fcd2f40d22569240a8738a139e76b0121803ee5c8343f9dfd1,“十三五”全国城镇生活垃圾无害化处理设施建设规划,"国家发展改革委, 住房城乡建设部",2016,1,2021-07-27,2026-09-09
02a83c048778e855a4d78653a5771be29bbbc1cbdab4e52da9a08ef58f6942ea,城市适应气候变化行动方案,"国家发展改革委, 住房城乡建设部",2016,1,2021-07-27,2026-09-09
f0351058fdeb4e462c4466212835fb54df6188b2cdd7d5a1629830f53ffa08b1,关于开展低碳社区试点工作的通知,国家发展改革委,2014,1,2021-07-27,2026-09-09
c089dcca3849d645ec624b3625f539e266f52e5f81a4ee4f5506ecf1b97b4bc4,节能低碳技术推广管理暂行办法,国家发展改革委,2014,1,2021-07-27,2026-09-09
bb986e5492ec3a4bef236a1ae80e863c35d38025004916ff52073c37a181f621,关于组织开展国家低碳工业园区试点工作的通知,"工业和信息化部, 国家发展和改革委",2013,1,2021-07-27,2026-09-09
d4823375cc4268effe77a2c144b5cdbc70f8cbeab2f4bcc2833e37114a6b648b,关于进一步加强森林资源保护管理的通知,国家林业局,2013,1,2021-07-27,2026-09-09
32c127bba4246a54d0af35eb76955a2623fc73fcc9a29c0c52fbd9ddb8211738,湿地保护管理规定,国家林业局,2013,1,2021-07-27,2026-09-09
56eab4c9ef855efa531c74b0baf2627223e4a1fc2e606582ac65ebc56b45e200,关于加强碳捕集、利用和封存试验示范项目环境保护工作的通知,环境保护部办公厅,2013,1,2021-07-27,2026-09-09
c9cbda800d194e0f07c59507c6d3b3f143c2758fbdd98c3806d63fb935700e63,国家适应气候变化战略,"国家发展改革委, 财政部等九部门",2013,1,2021-07-27,2026-09-09
dc2adaa55482523b0e7417fff98177f2d8c833b3801a4ccf256a229b535a577e,关于切实做好2019年国土绿化工作的通知,"全国绿化委员会, 国家林业和草原局",2019,1,2021-07-26,2026-09-09
f9caa62368edadb2c5661aa015129fdda2f6a31f1e02edecdb2b2358d84d57c8,关于积极推进大规模国土绿化行动的意见,"全国绿化委员会, 国家林业和草原局",2018,1,2021-07-26,2026-09-09
3eec00db18cb0b9e1cd0cd41c221391aa3387295aba6f97b23f398976b430375,关于提升电力系统调节能力的指导意见,国家发展改革委 国家能源局,2018,1,2021-07-26,2026-09-09
b9fc925018d37ae93ffb54b199f5779e83af23e44f48d900430956ef089b0294,关于印发《林业应对气候变化“十三五”行动要点》的通知,国家林业局办公室,2016,1,2021-07-26,2026-09-09
ea76ccb5bd7a75851af38b699c6747c1ff56f5fb3b331e058aa83c09630cab02,湿地保护修复制度方案,国务院办公厅,2016,1,2021-07-26,2026-09-09
95f0f23ce7da496c1b562dda72872fb495d5784e30592914a45fcc0566c57307,全国造林绿化规划纲要(2016-2020年),国家林业和草原局,2016,1,2021-07-26,2026-09-09
012e5d988180111eac01cb7ae7a78c516e3313642e0b150fa282b1c32e853551,林业发展“十三五”规划,国家林业局,2016,1,2021-07-26,2026-09-09
591e6d8241f329762b0d4fcfc793f99c175ad0f89e0cc769ac8af3fa03fcb8fa,电力发展“十三五”规划,国家发展改革委 国家能源局,2016,1,2021-07-26,2026-09-09
7fd757d7059694223fe32b31fc8e38deaac9b3dfc33e406c8bf18abcbe6c5141,中共中央国务院关于进一步深化电力体制改革的若干意见,国务院,2015,1,2021-07-26,2026-09-09
30fdcd28cc9fa61f8218a145db021fe79c3415222d9d82e75c9790f72bff9ec5,关于推进输配电价改革的实施意见,"国家发展改革委, 国家能源局",2015,1,2021-07-26,2026-09-09
6d925237470e9afa178a03e22757c97c9b959038293defb202d137462926a057,关于推进电力市场建设的实施意见,"国家发展改革委, 国家能源局",2015,1,2021-07-26,2026-09-09
e9021f0a8c63fbcf227928197434cce0216f5c67185f12c585695c5e08b66188,全国造林绿化规划纲要(2011-2020 年),"全国绿化委员会, 国家林业和草原局",2011,1,2021-07-26,2026-09-09
5ff8fc1ec678a524de730cb5dc6ee82195e7747155d99ada6a22aca7ce2aed7e,北方地区冬季清洁取暖规划(2017-2021),国家发展改革委等十部门,2017,1,2021-07-25,2026-09-09
e69986c795691325e0d21a0aa83bb1eaabfade7db1c9c6c7666f5618b576faed,关于推进供给侧结构性改革 防范化解煤电产能过剩风险的意见,国家发展改革委等十六部门,2017,1,2021-07-25,2026-09-09
efa4db7fec987eff302353b0faa7cf347828c2d4cd97d51c4596bd0a3fe18f97,关于推进北方采暖地区城镇清洁供暖的指导意见,"住房和城乡建设部, 国家发展改革委, 财政部, 国家能源局",2017,1,2021-07-25,2026-09-09
ae92189efd5a6cfbe98645fb63ac13c5d77fc48025cfa448a5af9fcbeeaffb5c,国务院关于煤炭行业化解过剩产能实现脱困发展的意见,国务院,2016,1,2021-07-25,2026-09-09
85b80b7e38c358b64f072cc9a701cf7b11a4d1ddcb42c25d00a8559c4c7aa9d2,煤炭清洁高效利用行动计划(2015-2020年),国家能源局,2015,1,2021-07-25,2026-09-09
bbd55f356ea9718dc11486f705294ced91e19fa69b19da4ae388f0168a92cf6e,关于加快落后小煤矿关闭退出工作的通知,国家安全监管总局等十二部门,2014,1,2021-07-25,2026-09-09
3e063c84ae8be329efe0a169df1ac4099b52c982cf93feacb69c41cc419f990c,关于促进煤炭安全绿色开发和清洁高效利用的意见,国家能源局 环境保护部 工业和信息化部,2014,1,2021-07-25,2026-09-09
3345edc78ee1266feb75302658a8f1e51b4f8723a573b1f5241c88afac1c5a9f,重点地区煤炭消费减量替代管理暂行办法,"国家发展改革委, 工业和信息化部, 财政部, 原环境保护部, 国家统计局, 国家能源局",2014,1,2021-07-25,2026-09-09
8853ddb0d22e1d50c4f5ec83e619937c4e6110b849ad209f35df761f29214aa4,重点用能单位节能管理办法,国家发展改革委,2018,1,2021-07-24,2026-09-09
b0dbb2837fa833be305786e97f0c6b52bc1dddf709a334cc14e9bdf8c704cfa5,加快推进天然气利用的意见,"国家发展改革委, 科技部, 工业和信息化部, 财政部, 国土资源部, 环境保护部, 住房和城乡建设部, 交通运输部, 商务部, 国资委, 税务总局, 质检总局, 国家能源局",2017,1,2021-07-24,2026-09-09
bf8b75f399cdedf5997a4b50f867b7c0f21eb60d6ef469c5151a68fc4620df2d,关于促进西南地区水电消纳的通知,"国家发展改革委, 国家能源局",2017,1,2021-07-24,2026-09-09
d603d56455fb2c6edd361cab5cb1d9f6bc7ec766d721511948363f81c2057ad1,解决弃水弃风弃光问题实施方案,"国家发展改革委, 国家能源局",2017,1,2021-07-24,2026-09-09
b3a50cc02689857f817805d640669aa3a83daa0df51692b77e89cb92b3c3ced7,关于可再生能源发展“十三五”规划实施的指导意见,国家能源局,2017,1,2021-07-24,2026-09-09
e43579134857184e361506eab82f9ff7d2d2404fdd2dcd5f63f7a85b836ccfb6,关于试行可再生能源绿色电力证书核发及自愿认购交易制度的通知,"国家发展改革委, 财政部, 国家能源局",2017,1,2021-07-24,2026-09-09
0381b5fa1abaf5c29236909182e59ffb0d7c8a6106393f3b786e0440c4ec9fc1,可再生能源发展“十三五”规划,国家能源局,2017,1,2021-07-24,2026-09-09
0c61b569180f16ff54313ca5a2e9195361af0772727759e7762a304d40525982,生物质能发展“十三五”规划,国家能源局,2016,1,2021-07-24,2026-09-09
c6773c74779ab25a3e230addbc40faf6ea234bd2d3c49a5eeca80590a75f87d7,关于推进绿色小水电发展的指导意见,水利部,2016,1,2021-07-24,2026-09-09
cbc86c875efcd5b74d61636624ea3437da4ff5078add0593ac8d89c9eca7d844,可再生能源发电全额保障性收购管理办法,国家发展改革委,2016,1,2021-07-24,2026-09-09
951fc1db1f1eb279ce2fcfe127f498e78eb8a0a4f1b0eec288be27cb3db3a0f2,太阳能发展“十三五”规划,国家能源局,2016,1,2021-07-24,2026-09-09
67e3e587ed5de4b32b2e34a3237e4634f78220b92789804b0669c772613a7bea,风电发展“十三五”规划,国家能源局,2016,1,2021-07-24,2026-09-09
159b3cef4c16ccac16cb5c08f1a3298cab9c8d49c8a8a8caa02434dc96c3ddc7,关于印发《可再生能源发展专项资金管理暂行办法》的通知,财政部,2015,1,2021-07-24,2026-09-09
a78e4ce475c3a8c76ee49c06cc5cc670ad01244725aade21e96a8de11281ea10,关于开展生物质成型燃料锅炉供热示范项目建设的通知,"国家能源局, 环境保护部",2014,1,2021-07-24,2026-09-09
b5e3f8d49ae495db85fc163d06b888d7c0c0822bf2ba73acad78856e6344940c,关于进一步落实分布式光伏发电有关政策的通知,国家能源局,2014,1,2021-07-24,2026-09-09
96aa0684a95629290a219e2020edd6a7e9ce510efa277fbed22b4e22cff61657,关于建立保障天然气稳定供应长效机制的若干意见,国务院办公厅,2014,1,2021-07-24,2026-09-09
0bc7740a43d8ad0021aa4a7aeb69add647f621f5d91a8a0bb8bd36ff7f49e60a,分布式发电管理暂行办法,国家发展改革委,2013,1,2021-07-24,2026-09-09
f3e325e163ca6e04981c545b0cfedb353bff8a01bc7a8af8663a53f53fc1a9d6,关于支持分布式光伏发电金融服务的意见,"国家能源局, 国家开发银行",2013,1,2021-07-24,2026-09-09
a2557ac486a5a9b6aef3b4c3dc600ffae8d4d094eeccb6ad331fd6e47efb401a,煤层气产业政策,国家能源局,2013,1,2021-07-24,2026-09-09
a19d58661f3b8b2b59f865d1c18847eba23a7b0b169340af1cd912d4c0a93db1,国务院关于促进光伏产业健康发展的若干意见,国务院,2013,1,2021-07-24,2026-09-09
dc6e270346e75495a8c59beab39051c25f0a3851b365ba16f641b55aaf4c1f04,关于印发《光伏电站项目管理暂行办法》的通知,国家能源局,2013,1,2021-07-24,2026-09-09
916751c214d5a71d54f16b0b81b88e70f6c60e33eacd3323b43edfdf5da5a698,关于印发《可再生能源电价附加补助资金管理暂行办法》的通知,"财政部, 国家发展改革委, 能源局",2012,1,2021-07-24,2026-09-09
382c03db4cca47b973a0a95c5e6935005324ec441baec6429ed8cddecfe54db5,关于印发《可再生能源发展基金征收使用管理暂行办法》的通知,"财政部, 国家发展改革委, 能源局",2011,1,2021-07-24,2026-09-09
6c8cc55f937cdf60098723e5a48d8b2a938542e709404f069cf13cef71c30cd1,节能标准体系建设方案,"国家发展改革委, 国家标准委",2017,1,2021-07-23,2026-09-09
ce81b39a3bdbe7c8be7649bd65cd5400dd40d7728d4a53dfdd0983e0689bd60c,能源生产和消费革命战略（2016-2030）,国家发展改革委 国家能源局,2016,1,2021-07-23,2026-09-09
ca151adf1cbe3189957d29d0f082a2a84ac5a197edbf65c17b1ddf7b4432fbb6,节能监察办法,国家发展改革委,2016,1,2021-07-23,2026-09-09
06eca9345ed49561f99d7d58025e3d4c370ac11239c3be643400efe3e9e8ad2b,能源发展“十三五”规划,国家发展改革委 国家能源局,2016,1,2021-07-23,2026-09-09
f2767552c464649a736c5eaa7fac3cb6eb1c361ec2e7d92aea4ae74348832bda,能源技术创新“十三五”规划,国家能源局,2016,1,2021-07-23,2026-09-09
1d7a2acbf9e8a7e6c1bb276f5fb29fc54cc5ec9209e5cd3a6dab7d8775191ce0,天然气发展“十三五”规划,国家发展改革委,2016,1,2021-07-23,2026-09-09
316e8327a4dec7d0d9973fea0cca8ae426b5b6b162486b2a324343291f3f9d4e,能源发展战略行动计划,国务院办公厅,2014,1,2021-07-23,2026-09-09
c528315ea871653b871ab964becb319000057ae5615c8dbc77fc389a83fbf68f,关于加快浅层地热能开发利用促进北方采暖地区燃煤减量替代的通知,"国家发展改革委, 国土资源部, 环境保护部, 住房城乡建设部, 水利部, 国家能源局",2017,1,2021-07-21,2026-09-09
591bcc278305f9c60bdf2e11e835d2bf4b61ec36890a40e532236a6fda45a09f,地热能开发利用“十三五”规划,"国家发展改革委, 国家能源局, 国土资源部",2017,1,2021-07-21,2026-09-09
8d0e488e6295682264238eec3ef2c3c086071940c67d2b1177b72701ba144001,“十三五”全民节能行动计划,"国家发展改革委, 科技部, 工业和信息化部, 财政部, 住房城乡建设部, 交通运输部, 人民银行, 国资委, 税务总局, 质检总局, 统计局, 国管局, 能源局",2016,1,2021-07-21,2026-09-09
473d3c0ae9cdc2a20f3ba881a37ca56ecbc2b92b40d690eb9051e61d201d8ebb,新能源汽车动力蓄电池回收利用管理暂行办法,"工业和信息化部, 科学技术部, 环境保护部, 交通运输部, 商务部, 国家质量监督检验检疫总局, 国家能源局",2018,1,2021-07-20,2026-09-09
39e0200d00a3f18ff35701521411b80549eb9ab764543c50978e38d3fa57e438,民航节能减排“十三五”规划,中国民用航空局,2017,1,2021-07-20,2026-09-09
b0cc552396587b67ce38ead8848c83db40d5a4a69c6be85a3d5d5ef8b09888a5,战略性新兴产业重点产品和服务指导目录,国家发展改革委,2017,1,2021-07-20,2026-09-09
9b3e3b664a18fba41452f93d61eb64dc36cb32d08076e7a8d07d631edaf62138,建筑节能与绿色建筑发展“十三五”规划,住房和城乡建设部,2017,1,2021-07-20,2026-09-09
8e2287d1b4b4baff36a5618d9ab34b2f6a361a08d5aa2b61ace1445095de05bd,国务院关于印发“十三五”国家战略性新兴产业发展规划的通知,国务院,2016,1,2021-07-20,2026-09-09
fcb0f747c68336032ab5a624e90592a8060d196cbfa99e4c7e708030c388a1c4,促进绿色建材生产和应用行动方案,"工业和信息化部, 住房和城乡建设部",2015,1,2021-07-20,2026-09-09
c52a98f23b8995a548e378980a990a6d6a1fbb855b7c13168c00100fe470fc60,绿色建材评价标识管理办法,"工业和信息化部, 住房和城乡建设部",2014,1,2021-07-20,2026-09-09
ab67c325510d9d034756c6b18364f19b3e7c639fd179bce2e70ed1d8c871f58b,国务院关于加快发展生产性服务业促进产业结构调整升级的指导意见,国务院,2014,1,2021-07-20,2026-09-09
f67ecef71f4d6aed8f8e8bd20460d7b2cd6210b0c270160e3bece15a63ceff4c,绿色建筑行动方案,"国家发展改革委 , 住房和城乡建设部",2013,1,2021-07-20,2026-09-09
5b0bac75ee7f0ccabe082af88c4b9a0392567a58880b36ee145275298cc128de,节能与新能源汽车产业发展规划(2012―2020年),国务院,2012,1,2021-07-20,2026-09-09
6ad973e3acb78d702866452e4229ee46e03ae531e715add8a6583e8eec4bd9a8,关于完善可再生能源建筑应用政策及调整资金分配管理方式的通知,"财政部 , 住房和城乡建设部",2012,1,2021-07-20,2026-09-09
f6e2ca36abfcb7de7f4fe0856490ca04c7e01f9c9cb194608e9fb692ff30eced,民航局关于加快推进行业节能减排工作的指导意见,中国民用航空局,2011,1,2021-07-20,2026-09-09
a5cb25fac023f247b11af7f8d9bcc7f307139c73b53a3b1350002cfe0c839a03,关于进一步推进公共建筑节能工作的通知,"财政部 , 住房和城乡建设部",2011,1,2021-07-20,2026-09-09
ba72d7577e80da3cb425c592ed8d3a00430b516bfc3625f664b3dce4e59e0e13,关于节能新能源车船享受车船税优惠政策的通知,"财政部, 税务总局, 工业和信息化部, 交通运输部",2018,1,2021-07-18,2026-09-09
31e285f1272958d1111a9336d94a9928169abf2f895ad00ff698843273f0e40b,关于印发推进交通运输生态文明建设实施方案的通知,交通运输部,2017,1,2021-07-18,2026-09-09
7e0c203c16719ddd505809f2bb8b851e96e0c8b4dab5ee11c026bccc29771438,关于全面深入推进绿色交通发展的意见,交通运输部,2017,1,2021-07-18,2026-09-09
682ac6a9332a6fd56015ee3679e62809a111b1e1fcf46f29d4e6453149608030,城市公共交通“十三五”发展纲要,交通运输部,2016,1,2021-07-18,2026-09-09
4bdbb028e825aad329dcb80512c5f9d1dc05d40c7d14b4dcbbd7364c6cffd09e,关于加快推进新能源汽车在交通运输行业推广应用的实施意见,交通运输部,2015,1,2021-07-18,2026-09-09
0331dab665019550929da08d8fbd2c2bacb658caf2e19821dc2e977a501ec0bd,加快推进绿色循环低碳交通运输发展指导意见,交通运输部,2013,1,2021-07-18,2026-09-09
f0cec2cd30dd8f42c9e13fe17356973edf339cbd1fd889c42dd2ff3020949125,建设低碳交通运输体系指导意见,交通运输部,2011,1,2021-07-18,2026-09-09
f3e55ad82afef5394733e911647bbee0070495e16be02688ab870b21166fb0b0,工业绿色发展规划(2016-2020年),工业和信息化部,2016,1,2021-07-17,2026-09-09
863818e2d9248abe6126f452cf87663782507e9eeefba88d6de1f902f301c0c6,中国制造2025,国务院,2015,1,2021-07-17,2026-09-09
bf4ce46eadc43c61d5c2d28a231f1cb9d3e8123d30d86f36b982aa5e91a4f239,能效“领跑者”制度实施方案,"国家发展改革委, 财政部, 工业和信息化部, 国管局, 国家能源局, 国家质检总局, 国家标准委",2014,1,2021-07-17,2026-09-09
4e7401cc07fda3f6108fda2381352ef4784476c79f748ce0fe472f24a091d4f1,关于化解产能严重过剩矛盾的指导意见,国务院 ,2013,1,2021-07-17,2026-09-09
8c8fa9fc2306131cd6be2f76dcb4122324349a1fbd8e35be3afd3d5ef3a401cc,关于加快发展节能环保产业的意见,国务院,2013,1,2021-07-17,2026-09-09
70f68077c21141b07321099733c3be1afcdcb84bc70ce82aada02531e702fd1f,关于加强内燃机工业节能减排的意见,国务院办公厅,2013,1,2021-07-17,2026-09-09
2fab5f0ed2be01d0a1951c55faca73cd25abf32eb6478f13124d6816d47813f5,工业领域应对气候变化行动方案(2012-2020 年),"工业和信息化部, 国家发展和改革委员会, 科技部, 财政部",2012,1,2021-07-17,2026-09-09
