政策工具ID,工具/子方案,组别,路径,排放部门,子行业,本国工具名称,英文工具名称,政策包,描述,目标,减缓相关性,作用渠道,国家,管辖层级,管辖地名称,通过日期,生效日期,终止日期,最近修订,最近修订（详情）,状态,管理机构,受规制资产,受规制资产（状态）,受规制资产（详情）,受规制资产（其他）,受规制资产（阈值范围）,受规制主体,受规制主体（详情）,受规制活动,受规制活动（详情）,强度（数值）,强度（单位）,强度（详情）,要求说明,合规计算方法I,合规计算方法II,工具联动,信息采集责任方,信息传输方式,信息提供频率,信息公开可用性,标签类型,合规监测,合规执行,合规促进,能力建设、培训/教育、宣传和奖励计划详情,温室气体排放覆盖（绝对量）,温室气体排放覆盖（占国内排放百分比）,经济行业,受影响的温室气体,减缓效果,减缓协同效益,法律文件名称,法律文件链接,其他网页链接
CHNREPSIDI01S000,工具,报告与披露要求,可持续信息披露,跨部门,重点排污行业（电力、钢铁、建材、化工、石化等）,企业环境信息依法披露制度,Enterprise Environmental Information Disclosure System,N/A,企业环境信息依法披露制度是要求企业依法披露环境信息的强制性信息公开制度。现行制度以生态环境部2021年印发的《环境信息依法披露制度改革方案》和2021年12月发布的《企业环境信息依法披露管理办法》（生态环境部令第24号，2022年2月8日施行）为核心，并配套《企业环境信息依法披露格式准则》。制度沿革可追溯至2007年《环境信息公开办法（试行）》（国家环境保护总局令第35号）和2014年《企业事业单位环境信息公开办法》（环境保护部令第31号）。制度明确五类企业为强制披露主体：重点排污单位、实施强制性清洁生产审核的企业、因生态环境违法行为被追究刑事责任或受到重大行政处罚的企业，以及符合规定情形的上市公司和发债企业。披露内容涵盖企业基本信息、污染物产生排放及防治设施情况、碳排放信息、生态环境行政许可和处罚信息、清洁生产及强制性清洁生产审核信息等。企业须通过统一的企业环境信息依法披露系统编制并公开年度环境信息依法披露报告和临时环境信息依法披露报告。,规范企业环境信息依法披露活动；加强社会监督,间接,供给侧,中国,国家,N/A,11/04/2007,01/05/2008,N/A,11/12/2021,制度沿革：2007年4月11日《环境信息公开办法（试行）》（国家环境保护总局令第35号）公布、2008年5月1日施行，首次确立环境信息公开（含企业环境信息公开）制度；2014年12月19日《企业事业单位环境信息公开办法》（环境保护部令第31号）公布、2015年1月1日施行，强化重点排污单位强制公开；2021年生态环境部印发《环境信息依法披露制度改革方案》，2021年12月《企业环境信息依法披露管理办法》（生态环境部令第24号）发布、2022年2月8日施行，并配套《企业环境信息依法披露格式准则》，将企业环境信息公开升级为依法强制披露制度，新增碳排放信息披露要求，建立统一的企业环境信息依法披露系统。,生效,生态环境部；地方各级生态环境主管部门,工业企业及其生产经营设施,既有,披露主体为五类企业：（1）重点排污单位；（2）实施强制性清洁生产审核的企业；（3）因生态环境违法行为被追究刑事责任或受到较大数额罚款等重大行政处罚的企业；（4）符合规定情形的上市公司；（5）符合规定情形的发债企业。涉及的生产设施涵盖排放大气污染物、水污染物、固体废物以及产生碳排放的工业生产装置和污染防治设施。,N/A,N/A,企业,依法负有环境信息强制披露义务的企业，包括重点排污单位、实施强制性清洁生产审核的企业、受到重大生态环境行政处罚或被追究刑事责任的企业，以及符合规定情形的上市公司和发债企业。企业对所披露环境信息的真实性、准确性、完整性和及时性负责。,生产,企业在生产经营过程中产生污染物排放、碳排放和环境影响的活动。企业须依法编制并公开年度环境信息依法披露报告，在发生受到重大行政处罚、被追究刑事责任、发行股票或债券等特定情形时编制并公开临时环境信息依法披露报告，通过企业环境信息依法披露系统向社会披露。,N/A,N/A,N/A,1）强制披露主体须于每年规定期限内（一般为次年3月15日前）通过企业环境信息依法披露系统编制并公开上一年度《企业环境信息依法披露报告》；2）发生规定情形（如受到重大行政处罚、被追究刑事责任、上市公司再融资、发债等）的，须在规定时限内编制并公开临时环境信息依法披露报告；3）披露内容须符合《企业环境信息依法披露格式准则》，涵盖企业基本信息、企业环境管理信息、污染物产生治理与排放信息、碳排放信息、生态环境应急信息、生态环境违法信息、本年度临时环境信息依法披露情况等；4）企业对披露信息的真实性、准确性、完整性负责，披露信息长期公开、可查询；5）生态环境主管部门对披露情况进行监督检查，对未按规定披露或披露不实的依法查处并纳入信用记录。,N/A,N/A,与排污许可制度联动：重点排污单位范围和污染物排放信息与排污许可证载明事项衔接。与强制性清洁生产审核制度联动：实施强制性清洁生产审核的企业须披露审核信息。与企业环境信用评价和绿色金融联动：披露信息作为环境信用评价、绿色信贷和绿色债券评估的重要依据。与碳排放报告制度联动：纳入碳排放信息披露要求。,企业自行编制环境信息依法披露报告并对其真实性负责，通过生态环境部建立的企业环境信息依法披露系统在线填报和公开；生态环境主管部门负责系统的建设、维护和监督管理，并可对披露信息进行抽查核实。,通过全国统一的企业环境信息依法披露系统在线编制、上传和公开（网络披露）；披露报告向社会公开，公众可通过系统查询。,年度报告每年披露一次（一般于次年3月15日前）；临时报告在发生规定情形后的规定时限内披露。,是。企业环境信息依法披露报告通过全国统一的企业环境信息依法披露系统向社会公开，公众、投资者、金融机构和监管部门可在线查询，披露信息长期留存可追溯。,N/A,政府机构开展的监督检查,行政处罚；罚款；责令改正；纳入信用记录,环境信用评价激励,组织开展企业环境信息依法披露培训和政策宣贯；建设和推广企业环境信息依法披露系统；发布格式准则和填报指南，指导企业规范披露。,N/A,N/A,C19; C20; C23; C24; D35,CO2,正向,污染防治；空气污染物减排；技术创新,企业环境信息依法披露管理办法（生态环境部令第24号）,https://www.mee.gov.cn/xxgk2018/xxgk/xxgk02/202112/t20211221_964837.html,环境信息公开办法（试行）（国家环境保护总局令第35号）：https://www.gov.cn/gongbao/content/2008/content_892212.htm
CHNREPSIDI02S000,工具,报告与披露要求,可持续信息披露,跨部门,N/A,上市公司可持续发展报告指引,Sustainability Reporting Guidelines for Listed Companies,N/A,上市公司可持续发展报告指引是由上海证券交易所、深圳证券交易所和北京证券交易所在中国证监会指导下联合发布的上市公司信息披露规则，要求符合条件的上市公司按照统一的可持续发展/ESG报告框架进行年度信息披露。指引覆盖环境、社会和治理（ESG）全维度共21个议题，以应对气候变化为首要议题，要求披露范围一、范围二温室气体排放（强制）和范围三温室气体排放（鼓励），以及气候转型风险和机遇的识别与应对策略。指引采用双重重要性原则（财务重要性和影响重要性），对特定上市公司群体实施强制披露，对其他上市公司实施自愿披露。强制披露主体范围包括上证180指数、科创50指数、深证100指数、创业板指数成分股及境内外同时上市的公司等（约450余家，覆盖A股总市值的50%以上）。指引于2024年2月8日公开征求意见，2024年4月12日正式发布，2024年5月1日起施行，首批强制披露的年度报告须于2026年4月30日前完成（覆盖2025财政年度）。配套发布了《上市公司可持续发展报告编制指南》（2025年1月发布，2026年1月更新第二版），为上市公司落实指引要求提供具体操作指导。上交所称为《上海证券交易所上市公司自律监管指引第14号——可持续发展报告（试行）》，深交所称为《深圳证券交易所上市公司自律监管指引第17号——可持续发展报告（试行）》，北交所称为《北京证券交易所上市公司持续监管指引第11号——可持续发展报告（试行）》。,规范上市公司可持续发展信息披露行为；提升上市公司ESG信息披露质量和可比性；引导资本向绿色低碳和可持续发展领域配置；支持国家碳达峰碳中和目标和可持续发展战略实施,直接,供给侧,中国,国家,N/A,12/04/2024,01/05/2024,N/A,N/A,N/A,生效,中国证券监督管理委员会（指导）；上海证券交易所；深圳证券交易所；北京证券交易所,上市公司可持续发展报告（企业信息披露）,N/A,本工具为上市公司可持续/ESG信息披露规则，规范对象为上市公司的可持续发展报告编制和披露行为，不直接监管实体排放资产。指引要求上市公司披露气候变化相关议题，包括温室气体排放、气候风险与机遇、转型计划等信息。,N/A,N/A,企业,在上交所、深交所和北交所上市的公司。其中上证180指数、科创50指数、深证100指数、创业板指数成分股及境内外同时上市的公司须按照指引强制披露可持续发展报告（约450余家，覆盖A股总市值的50%以上）；其他上市公司自愿披露。披露主体须按照指引框架编制和发布可持续发展报告或ESG报告，对所披露信息的真实性、准确性和完整性负责。,注册、许可及行政管理,上市公司的可持续发展/ESG信息披露活动。上市公司按照交易所发布的可持续发展报告指引编制年度可持续发展报告或ESG报告→经董事会审议通过→在指定信息披露平台（如巨潮资讯网、上交所/深交所/北交所官网）公开披露→交易所对披露合规性进行监管。,N/A,N/A,N/A,1）指引要求符合条件的上市公司在每个会计年度结束后规定期限内编制并披露可持续发展报告（或ESG报告）；2）披露框架涵盖环境、社会和治理（ESG）三个维度共21个议题，以应对气候变化为首要议题；3）采用双重重要性原则（财务重要性和影响重要性）确定披露内容；4）强制披露范围一、范围二温室气体排放数据（鼓励披露范围三排放）；5）披露气候相关风险与机遇的识别、评估和管理，包括情景分析（范围一、二强制，范围三鼓励）和转型计划；6）上市公司须确保披露信息的真实性、准确性和完整性，不得有虚假记载、误导性陈述或重大遗漏；7）交易所对上市公司信息披露合规性进行监管。,N/A,N/A,与《企业可持续披露准则——基本准则（试行）》（财会〔2024〕17号）和《企业可持续披露准则第1号——气候》（财会〔2025〕34号）等财政部可持续披露准则体系衔接，指引的披露框架与财政部准则体系协调互补。与企业环境信息依法披露制度（CHNREPSIDI01S000）同属可持续信息披露路径，前者覆盖ESG全维度且以资本市场信息披露为场景，后者聚焦环境维度。与温室气体排放报告与核查制度（GRV）互补：GRV面向碳市场管控企业，指引面向资本市场上市公司。,上市公司按照指引框架自行编制可持续发展报告，采集和核算温室气体排放等ESG数据；鼓励上市公司聘请第三方机构对可持续发展报告进行鉴证。,上市公司通过交易所指定的信息披露平台（如上交所官网、深交所官网、北交所官网、巨潮资讯网等）公开披露可持续发展报告（网络公示）。,按年度披露（每个会计年度结束后四个月内，与年度报告同时或独立发布）。,是（公开）。上市公司通过交易所指定的信息披露平台向社会公众全文公开披露可持续发展报告。,N/A,政府机构开展的监督检查,责令改正；通报,其他激励或支持,上交所、深交所、北交所联合发布《上市公司可持续发展报告编制指南》（2025年1月发布第一版，2026年1月更新第二版），为上市公司落实指引要求提供操作层面的具体指导；交易所组织开展可持续发展信息披露培训和交流活动；支持上市公司建立和完善ESG数据采集和管理体系。,N/A（本工具为上市公司ESG信息披露规则，通过资本市场信息披露机制提升企业气候透明度并引导资本导向绿色低碳领域，无直接可量化的温室气体排放覆盖量）,N/A（本工具为间接信息披露工具，无直接的温室气体排放覆盖占比）,K64,CO2; CH4; N2O; HFCs; PFCs; SF6; NF3,正向,绿色产业发展；技术创新；污染防治,上海证券交易所上市公司自律监管指引第14号——可持续发展报告（试行）；深圳证券交易所上市公司自律监管指引第17号——可持续发展报告（试行）；北京证券交易所上市公司持续监管指引第11号——可持续发展报告（试行）,https://www.sse.com.cn/lawandrules/sselawsrules2025/stocks/mainipo/c/c_20250516_10779150.shtml,http://www.szse.cn/www/sustainablefinance/document/guide/t20240412_606839.html；https://www.bse.cn/cxjg_list/200021393.html；https://www.sse.com.cn/lawandrules/guide/stock/zbxxpljg/ssgszljg/c/c_20250117_10770284.shtml（编制指南）
CHNREPGRVI01S000,工具,报告与披露要求,温室气体排放报告,能源；工业；交通,发电；钢铁；水泥；电解铝；石化；化工；造纸；民航,重点行业企业温室气体排放报告与核查制度,Greenhouse Gas Emissions Reporting and Verification System for Key Industries,ETS,中国重点行业企业温室气体排放报告与核查制度依据碳排放权交易管理相关法规建立，由生态环境部（原国家发展和改革委员会）组织实施。制度要求温室气体年排放量达到2.6万吨二氧化碳当量及以上的重点排放单位，按照统一的技术指南核算和报告其温室气体排放数据，并接受第三方机构的核查。制度覆盖发电、钢铁、水泥、电解铝、石化、化工、造纸、民航等重点排放行业。制度内容包括两个相互衔接的部分：（1）排放报告——企业须按照行业温室气体排放核算与报告指南，编制年度温室气体排放报告，涵盖化石燃料燃烧排放、工业过程排放、净购入电力/热力排放等，通过全国碳排放权交易市场管理平台报送；（2）第三方核查——由省级生态环境主管部门委托具备资质的第三方技术服务机构对企业排放报告进行核查，核查内容涵盖核算方法合规性、活动数据准确性、排放因子取值合理性和排放量计算正确性等，出具核查结论并提交核查报告。制度建设可追溯至2014年《碳排放权交易管理暂行办法》（国家发展改革委令第17号），首次确立重点排放单位温室气体排放报告与核查义务；2020年《碳排放权交易管理办法（试行）》（生态环境部令第19号）进一步完善报告核查程序和技术要求；2024年《碳排放权交易管理暂行条例》（国务院令第775号）将排放报告与核查制度上升为国务院行政法规层次，明确了企业的报告义务、第三方核查机构的法律地位、数据质量法律责任和违法处罚。通过排放报告摸清重点行业温室气体排放底数、通过第三方核查确保数据质量，为碳排放配额分配与清缴履约、国家温室气体清单编制和低碳发展政策制定提供数据基础。,全面掌握重点单位温室气体排放情况；建立温室气体排放报告制度；完善三级温室气体排放统计核算工作体系；加强温室气体排放管控；为碳排放权交易提供数据支撑,直接,供给侧,中国,国家,N/A,10/12/2014,09/01/2015,N/A,25/01/2024,制度建设可追溯至2014年12月10日《碳排放权交易管理暂行办法》（国家发展改革委令第17号，2015年1月9日施行），首次确立重点排放单位温室气体排放报告与核查义务。2020年12月31日《碳排放权交易管理办法（试行）》（生态环境部令第19号，2021年2月1日施行）进一步完善报告核查程序、扩展覆盖行业并细化技术要求，配套发布分行业的温室气体排放核算方法与报告指南。2024年1月25日《碳排放权交易管理暂行条例》（国务院令第775号，2024年5月1日施行）将排放报告与核查制度上升为国务院行政法规层次，明确企业报告义务、第三方核查机构法律地位、数据质量主体责任，并大幅提高违法处罚力度。,生效,生态环境部（应对气候变化司）；省级生态环境主管部门；设区的市级生态环境主管部门,重点排放单位的生产设施和排放源,既有,温室气体年排放量达到2.6万吨二氧化碳当量及以上的重点排放单位所拥有或控制的生产设施和排放源。涵盖化石燃料燃烧排放（锅炉、窑炉、燃气轮机等固定燃烧装置）、工业过程排放（水泥熟料煅烧、石灰石分解、钢铁冶炼、电解铝阳极效应等）、净购入电力及热力产生的间接排放。覆盖行业包括发电、钢铁、水泥、电解铝、石化、化工、造纸、民航等。,N/A,≥2.6万吨CO2e/年,企业,年度温室气体排放量达到2.6万吨二氧化碳当量及以上的企业或者其他经济组织。重点排放单位须对其温室气体排放数据进行核算，编制年度排放报告，对所报告数据的真实性、完整性和准确性负责，并配合第三方核查机构开展核查工作。,生产,重点排放单位在生产经营过程中的温室气体排放活动。企业须按照行业温室气体排放核算方法与报告指南，对年度排放数据进行核算→通过全国碳排放权交易市场管理平台提交年度排放报告→配合省级生态环境主管部门委托的第三方技术服务机构进行核查→对核查发现的问题进行整改或说明→省级生态环境主管部门审核并出具核查结论。排放报告和核查结果作为碳排放配额清缴的依据。,2.6万,吨二氧化碳当量/年,纳入温室气体排放报告与核查管理的温室气体年排放量阈值门槛，即年排放量达2.6万吨二氧化碳当量及以上的企业须纳入报告与核查范围。来源：《碳排放权交易管理暂行条例》及生态环境部相关通知。,1）重点排放单位须于每年规定期限内（一般为次年3月31日前）编制上一年度温室气体排放报告，报告内容涵盖企业基本信息、核算边界、排放源和气体种类、活动数据及来源、排放因子数据及来源、排放量计算结果等，按照行业温室气体排放核算方法与报告指南编制；2）排放报告通过全国碳排放权交易市场管理平台在线报送；3）省级生态环境主管部门委托具备资质的第三方技术服务机构对排放报告进行核查，核查机构须独立、客观、公正，对核查结论负责；4）核查内容包括核算方法合规性、活动数据准确性、排放因子取值合理性、排放量计算正确性、数据质量控制计划执行情况等，核查机构出具核查报告和核查结论；5）企业对核查发现的问题须在规定时限内整改或说明，逾期未改的由生态环境主管部门依法处理；6）重点排放单位须妥善保存排放报告、核查报告和相关原始数据记录，保存期限不少于五年；7）重点排放单位对排放报告的真实性、完整性和准确性负责，不得弄虚作假。,N/A,N/A,与碳排放权交易市场（ETS）深度联动：排放报告和核查结果是碳排放配额分配、清缴履约和碳排放权交易的基础数据来源，重点排放单位名录与碳市场覆盖主体高度重合。与国家温室气体清单编制联动：分行业、分区域的排放报告数据为国家温室气体清单提供重要基础信息。与企业环境信息依法披露制度（EID）联动：碳排放信息是环境信息披露的重要组成部分，两套制度在碳排放信息披露方面相互补充。与碳排放标准（核算指南）联动：排放报告编制须依据行业温室气体排放核算方法与报告指南。,重点排放单位自行或委托技术服务机构按照行业温室气体排放核算方法与报告指南进行排放数据核算，编制年度排放报告；省级生态环境主管部门委托具备资质的第三方技术服务机构对排放报告进行核查并出具核查结论。,重点排放单位通过全国碳排放权交易市场管理平台（全国碳排放权交易市场信息网）在线填报和提交年度排放报告（网络报送）；第三方核查机构通过平台提交核查报告；省级生态环境主管部门通过平台审核确认。,年度排放报告每年报送一次（一般于次年3月31日前）；第三方核查由省级生态环境主管部门在排放报告提交后统一组织开展（每年一次）。,是（部分公开）。省级生态环境主管部门将重点排放单位名录和排放报告核查结果向社会公开；单个企业的详细排放数据主要服务于碳市场履约和政府统计，部分汇总数据可通过全国碳排放权交易市场信息网查询。,N/A,政府机构开展的监督检查,行政处罚；罚款；责令改正；纳入信用记录,其他激励或支持,组织开展重点行业企业温室气体排放核算与报告能力建设培训；发布分行业温室气体排放核算方法与报告指南及配套技术文件；建设全国碳排放权交易市场管理平台并提供在线填报和核查系统培训；组织开展第三方核查机构资质认定和核查人员业务培训。,八行业合计覆盖排放量约为70-80亿吨CO2（来源：发电行业约2200家重点排放单位年排放量约50亿吨CO2；钢铁行业约2.3亿吨、水泥行业约1.5亿吨、电解铝行业约1.2亿吨、石化行业约2亿吨、化工行业约1.2亿吨、造纸行业约0.5亿吨、民航约0.2亿吨，合计八行业年排放量约70-80亿吨CO2。上述数据基于分行业典型企业年排放量及行业总产量估算。碳市场当前交易覆盖量约50亿吨CO2，报告核查覆盖范围大于交易覆盖范围。）,覆盖约60%以上全国温室气体排放（来源：基于八行业合计排放量约占全国温室气体排放总量的60-65%。全国温室气体排放总量约120-130亿吨CO2e；发电行业约占总排放40%，钢铁、水泥、电解铝、石化、化工、造纸、民航合计约占总排放20-25%。报告核查覆盖范围大于碳市场交易覆盖范围（约40%）。）,D35; C24; C23; C20; C21; C17; H51,CO2; CH4; N2O; HFCs; PFCs; SF6,正向,污染防治；空气污染物减排；能效提升,关于做好2023—2025年部分重点行业企业温室气体排放报告与核查工作的通知,https://www.mee.gov.cn/xxgk2018/xxgk/xxgk06/202310/t20231018_1043427.html,碳排放权交易管理暂行条例（国务院令第775号）：https://www.gov.cn/zhengce/content/202402/content_6929567.htm；碳排放权交易管理办法（试行）（生态环境部令第19号）：https://www.mee.gov.cn/xxgk2018/xxgk/xxgk02/202101/t20210105_816131.html
CHNREPGFEI01S000,工具,报告与披露要求,绿色金融业绩评价,跨部门,N/A,银行业金融机构绿色金融评价方案,Green Finance Evaluation Scheme for Banking Financial Institutions,关于构建绿色金融体系的指导意见（银发〔2016〕228号）,银行业金融机构绿色金融评价方案是中国人民银行建立的绿色金融业绩评价制度，对银行业金融机构开展绿色金融业务的情况进行定期定量和定性评价。评价对象为中国人民银行确定的银行业金融机构（法人），评价范围涵盖绿色贷款、绿色债券等绿色金融业务。评价指标体系由定量指标和定性指标两部分构成，其中定量指标权重80%（包括绿色金融业务总额占比、余额占比、余额同比增速、风险总额占比等），定性指标权重20%（包括绿色金融相关制度制定及实施、机制建设及创新等）。评价按季度开展，评价结果纳入中国人民银行金融机构评级，并作为宏观审慎评估（MPA）、结构性货币政策工具运用等的重要参考。制度可追溯至2018年7月27日《中国人民银行关于开展银行业存款类金融机构绿色信贷业绩评价的通知》（银发〔2018〕180号），建立绿色信贷业绩评价制度。2021年6月9日《中国人民银行关于印发〈银行业金融机构绿色金融评价方案〉的通知》（银发〔2021〕142号，2021年7月1日施行）对制度进行修订升级，将评价业务范围由绿色信贷扩展至绿色贷款和绿色债券，完善评价指标体系和评价流程，同时废止银发〔2018〕180号。通过绿色金融业绩评价激励约束银行业金融机构加大绿色金融供给，引导金融资源支持绿色低碳发展。,评价银行业金融机构绿色金融业务开展情况；通过评价结果的激励约束作用引导金融机构加大绿色金融供给；推动金融资源向绿色低碳领域配置；支持宏观审慎管理和货币政策工具运用,直接,环境,中国,国家,N/A,27/07/2018,27/07/2018,N/A,09/06/2021,制度可追溯至2018年7月27日《中国人民银行关于开展银行业存款类金融机构绿色信贷业绩评价的通知》（银发〔2018〕180号），建立绿色信贷业绩评价制度，按季度开展评价。2021年6月9日《中国人民银行关于印发〈银行业金融机构绿色金融评价方案〉的通知》（银发〔2021〕142号，2021年7月1日施行）对制度进行修订升级：将评价业务范围由绿色信贷扩展至绿色贷款和绿色债券，重构定量（权重80%）和定性（权重20%）评价指标体系，完善评价流程和结果运用，评价结果纳入央行金融机构评级并作为宏观审慎评估（MPA）的重要参考；同时废止银发〔2018〕180号。,生效,中国人民银行；中国人民银行分支机构,绿色金融业务,N/A,本工具为绿色金融业绩评价制度，评价对象为银行业金融机构的绿色金融业务（绿色贷款、绿色债券等），不直接监管实体排放资产。,N/A,N/A,企业,中国人民银行确定纳入评价范围的银行业金融机构（法人），包括开发性银行、政策性银行、国有商业银行、股份制商业银行、城市商业银行、农村商业银行等。被评价机构须按照评价方案要求配合提供绿色金融业务数据和相关材料，对所提供数据和材料的真实性、准确性负责。,注册、许可及行政管理,中国人民银行对银行业金融机构绿色金融业务开展的业绩评价活动。中国人民银行按季度对纳入评价范围的机构开展评价→被评价机构提供绿色贷款、绿色债券等绿色金融业务数据及相关材料（数据主要来源于绿色贷款专项统计等既有统计）→中国人民银行按定量（80%）和定性（20%）指标汇总计算评价得分→形成评价结果并纳入央行金融机构评级和宏观审慎评估。,N/A,N/A,N/A,1）中国人民银行按季度对纳入评价范围的银行业金融机构开展绿色金融评价；2）评价指标体系由定量指标（权重80%，包括绿色金融业务总额占比、余额占比、余额同比增速、风险总额占比等）和定性指标（权重20%，包括绿色金融相关制度制定及实施情况、机制建设及创新等）构成；3）被评价机构须按要求提供绿色贷款、绿色债券等绿色金融业务数据及相关材料；4）绿色金融业务数据主要来源于绿色贷款专项统计等既有统计制度；5）中国人民银行汇总计算评价得分并形成评价结果；6）评价结果纳入中国人民银行金融机构评级，并作为宏观审慎评估（MPA）、央行货币政策操作和相关政策的重要参考。,N/A,N/A,与绿色贷款专项统计制度（GFS）深度联动：绿色贷款专项统计数据是绿色金融评价定量指标的核心数据来源。与中国人民银行金融机构评级联动：评价结果纳入央行评级。与宏观审慎评估（MPA）联动：评价结果作为MPA的重要参考。与碳减排支持工具等结构性货币政策工具联动：评价激励约束金融机构绿色金融供给。,被评价银行业金融机构按要求提供绿色金融业务数据和相关材料（数据主要来源于绿色贷款专项统计等既有统计）；中国人民银行及其分支机构负责数据核实、评价计算和结果形成。,被评价机构通过中国人民银行相关报送渠道提交绿色金融业务数据和评价材料（网络报送）；评价结果由中国人民银行反馈至被评价机构。,按季度开展评价（每季度评价一次）。,否（不公开）。绿色金融评价结果纳入中国人民银行金融机构评级，主要用于监管和政策，单个机构评价结果一般不对外公开。,N/A,政府机构开展的监督检查,责令改正；通报,其他激励或支持,发布《银行业金融机构绿色金融评价方案》及评价指标、评分标准和操作细则；组织被评价机构开展绿色金融评价业务培训和政策解读；通过评价结果反馈和沟通指导金融机构改进绿色金融业务。,N/A（本工具为绿色金融业绩评价制度，通过激励约束金融机构绿色金融供给间接支持减排，无直接可量化的温室气体排放覆盖量）,N/A（本工具为间接金融工具，无直接的温室气体排放覆盖占比）,K64,CO2,正向,绿色产业发展；技术创新,中国人民银行关于印发《银行业金融机构绿色金融评价方案》的通知,https://www.gov.cn/zhengce/zhengceku/2021-06/11/content_5616962.htm,N/A
CHNREPGFSI01S000,工具,报告与披露要求,绿色金融统计,跨部门,N/A,绿色贷款专项统计制度,Green Loan Special Statistics System,关于构建绿色金融体系的指导意见（银发〔2016〕228号）,绿色贷款专项统计制度是中国人民银行建立的绿色金融统计制度，要求银行业金融机构按照统一的统计口径和分类标准，定期报送绿色贷款的余额、投向、质量等数据。制度覆盖境内各类提供贷款业务的银行业金融机构，统计范围包括节能环保、清洁生产、清洁能源、生态环境、基础设施绿色升级、绿色服务等绿色产业领域的贷款，以及支持有减排效应项目和服务的贷款。制度依据绿色产业指导目录和绿色贷款统计口径，将绿色贷款按用途（项目/服务）、投向行业、贷款质量（正常/关注/不良）等维度分类统计。制度建设可追溯至2013年原中国银监会《关于报送绿色信贷统计表的通知》（银监办发〔2013〕185号），首次建立绿色信贷季度统计；2018年以来中国人民银行统筹推进绿色贷款专项统计；2019年12月27日《中国人民银行关于修订绿色贷款专项统计制度的通知》（银发〔2019〕326号）对统计制度进行修订完善，统一绿色贷款统计口径、扩展统计维度并细化报送要求。通过绿色贷款专项统计掌握金融机构支持绿色发展的信贷投放情况，为绿色金融政策制定、结构性货币政策工具（如碳减排支持工具）运用、宏观审慎评估（MPA）和银行业金融机构绿色金融评价提供数据基础。,全面掌握银行业金融机构绿色贷款投放规模、投向和质量；为绿色金融政策制定和评估提供数据支撑；支持结构性货币政策工具和宏观审慎管理；引导金融资源向绿色低碳领域配置,间接,环境,中国,国家,N/A,04/07/2013,04/07/2013,N/A,27/12/2019,制度建设可追溯至2013年7月4日原中国银监会办公厅《关于报送绿色信贷统计表的通知》（银监办发〔2013〕185号），首次建立绿色信贷季度统计报送。2018年以来中国人民银行统筹推进绿色贷款专项统计工作。2019年12月27日《中国人民银行关于修订绿色贷款专项统计制度的通知》（银发〔2019〕326号）对统计制度进行修订，统一绿色贷款统计口径、按绿色产业分类扩展统计维度、细化数据报送要求。2025年配合《绿色金融支持项目目录（2025年版）》的发布，绿色贷款统计口径进一步与统一绿色金融标准衔接。,生效,中国人民银行；中国人民银行分支机构,绿色贷款业务,N/A,本工具为绿色金融统计制度，统计对象为银行业金融机构的绿色贷款业务（包括节能环保、清洁生产、清洁能源、生态环境、基础设施绿色升级、绿色服务等绿色产业领域的贷款及有减排效应的项目和服务贷款），不直接监管实体排放资产。,N/A,N/A,企业,境内银行业金融机构，包括开发性银行、政策性银行、国有商业银行、股份制商业银行、城市商业银行、农村商业银行、外资银行等各类提供贷款业务的银行业金融机构法人及其分支机构。银行业金融机构须按照绿色贷款专项统计制度的统计口径和分类标准，准确统计和报送绿色贷款相关数据，对数据的真实性、准确性和完整性负责。,注册、许可及行政管理,银行业金融机构的绿色贷款统计报送活动。金融机构按照绿色贷款专项统计口径和分类标准核算本机构绿色贷款数据→通过金融统计监测管理信息系统等渠道按季度报送→中国人民银行及其分支机构审核、汇总并开展数据质量核查。,N/A,N/A,N/A,1）银行业金融机构须按照绿色贷款专项统计制度规定的统计口径、分类标准和报表格式，统计本机构绿色贷款的余额、发放额、投向行业、贷款用途（项目/服务）和贷款质量等数据；2）绿色贷款按绿色产业分类（节能环保、清洁生产、清洁能源、生态环境、基础设施绿色升级、绿色服务等）进行分类统计；3）统计数据按季度报送至中国人民银行（通过金融统计监测管理信息系统等报送渠道）；4）银行业金融机构对报送数据的真实性、准确性、完整性和及时性负责；5）中国人民银行及其分支机构对绿色贷款统计数据进行审核、汇总、分析并开展数据质量核查。,N/A,N/A,与银行业金融机构绿色金融评价方案（GFE）深度联动：绿色贷款专项统计数据是绿色金融业绩评价定量指标的核心数据来源。与碳减排支持工具等结构性货币政策工具联动：绿色贷款统计为货币政策工具的额度测算和效果评估提供依据。与宏观审慎评估（MPA）联动：绿色信贷情况纳入宏观审慎管理。与绿色金融标准体系联动：统计口径依据绿色产业指导目录和绿色金融支持项目目录。,银行业金融机构自行按照绿色贷款专项统计制度的统计口径和分类标准，采集、核算和填报本机构绿色贷款统计数据；中国人民银行及其分支机构负责数据审核、汇总和质量核查。,银行业金融机构通过中国人民银行金融统计监测管理信息系统等报送渠道在线报送绿色贷款专项统计报表（网络报送）。,按季度报送（每季度末后规定期限内报送上一季度绿色贷款统计数据）。,是（部分公开）。中国人民银行定期通过《金融机构贷款投向统计报告》等发布绿色贷款总量、增速和结构等汇总统计数据；单个金融机构的明细数据主要服务于监管和政策制定，不对外公开。,N/A,政府机构开展的监督检查,责令改正；通报,其他激励或支持,中国人民银行发布绿色贷款专项统计制度及统计口径说明、填报指南等配套文件；组织银行业金融机构开展绿色贷款统计业务培训；建设和维护金融统计监测管理信息系统绿色贷款统计模块，提供在线报送和数据校验支持。,N/A（本工具为绿色金融统计制度，通过引导信贷资源配置间接支持绿色低碳发展，无直接可量化的温室气体排放覆盖量）,N/A（本工具为间接金融工具，无直接的温室气体排放覆盖占比）,K64,CO2,正向,绿色产业发展；技术创新；污染防治,中国人民银行关于修订绿色贷款专项统计制度的通知,http://www.gzgfa.org.cn/Guojiazhengce-35/171.html,N/A
CHNREPGFSI02S000,工具,报告与披露要求,绿色金融统计,跨部门,N/A,绿色保险业务统计制度,Green Insurance Business Statistics System,关于构建绿色金融体系的指导意见（银发〔2016〕228号）,绿色保险业务统计制度是原中国银保监会建立的绿色金融统计制度，要求保险公司按照统一的统计口径和分类标准，定期报送绿色保险业务相关数据，系统掌握保险业服务绿色低碳发展、防范环境和气候风险的业务开展情况。制度明确了绿色保险的定义和统计范围，涵盖为环境保护、应对气候变化、节能减排、生态保护和绿色产业发展等提供风险保障和资金支持的保险业务，包括环境污染责任保险、绿色能源保险、绿色建筑保险、绿色交通保险、巨灾保险等险种。制度设置绿色保险业务统计表，包含承保件数、保险金额、保费收入、赔款支出等多项统计指标，保险公司总公司通过创新业务统计信息系统按月报送。制度由2022年11月10日《中国银保监会办公厅关于印发绿色保险业务统计制度的通知》（银保监办发〔2022〕103号）建立，是首次在全国范围内统一规范绿色保险业务统计的制度安排。通过绿色保险业务统计掌握保险业服务绿色发展的规模和结构，为绿色金融政策制定、保险监管和绿色保险产品创新提供数据基础。,系统掌握保险业绿色保险业务开展规模、结构和赔付情况；为绿色金融和绿色保险政策制定提供数据支撑；引导保险资金和保险保障服务绿色低碳发展；提升保险业环境和气候风险管理能力,间接,环境,中国,国家,N/A,10/11/2022,10/11/2022,N/A,N/A,N/A,生效,国家金融监督管理总局（原中国银保监会）；国家金融监督管理总局派出机构,绿色保险业务,N/A,本工具为绿色金融统计制度，统计对象为保险公司的绿色保险业务（涵盖环境污染责任保险、绿色能源保险、绿色建筑保险、绿色交通保险、巨灾保险等为绿色低碳发展提供风险保障和资金支持的保险业务），不直接监管实体排放资产。,N/A,N/A,企业,境内保险公司（财产保险公司、人身保险公司等）总公司。保险公司总公司须按照绿色保险业务统计制度的统计口径和分类标准，汇总本公司系统绿色保险业务数据并统一报送，对报送数据的真实性、准确性和完整性负责。,注册、许可及行政管理,保险公司的绿色保险业务统计报送活动。保险公司总公司按照绿色保险业务统计口径和分类标准汇总本公司系统绿色保险业务数据→通过创新业务统计信息系统按月报送→监管部门审核、汇总和分析。,N/A,N/A,N/A,1）保险公司总公司须按照绿色保险业务统计制度规定的统计口径、分类标准和报表格式，统计绿色保险业务的保单件数、保险金额、保费收入、赔款支出等数据；2）绿色保险按险种和服务领域进行分类统计；3）统计数据由保险公司总公司通过创新业务统计信息系统按月报送；4）保险公司对报送数据的真实性、准确性和完整性负责；5）监管部门对绿色保险业务统计数据进行审核、汇总和分析。,N/A,N/A,与绿色金融体系建设联动：绿色保险统计是绿色金融统计监测的重要组成部分。与绿色金融标准体系联动：绿色保险统计范围依据绿色产业和绿色金融相关标准界定。与保险监管制度联动：统计数据用于保险业环境和气候风险监管及绿色保险产品创新引导。,保险公司总公司自行按照绿色保险业务统计制度的统计口径和分类标准，汇总本公司绿色保险业务数据并填报；国家金融监督管理总局（原中国银保监会）负责数据审核和汇总。,保险公司总公司通过创新业务统计信息系统在线报送绿色保险业务统计报表（网络报送）。,按月报送（每月规定期限内报送上月绿色保险业务统计数据）。,是（部分公开）。监管部门通过行业统计和相关报告发布绿色保险业务总量等汇总数据；单个保险公司的明细数据主要服务于监管，不对外公开。,N/A,政府机构开展的监督检查,责令改正；通报,其他激励或支持,发布绿色保险业务统计制度及统计口径、指标说明和填报指南；组织保险公司开展绿色保险业务统计培训；建设和维护创新业务统计信息系统绿色保险统计模块。,N/A（本工具为绿色金融统计制度，通过保险保障和资金支持间接服务绿色低碳发展，无直接可量化的温室气体排放覆盖量）,N/A（本工具为间接金融工具，无直接的温室气体排放覆盖占比）,K65,CO2,正向,绿色产业发展；污染防治；生态保护,中国银保监会办公厅关于印发绿色保险业务统计制度的通知,https://www.nfra.gov.cn/cn/view/pages/ItemDetail.html?docId=1081137&itemId=915&generaltype=0,N/A
CHNREPESAI01S000,工具,报告与披露要求,能源统计与审计,建筑；交通,公共机构（党政机关、事业单位、团体组织）,公共机构能源消费统计调查与审计,Public Institution Energy Consumption Statistics Survey and Audit,N/A,公共机构能源消费统计调查与审计制度依据《公共机构节能条例》（国务院令第531号，2008年公布）建立，由国家机关事务管理局会同国家统计局等部门组织实施。制度包括两个相互衔接的部分：（1）能源资源消费统计调查——公共机构须按照《公共机构能源资源消费统计制度》定期报送用电、用水、用气、用油、用热以及建筑面积、用能人数、公务用车等能源资源消费数据，实行分级分类、逐级审核汇总的统计报表制度，覆盖全国党政机关、事业单位和团体组织；（2）能源审计——依据《公共机构能源审计管理暂行办法》，对重点用能公共机构定期开展能源审计，核查其能源消费、用能系统效率和节能管理状况，提出节能改进措施并跟踪整改。通过统计调查掌握公共机构能源消费底数、通过能源审计诊断用能问题，为公共机构能耗定额管理、节能目标考核和节约型机关建设提供信息基础。,推动公共机构节能；提高公共机构能源利用效率；发挥公共机构在全社会节能中的表率作用,间接,需求侧,中国,国家,N/A,01/08/2008,01/10/2008,N/A,01/03/2017,《公共机构节能条例》于2008年8月1日公布、2008年10月1日施行，2017年3月1日根据《国务院关于修改和废止部分行政法规的决定》（国务院令第686号）修订。配套的《公共机构能源资源消费统计制度》由国家机关事务管理局会同国家统计局制定，并根据工作需要定期修订更新统计指标和报表；《公共机构能源审计管理暂行办法》对公共机构能源审计的组织实施作出具体规定。,生效,国家机关事务管理局；国家统计局；国家发展和改革委员会；县级以上人民政府管理机关事务工作的机构,公共机构建筑、用能系统及公务用车,既有,统计和审计对象为公共机构（全部或者部分使用财政性资金的国家机关、事业单位和团体组织）的能源资源消费，涵盖办公建筑及其供暖、通风、空调、照明、热水等用能系统，以及公务用车、数据中心等用能设施。,N/A,N/A,公共机构（国家机关、事业单位、团体组织）,全部或者部分使用财政性资金的国家机关、事业单位和团体组织。中央国家机关及所属公共机构、地方各级公共机构分级组织统计和审计。重点用能公共机构（能源消费量较大或具有示范意义的公共机构）为能源审计的重点对象。,使用,公共机构在日常运行中消费能源资源的活动。公共机构须建立能源资源消费统计台账，按季度/年度报送能源资源消费数据；重点用能单位须配合开展能源审计，接受用能状况核查和节能诊断。,N/A,N/A,N/A,1）公共机构须指定专门机构或人员负责能源资源消费统计，建立统计台账，按照《公共机构能源资源消费统计制度》规定的指标、口径和报表格式，通过统计信息系统逐级报送能源资源消费数据（含用电、水、气、油、集中供热及建筑面积、用能人数、公务用车数量和行驶里程等）；2）统计数据实行分级审核、逐级汇总，管理机关事务工作的机构负责本级公共机构统计数据的审核汇总；3）重点用能公共机构须按规定周期接受能源审计，审计内容包括能源消费核算、用能系统效率检测、节能管理制度评价等，并根据审计结论制定和落实节能整改措施；4）能源资源消费统计数据和能源审计结果作为公共机构能耗定额、节能目标责任考核和节约型机关创建的依据。,N/A,N/A,与公共机构能耗定额管理和节能目标责任考核联动：统计数据是能耗定额核定和目标考核的基础。与公共机构节能规划和节约型机关创建联动：审计结论为节能改造和管理提升提供依据。与国家能源资源消费统计和政府能耗监管平台联动：数据纳入公共机构能源资源消费统计信息系统。,公共机构指定的能源资源消费统计人员负责数据采集、台账记录和报表填报；管理机关事务工作的机构负责逐级审核汇总；能源审计由公共机构委托具备资质的能源审计机构或由管理机关事务工作的机构组织实施。,通过公共机构能源资源消费统计信息系统在线填报和逐级上报（网络报送）；能源审计报告以书面形式提交管理机关事务工作的机构。,能源资源消费统计按季度和年度定期报送；能源审计按规定周期（一般每若干年一次）对重点用能公共机构开展。,是（部分公开）。国家机关事务管理局定期汇总并通报全国公共机构能源资源消费统计情况，部分汇总数据向社会公开；单个公共机构的详细能耗数据主要用于节能管理和目标考核。,N/A,政府机构开展的监督检查,行政处罚；通报批评；责令整改,表彰奖励,组织开展公共机构能源资源消费统计和能源审计业务培训；推广能耗监测和统计信息化系统；结合节约型机关创建开展节能宣传。,N/A,N/A,O84; P85; Q86,CO2,正向,能效提升；能源消耗减少；资源节约,公共机构节能条例（国务院令第531号）,https://www.gov.cn/zhengce/2008-08/11/content_2602516.htm,公共机构能源审计管理暂行办法：https://gbc.ggj.gov.cn/zcfg/bmgz/202201/t20220126_34491.htm
CHNCELELPI01S000,工具,比较性能效标签,产品和电器能效标签,工业；建筑；能源,家用电器制造；工业设备制造；办公设备制造；照明设备制造,能源效率标识,China Energy Label,N/A,"中国能源效率标识制度（China Energy Label, CEL）依据《节约能源法》建立，对节能潜力大、使用面广的用能产品实行统一的能效标识制度。国家制定并公布《中华人民共和国实行能源效率标识的产品目录》，列入目录的产品生产者、进口商须在产品或最小包装的明显部位标注统一格式的能效标识，标明能效等级、能效指标及依据的强制性国家标准编号。标识采用1-5级等级制，1级为最高能效。2005年3月1日起实施。2016年6月1日修订版施行，新增能效信息码（二维码）、网络销售标识展示要求和信用惩戒机制。截至2016年已发布12批目录，覆盖家用电器、办公及电子设备、工业设备、照明设备和商用设备5大领域33类产品，备案企业超过9000家，备案型号超过61万个，累计节电超过4000亿度。",节能降耗；信息透明；绿色消费引导,间接,需求侧,中国,国家,N/A,13/08/2004,01/03/2005,N/A,29/02/2016,首次制定于2004年8月13日（国家发展改革委、国家质检总局第17号令），2005年3月1日实施。2016年2月29日修订发布新版《能源效率标识管理办法》（第35号令），2016年6月1日施行，新增能效信息码（二维码）、网络销售标识展示要求、信用惩戒机制，并将监管对象扩展至网络商品经营者和第三方交易平台。,生效,国家发展和改革委员会；国家市场监督管理总局；中国标准化研究院（授权备案机构）,列入目录的用能产品,既有,由国家发展改革委、市场监管总局制定并公布《中华人民共和国实行能源效率标识的产品目录》，分批发布。截至2016年共12批33类产品，覆盖家用电器（电冰箱、房间空调器、洗衣机、电热水器、电磁炉、电饭锅、微波炉等）、办公及电子设备（计算机显示器、复印机、打印机、投影机等）、工业设备（电动机、变压器、通风机、空压机、冷水机组等）、照明设备（荧光灯、LED灯、高压钠灯等）和商用设备（商用制冷设备、多联式空调热泵机组等）。,N/A,N/A,企业,列入目录的用能产品的生产者、进口商和销售者（含网络交易经营者）。生产者/进口商须在上市前向中国标准化研究院备案能效标识及检测报告；销售者（含网络平台内经营者）须保证所售产品标识合规并在产品信息展示主页面醒目位置展示能效标识；第三方交易平台须督促平台内经营者履行标识义务。,生产；进口；销售,"用能产品的生产、进口和销售活动。生产者负责检测产品能效、备案标识、在产品或最小包装的明显部位标注能效标识；网络销售者须在产品信息展示主页面醒目位置展示能效标识；第三方交易平台须对平台内经营者履行标识义务进行督促。列入国家能效""领跑者""目录的产品须在标识中体现领跑者信息。",N/A,N/A,N/A,"1）列入目录的用能产品须标注统一格式的""中国能效标识""（China Energy Label），标识须包含生产者名称/规格型号、能效等级（1-5级，1级最高）、能效指标、依据的强制性国家标准编号和能效信息码（二维码）；2）生产者/进口商须在产品上市前向中国标准化研究院备案能效标识及能效检测报告，产品能效须经国家认可的第三方检测机构或符合资质的企业自有实验室检测确定；3）在网络交易产品信息展示主页面醒目位置展示能效标识；4）列入国家能效""领跑者""目录的产品须在标识中体现领跑者信息。",N/A,N/A,"与能效强制性国家标准（MEPS）联动：产品能效等级划分以对应产品的强制性能效标准（如GB 12021系列、GB 18613、GB 21455等）为依据，标识中的能效指标直接引用标准限值。与能效""领跑者""制度联动：列入领跑者目录的产品须在标识中体现相关信息。与绿色产品认证和政府绿色采购联动：高能效等级产品优先纳入政府采购节能产品清单。",生产者/进口商自行或委托第三方检测机构检测确定产品能效等级，向中国标准化研究院备案并提供检测报告。中国标准化研究院负责能效标识备案信息系统的管理和维护。,产品实物或最小包装上粘贴/印刷能效标识（物理载体）；网络销售须在产品信息展示主页面醒目位置展示标识图像或包含能效信息码（电子载体）；备案信息在中国能效标识网公开（网络公示）。,一次性（产品上市前备案）；产品型号或能效信息变更时须重新备案；标识在产品上持续展示至最终销售。,是。中国能效标识网（www.energylabel.com.cn）公开备案产品的能效标识信息，消费者可在线查询和验证。市场监管部门定期公布能效标识监督抽查结果。,比较性标签（1-5级能效等级，等级制，含能效信息码/二维码）,政府机构开展的监督检查,行政处罚；罚款；责令整改；信用惩戒,税收优惠；财政补贴,结合全国节能宣传周等开展能效标识宣传和消费者教育，提高公众高效用能意识；对企业和检测机构开展能效标识技术培训。,N/A,N/A,C27; C28; G47,CO2,正向,能效提升；能源消耗减少；绿色消费引导；技术创新,能源效率标识管理办法（国家发展改革委、国家质检总局第35号令，2016年修订）,https://www.gov.cn/gongbao/content/2016/content_5074057.htm,https://www.energylabel.com.cn
CHNCELELBI01S000,工具,比较性能效标签,建筑能效标签,建筑,房屋建筑工程建筑,民用建筑能效测评标识,Civil Building Energy Efficiency Evaluation and Labeling,N/A,民用建筑能效测评标识制度由住房和城乡建设部于2008年以建科[2008]80号通知试行，依据《民用建筑能效测评标识管理暂行办法》和《民用建筑能效测评标识技术导则》实施。该制度要求四类民用建筑须进行能效测评并标识：（1）新建（改扩建）国家机关办公建筑和大型公共建筑（单体建筑面积≥2万平方米）；（2）实施节能综合改造并申请财政支持的国家机关办公建筑和大型公共建筑；（3）国家级或省级节能示范工程建筑；（4）申请绿色建筑评价标识的建筑。测评内容包括建筑能源消耗量及用能系统效率等性能指标的计算和检测。能效等级按基础项节能率划分为五个星级（★至★★★★★），标识分两阶段实施：竣工验收后依据理论值核发标识（有效期1年），投入运行满一年后依据实测值更新标识（有效期5年）。测评机构按国家和省两级设置，须经住房城乡建设主管部门认定。,建筑节能；信息透明；绿色建筑推广,间接,需求侧,中国,国家,N/A,28/04/2008,28/04/2008,N/A,N/A,N/A,生效,住房和城乡建设部；省级住房城乡建设主管部门；国家和省级建筑能效测评机构,民用建筑,既有,强制测评范围：（1）新建（改扩建）国家机关办公建筑和大型公共建筑（单体建筑面积≥2万平方米）；（2）实施节能综合改造并申请财政支持的国家机关办公建筑和大型公共建筑；（3）国家级或省级节能示范工程建筑；（4）申请绿色建筑评价标识的建筑。测评对象为建筑整体，涵盖围护结构、供暖通风空调、照明、热水供应等用能系统。,N/A,N/A,企业,建设单位（开发商）负责委托测评机构进行能效测评并申请标识；建筑产权所有人负责运行阶段实测值标识的申请和维护；建筑设计、施工和物业管理单位分别在设计、施工建造和运行阶段配合测评工作。,设计；建造；运行,建筑的设计、施工建造和运行阶段均涉及能效测评标识活动。设计阶段进行能效预评估；竣工验收后进行理论值测评并核发标识；建筑投入运行满一年后进行实测值测评并更新标识。测评机构按照《民用建筑能效测评标识技术导则》进行计算和必要的现场检测。,N/A,N/A,N/A,1）上述四类民用建筑须委托经住房城乡建设主管部门认定的国家或省级建筑能效测评机构进行测评；2）测评机构依据《民用建筑能效测评标识技术导则》（建科[2008]118号）进行计算和检测，确定能效等级（★至★★★★★，五星为最高）；3）竣工验收后核发理论值标识（有效期1年），运行满一年后更新为实测值标识（有效期5年）；4）测评结果和标识须在建筑入口或显著位置公示；5）建筑未按规定进行能效测评标识的，不予通过竣工验收备案。,N/A,N/A,与建筑节能强制性标准（GB 55015-2021《建筑节能与可再生能源利用通用规范》等）联动：建筑节能率计算以强制性通用规范和设计标准为基准，标识等级（星级）反映建筑实际能效高于强制性标准基准的幅度。与绿色建筑评价标识联动：申请绿色建筑标识须以能效测评标识为前提。与建筑能耗统计、能源审计、能效公示制度联动：运行阶段的能耗数据为实测值标识更新提供依据。,建设单位/产权所有人委托经住房城乡建设主管部门认定的建筑能效测评机构进行测评；测评机构依据技术导则进行计算和必要的现场检测，向主管部门提交测评报告；主管部门审核后核发标识。,能效标识以星级证书和标识牌形式在建筑入口或显著位置明示（物理载体）；测评结果纳入建筑节能监管信息平台和建筑能耗公示系统（网络公示）。,理论值标识：竣工验收后一次性核发（有效期1年）；实测值标识：运行满一年后一次性更新（有效期5年）；到期后须重新测评换发。,是。测评结果和标识信息通过建筑节能监管信息平台和建筑能耗公示系统向公众公开。标识牌在建筑入口或显著位置公示，供社会公众查看。,比较性标签（1-5星级，★至★★★★★，基于建筑节能率高于强制性标准基准的幅度）,政府机构开展的监督检查,行政处罚；责令整改；取消测评机构资格,N/A,组织开展建筑能效测评技术培训，支持国家和省级建筑能效测评机构的认定和能力建设；结合绿色建筑推广开展建筑能效标识宣传。,N/A,N/A,F41,CO2,正向,建筑领域节能；能源消耗减少；绿色建筑产业发展,关于试行民用建筑能效测评标识制度的通知（建科[2008]80号）,https://www.mohurd.gov.cn/gongkai/zc/wjk/art/2008/art_17339_167570.html,民用建筑节能条例（国务院令第530号）：https://www.gov.cn/zhengce/content/2008-08/08/content_4927.htm
CHNCELELVI01S000,工具,比较性能效标签,车辆能效标签,交通,道路运输,轻型汽车能源消耗量标识,Light-duty Vehicle Energy Consumption Label,N/A,"轻型汽车能源消耗量标识制度由中国强制性国家标准和工信部管理规定共同建立。GB 22757-2008《轻型汽车燃料消耗量标识》（强制性国家标准）于2008年12月31日发布，2009年7月1日实施。工业和信息化部于2009年7月31日发布《轻型汽车燃料消耗量标示管理规定》（工装[2009]第50号），自2010年1月1日起施行。适用于最大设计总质量不超过3500kg的M1类（乘用车）、M2类（小型客车）和N1类（轻型货车）车辆。新车出厂销售时必须在车辆内部侧车窗或风挡玻璃上粘贴统一格式的《汽车燃料消耗量标识》（现行标准更名为《汽车能源消耗量标识》），标明生产企业、车辆型号、发动机排量和功率、燃料类型、变速器类型、驱动型式、整备质量和最大设计总质量、市区/市郊/综合燃料消耗量（L/100km）、适用的燃料消耗量限值标准及限值、以及标识燃料消耗量与实际燃料消耗量差别的说明。油耗数据须由工信部指定检测机构按GB/T 19233标准检测确认，标识样本须在车型上市前报工信部备案。GB 22757-2008于2018年1月1日废止，由GB 22757.1-2017《轻型汽车能源消耗量标识 第1部分：汽油和柴油汽车》替代，将""燃料消耗量""更新为""能源消耗量""，标准体系扩展至新能源车型。",引导高效节能汽车消费；信息透明,间接,需求侧,中国,国家,N/A,31/12/2008,01/01/2010,N/A,2017,"首次制定于2008年12月31日（GB 22757-2008），2009年7月1日实施。2009年7月31日工信部发布《轻型汽车燃料消耗量标示管理规定》（工装[2009]第50号），自2010年1月1日起施行。2017年发布GB 22757.1-2017《轻型汽车能源消耗量标识 第1部分：汽油和柴油汽车》，替代GB 22757-2008（2018年1月1日起实施），将标准名称中的""燃料消耗量""更新为""能源消耗量""，扩充标识内容要求，并扩展标准体系至可外接充电式混合动力电动汽车等新能源车型（GB 22757.2）。",生效,工业和信息化部；国家市场监督管理总局；中国汽车技术研究中心（技术支撑单位）,轻型汽车（M1、M2、N1类，总质量≤3500kg）,既有,适用于最大设计总质量不超过3500kg的M1类（乘用车，座位数≤9座）、M2类（小型客车，座位数>9座且总质量≤5吨）和N1类（轻型货车，总质量≤3.5吨）车辆。早期GB 22757-2008适用于燃用汽油或柴油燃料的车辆，不适用于混合动力电动汽车；GB 22757.1-2017（现有标准）已将适用范围扩展至可外接充电式混合动力电动汽车（PHEV）等新能源车型。,N/A,N/A,企业,汽车生产企业（进口商）负责委托检测机构进行油耗/能耗检测、在车型上市前将标识样本报工信部备案，并在每辆出厂新车上粘贴标识；汽车经销商（销售者）须确保所售车辆标识完整、粘贴规范且在消费者可见位置。,生产；进口；销售,汽车生产、进口和销售环节的能源消耗量标识活动。生产企业在车型上市前委托工信部指定检测机构按GB/T 19233标准检测确定油耗/能耗数据→将标识样本及检测报告报工信部备案→按备案格式印制标识并粘贴于每辆出厂新车→工信部通过官方网站公布车型油耗/能耗数据。销售环节须保持标识完整清晰。,N/A,N/A,N/A,1）新车出厂销售时必须在车辆内部侧车窗或风挡玻璃上粘贴《汽车能源消耗量标识》，粘贴位置内容朝外便于车外阅读，不对驾驶员视野构成影响；2）标识须包含以下信息：生产企业名称、车辆型号、发动机型号/排量/额定功率、燃料类型、变速器类型、驱动型式、整备质量与最大设计总质量、市区/市郊/综合燃料消耗量（L/100km）、适用的燃料消耗量限值标准及各阶段限值实施日期和对应限值、标识燃料消耗量与实际燃料消耗量差别的说明、标识启用日期及政府主管部门规定的其他信息；3）油耗/能耗数据须由工信部指定检测机构按GB/T 19233标准检测确认；4）标识样本须在车型上市销售前报工信部备案。,N/A,N/A,"与乘用车燃料消耗量限值标准（GB 19578等FEC标准）联动：标识中须标明适用的限值标准及各阶段限值，消费者可直接对比标识值与限值。与乘用车双积分管理（CAFC/NEV）联动：标识中的燃料消耗量数据为CAFC核算提供车型基础数据。与工信部""汽车燃料消耗量通告""公示制度联动：标识制度提供车型数据，公示制度向社会公开发布，共同构成汽车能耗信息透明体系。",汽车生产企业（进口商）委托工信部指定检测机构（如中国汽车技术研究中心）按GB/T 19233《轻型汽车燃料消耗量试验方法》检测确定油耗/能耗数据→车型上市前将标识样本和检测报告报工业和信息化部备案→工信部审核备案→生产企业按备案格式印制并粘贴标识。,"标识以物理标签形式粘贴于每辆出厂新车的侧车窗或风挡玻璃上（面向车外，便于消费者在车外阅读）；工信部在官方网站（www.miit.gov.cn）定期发布""汽车燃料消耗量通告""，公布各车型油耗数据（网络公示）。",一次性（车型上市前备案）。车型能源消耗量数据变更时须重新备案。每辆新车出厂时均须粘贴标识，直至销售给最终消费者。工信部定期（通常每年数次）发布车型油耗通告。,是。工信部定期在官方网站公布所有备案车型的燃料消耗量/能源消耗量数据，供社会公众查询和比较；消费者购车时可直接在车辆侧车窗或风挡玻璃上查看粘贴的标识。,比较性标签（含综合、市区、市郊燃料消耗量数值及适用的强制性限值标准，便于消费者横向比较）,政府机构开展的监督检查,行政处罚；责令整改,N/A,"通过工信部""汽车燃料消耗量通告""定期公开发布车型油耗数据，引导消费者选购节能汽车，促进汽车生产企业开发高效节能车型。结合节能宣传周等活动开展汽车节能消费宣传。",N/A,N/A,C29; G45,CO2,正向,绿色消费引导；交通运输领域节能；能源消耗减少,轻型汽车燃料消耗量标示管理规定（工装[2009]第50号）；GB 22757.1-2017《轻型汽车能源消耗量标识 第1部分：汽油和柴油汽车》,https://www.miit.gov.cn/jgsj/zbys/qcgy/art/2020/art_3fa9c86d1d6d4339a3dca85de7cdacfa.html,https://yhgscx.miit.gov.cn/fuel-consumption-web/
CHNCBAIGCI01S000,工具,能力建设与公众意识,产业指导目录,跨部门,N/A,绿色低碳转型产业指导目录,Green Low-Carbon Transition Industry Guidance Catalogue,N/A,绿色低碳转型产业指导目录是由国家发展改革委会同多部门发布的产业指导类信息工具，通过界定绿色低碳产业范围、统一绿色产业认定标准，厘清产业边界并引导投资、价格、金融、税收等政策资源投向绿色低碳领域。目录以产业活动为基础分级分类，涵盖节能降碳产业、环境保护产业、资源循环利用产业、能源绿色低碳转型、生态保护修复和利用、基础设施绿色升级、绿色服务等领域，对各类活动明确内涵、界定条件和适用的法规政策标准。目录建设可追溯至2019年《绿色产业指导目录（2019年版）》（发改环资〔2019〕293号，由国家发展改革委等7部门联合印发，分节能环保、清洁生产、清洁能源、生态环境、基础设施绿色升级、绿色服务6大类）。2024年修订更名为《绿色低碳转型产业指导目录（2024年版）》（发改环资〔2024〕165号，由国家发展改革委等10部门联合印发），全面落实碳达峰碳中和战略，调整为节能降碳产业、环境保护产业、资源循环利用产业等7大类31类二级246类三级目录，并新增温室气体控制等内容。目录作为各部门制定细化目录、子目录及配套支持政策的共同基础，为地方、行业和市场主体识别绿色低碳产业活动提供权威参考。,厘清绿色低碳产业边界；统一绿色产业认定标准；引导投资、价格、金融、税收等政策资源投向绿色低碳领域；支撑经济社会发展全面绿色转型和碳达峰碳中和目标实现,直接,供给侧,中国,国家,N/A,14/02/2019,14/02/2019,N/A,29/02/2024,目录建设可追溯至2019年2月14日《绿色产业指导目录（2019年版）》（发改环资〔2019〕293号），由国家发展改革委、工业和信息化部、自然资源部、生态环境部、住房城乡建设部、人民银行、国家能源局等7部门联合印发，设节能环保、清洁生产、清洁能源、生态环境、基础设施绿色升级、绿色服务6大类。2024年2月修订更名为《绿色低碳转型产业指导目录（2024年版）》（发改环资〔2024〕165号，制发日期2024年2月2日），由国家发展改革委等10部门联合印发，调整为节能降碳产业、环境保护产业、资源循环利用产业、能源绿色低碳转型、生态保护修复和利用、基础设施绿色升级、绿色服务7大类（31类二级、246类三级），纳入低碳转型相关产业并新增温室气体控制等内容。,生效,国家发展改革委、工业和信息化部、自然资源部、生态环境部、住房城乡建设部、交通运输部、中国人民银行、金融监管总局、中国证监会、国家能源局（2024年版）；国家发展改革委等7部门（2019年版）,绿色低碳产业活动（产业分类标准）,N/A,本工具为产业指导目录，界定对象为节能降碳、环境保护、资源循环利用、绿色能源、生态保护修复、绿色基础设施、绿色服务等领域的绿色低碳产业活动分类，不直接监管实体排放资产。,N/A,N/A,企业,各领域从事绿色低碳产业活动的企业及相关市场主体，以及依据目录制定配套政策的各部门和地方。市场主体可自主参考目录识别绿色低碳产业活动，目录本身为指导性质，不设强制性义务。,生产,目录界定和覆盖的对象为各领域绿色低碳产业的生产活动，涵盖节能降碳、环境保护、资源循环利用、能源绿色低碳转型、生态保护修复和利用、基础设施绿色升级、绿色服务等领域中符合条件的产业生产、制造和服务提供活动。目录对这些绿色低碳产业活动明确内涵、界定条件和适用的法规政策标准，引导相关生产活动向绿色低碳方向转型。,N/A,N/A,N/A,1）目录按产业类别分级分类列出绿色低碳产业活动，对各类活动明确内涵、界定条件和适用的法规政策标准；2）各地方、各部门以目录为基础出台投资、价格、金融、税收等配套支持政策，并逐步制定细化目录或子目录；3）目录为指导性和自愿性质，不设强制性合规义务和处罚；4）目录适时修订更新，并做好与既有绿色产业支持政策的衔接。,N/A,N/A,作为绿色金融、绿色投资、绿色财税等政策的产业界定基础：绿色金融支持项目目录等即以本目录为编制基础之一。与绿色技术推广目录、产业结构调整指导目录等形成协同，共同引导产业绿色低碳转型。,国家发展改革委（环境和资源综合利用司）会同相关部门负责组织目录的研究编制、修订和发布。,国家发展改革委等部门通过通知和门户网站公开发布目录（政府公开发布）。,不定期修订更新（2019年版、2024年版）。,是（公开）。目录通过主管部门通知和门户网站向社会全文公开。,N/A,无合规监测,无合规执行,其他激励或支持,国家发展改革委等部门发布目录及解释说明；组织绿色产业专家委员会提供专业意见；指导各地方、各部门和市场主体依据目录识别和支持绿色低碳产业活动。,N/A（本工具为产业指导目录，通过统一绿色产业标准并引导资源投向绿色低碳产业间接支持减排，无直接可量化的温室气体排放覆盖量）,N/A（本工具为间接产业指导工具，无直接的温室气体排放覆盖占比）,M72,CO2; CH4; N2O,正向,绿色产业发展；技术创新；污染防治；资源节约；循环经济,关于印发《绿色低碳转型产业指导目录（2024年版）》的通知（发改环资〔2024〕165号）,https://zfxxgk.ndrc.gov.cn/web/iteminfo.jsp?id=20340,N/A
CHNCBAPACI01S000,工具,能力建设与公众意识,公众宣传教育活动,废弃物,N/A,全国城市生活垃圾分类宣传周,National Urban Waste Sorting Awareness Week,N/A,全国城市生活垃圾分类宣传周由住房和城乡建设部、教育部、国家机关事务管理局、中华全国总工会、共青团中央五部门联合设立，自2023年起每年5月第四周举办，是全国性公众宣传教育活动，旨在提升全社会对生活垃圾分类的认知度和参与度，推动垃圾分类从“新时尚”变为“好习惯”。宣传周活动内容包括：传达中央关于垃圾分类的部署要求；宣贯垃圾分类相关制度政策标准；宣介阶段性工作成果和典型城市经验；推广各地垃圾分类实践中的可行做法；普及生活垃圾分类知识和方法。宣传周采用“线上+线下”相结合方式，通过媒体报道、公益广告、主题活动、志愿服务、知识竞赛等多种形式开展。宣传周设立以来，每年确定一个主题，如2023年“让垃圾分类成为新时尚”、2024年“践行新时尚 分类志愿行”、2025年“分类齐参与 低碳新时尚”。各地方住房城乡建设（环卫）主管部门会同相关部门制定本地区实施方案并组织实施。,提升公众生活垃圾分类意识和知识水平；引导公众积极参与垃圾分类实践；推动城市生活垃圾减量化、资源化、无害化处理；促进绿色低碳生活方式形成,直接,需求侧,中国,国家,N/A,18/05/2023,18/05/2023,N/A,N/A,N/A,生效,住房和城乡建设部；教育部；国家机关事务管理局；中华全国总工会；共青团中央,公众意识/知识（宣传教育）,N/A,本工具为公众宣传教育活动，界定和覆盖的对象为生活垃圾分类相关的公众意识和行为，不直接监管实体排放资产。宣传周通过知识普及、行为倡导等非强制性手段引导公众提高垃圾分类意识、参与垃圾分类实践。,N/A,N/A,社会公众；企业；公共机构,城市居民和家庭（生活垃圾分类投放主体）；机关、企事业单位、学校、社会团体等（分类投放和分类管理责任人）；环卫服务企业和从业人员（分类收集、运输和处理主体，但不设强制性要求）。参与者为自愿性质，通过宣传教育引导行为改变，不设强制性合规义务和处罚。,收集或分类（消费后）,宣传周覆盖的宣传教育对象为城市生活垃圾从产生、分类投放到收集转运的全过程行为，重点引导居民在源头进行生活垃圾分类（可回收物、有害垃圾、厨余垃圾、其他垃圾），帮助公众掌握分类知识和技能，养成分类投放习惯。宣传周本身为信息传播和公众教育活动，不直接监管排放活动。,N/A,N/A,N/A,1）每年5月第四周在全国范围内组织开展城市生活垃圾分类宣传周活动；2）围绕制度政策宣贯、工作成果展示、典型经验推广、分类知识普及等内容开展宣传活动；3）采用“线上+线下”相结合方式，通过多种媒体渠道和活动形式覆盖社会公众；4）各地方制定实施方案并组织实施，活动结束后报送总结；5）活动为宣传教育性质，不设强制性合规义务和处罚。,N/A,N/A,与《固体废物污染环境防治法》和城市生活垃圾分类管理相关法规制度衔接，为分类制度落地执行提供公众认知基础和社会氛围支撑；与生活垃圾分类示范城市创建、垃圾分类考核评估等工作协同推进。,住房和城乡建设部（城市建设司）会同教育部、国管局、全国总工会、共青团中央联合制发年度活动通知。,住房和城乡建设部等五部门通过通知和门户网站公开发布活动方案（政府公开发布）；宣传内容通过传统媒体、新媒体、社区宣传栏、志愿服务等渠道向公众传播。,每年一次（每年5月第四周），每年印发活动通知。,是（公开）。宣传周活动通知和活动内容通过政府网站和各类媒体向社会公开。,N/A,无合规监测,无合规执行,其他激励或支持,住房和城乡建设部等部门制作垃圾分类宣传资料并组织分发；通过媒体报道、公益广告、主题活动、志愿服务和知识竞赛等多种形式向公众传播垃圾分类知识；组织垃圾分类科普教育基地和示范场所向公众开放；引导各地开展垃圾分类主题公园、体验馆等宣传教育设施建设。,N/A（本工具为公众宣传教育活动，通过提高垃圾分类意识和参与率间接减少垃圾填埋产生的甲烷排放，无直接可量化的排放覆盖量）,N/A（本工具为间接宣传教育工具，无直接的温室气体排放覆盖占比）,E38,CO2; CH4,正向,资源节约；循环经济；污染防治；绿色产业发展,住房和城乡建设部办公厅等五部门关于开展“全国城市生活垃圾分类宣传周”活动的通知,https://gbc.ggj.gov.cn/xwzx/ggjxw/202305/t20230522_42974.htm,N/A
CHNCBAPACI03S000,工具,能力建设与公众意识,公众宣传教育活动,跨部门,N/A,全国节能宣传周,National Energy Conservation Awareness Week,N/A,全国节能宣传周是在1990年国务院第六次节能办公会议（国阅[1990]129号）决定设立的基础上，自1991年起每年举办的全国性节能主题宣传教育活动，是中国设立最早、持续时间最长的全国性节能公益宣传活动。首届宣传周于1991年10月7日至12日举行，由原国家计委、广播电影电视部、共青团中央、能源部、全国总工会和中国科学技术协会联合发起。原安排每年10月至11月，2004年起调整为每年6月（应对夏季用电高峰）。2013年起，每年节能宣传周第三天定为“全国低碳日”。宣传周由国家发展改革委和生态环境部牵头，会同教育部、科技部、工业和信息化部等多部门联合印发年度活动通知（发改环资），各地方和部门按职责分工组织实施。宣传周围绕年度主题，宣传节能法律法规和标准规范，展示节能降碳技术和产品，推广先进节能经验和做法，普及节能知识和方法，通过“线上+线下”方式开展形式多样的宣传活动，覆盖工业、建筑、交通、公共机构等重点领域。活动结束后，各地各部门须将活动情况报送国家发展改革委和生态环境部。,宣传节能法律法规和标准规范；展示节能降碳技术和产品；推广先进节能经验；普及节能知识和方法；提高全民节能意识和能力；推动形成绿色低碳的生产方式和生活方式,直接,需求侧,中国,国家,N/A,07/10/1991,07/10/1991,N/A,17/06/2013,全国节能宣传周自1991年起每年举办，最初安排在每年10月至11月。2004年调整至每年6月以应对夏季用电高峰。2013年起增设全国低碳日（节能宣传周第三天）。活动由国务院节能办公会议决定设立，每年由国家发展改革委牵头联合多部门印发年度活动通知，年度主题和重点内容随节能工作形势调整。,生效,国家发展和改革委员会；生态环境部；会同教育部、科技部、工业和信息化部、住房和城乡建设部、交通运输部、农业农村部、商务部、国务院国资委、市场监管总局、广电总局、国家机关事务管理局、全国总工会、共青团中央、全国妇联等多部门,公众意识/知识（宣传教育）,N/A,本工具为公众宣传教育活动，界定和覆盖的对象为全社会节能意识和节能知识，不直接监管实体排放资产。宣传周通过节能知识普及、技术展示和经验推广等非强制性手段提高全社会节能意识，引导企业和公众采取节能行动。,N/A,N/A,社会公众；企业；公共机构,全社会各类用能主体，包括工业生产企业、建筑运营单位、交通运输企业、公共机构（政府机关、学校、医院等）以及居民家庭和个人。宣传周为面向全社会的宣传教育活动，各主体可自主参与，不设强制性合规义务和处罚。,消费,宣传周宣传教育覆盖全社会各领域的能源消费行为，包括工业生产用能、建筑运营用能（供暖、制冷、照明）、交通运输用能（车辆运行、出行方式选择）、公共机构用能和居民生活用能等。活动通过倡导节能行为和高效用能实践，引导全社会在能源消费活动中节约和提高能效。,N/A,N/A,N/A,1）每年6月在全国范围内组织开展全国节能宣传周活动；2）国家发展改革委和生态环境部牵头制定年度活动方案，会同多部门联合印发通知；3）各地方和部门围绕年度主题，采取“线上+线下”方式开展形式多样的宣传活动；4）活动结束后各地各部门将总结报送国家发展改革委（环资司）和生态环境部（气候司）；5）活动为宣传教育性质，不设强制性合规义务和处罚。,N/A,N/A,与全国低碳日（每年节能宣传周第三天）同期联合举办，共享年度活动通知和组织体系；与节能产品惠民工程、能效标识制度、能效“领跑者”制度等节能政策和标准体系衔接，为其提供公众认知基础；与公共机构节能管理和工业节能监察形成宣传和监管配合。,国家发展改革委（资源节约和环境保护司）和生态环境部（应对气候变化司）联合牵头制定年度活动方案。,国家发展改革委等部门通过政府网站和通知公开发布年度活动方案（政府公开发布）；宣传教育内容通过传统媒体、新媒体、户外广告、社区宣传、现场活动等渠道向社会传播。,每年一次（每年6月），每年印发活动通知。,是（公开）。节能宣传周活动通知和内容通过政府网站和各类媒体渠道向社会公开。,N/A,无合规监测,无合规执行,其他激励或支持,国家发展改革委等牵头部门制作节能宣传资料并组织媒体宣传；通过节能技术展示、产品推介、经验交流、知识竞赛和公益广告等形式向企业和公众传播节能知识和方法；组织节能服务机构开展节能诊断和咨询服务；开展节能先进典型和最佳实践的宣传推广；各地方结合实际情况组织地方特色活动。,N/A（本工具为公众宣传教育活动，通过提高全社会节能意识和能力间接减少化石能源消费碳排放，无直接可量化的排放覆盖量）,N/A（本工具为间接宣传教育工具，无直接的温室气体排放覆盖占比）,M72,CO2; CH4; N2O,正向,能源消耗减少；能源安全；绿色产业发展；技术创新；污染防治,国家发展改革委 生态环境部关于开展2026年全国节能宣传周和全国低碳日活动的通知（发改环资〔2026〕664号）,https://www.ndrc.gov.cn/xwdt/tzgg/202605/t20260520_1405335.html,https://zfxxgk.ndrc.gov.cn/web/iteminfo.jsp?id=20632
CHNCBAPACI04S000,工具,能力建设与公众意识,公众宣传教育活动,跨部门,N/A,全国低碳日,National Low-Carbon Day,N/A,全国低碳日由2012年9月19日国务院常务会议决定设立，自2013年起将每年全国节能宣传周的第三天定为全国低碳日，旨在普及气候变化知识，宣传低碳发展理念和政策，鼓励公众参与，推动落实控制温室气体排放任务。首个全国低碳日为2013年6月17日。全国低碳日由国家发展改革委和生态环境部牵头，会同多部门联合印发年度活动通知（与全国节能宣传周同文印发），各地方和部门按职责分工组织实施。全国低碳日每年设定一个活动主题，围绕应对气候变化、推动绿色低碳发展、普及碳排放双控和碳市场知识等内容，通过“线上+线下”方式开展形式多样的宣传活动，包括主题宣讲、媒体宣传、公众体验、低碳日现场活动等，倡导绿色低碳生产生活方式，动员全社会参与碳达峰碳中和行动。活动目的之一是配合全国碳排放权交易市场的宣传推广，提高企业和公众对碳市场、碳普惠、碳足迹等的认知和参与意识。,普及气候变化知识；宣传绿色低碳发展理念和政策；鼓励公众参与应对气候变化行动；推动落实控制温室气体排放任务；营造绿色低碳社会风尚,直接,需求侧,中国,国家,N/A,19/09/2012,17/06/2013,N/A,N/A,N/A,生效,国家发展和改革委员会；生态环境部；会同教育部、科技部、工业和信息化部、住房和城乡建设部、交通运输部等多部门,公众意识/知识（宣传教育）,N/A,本工具为公众宣传教育活动，界定和覆盖的对象为全社会应对气候变化和低碳发展意识及知识，不直接监管实体排放资产。全国低碳日通过气候变化知识普及和低碳理念传播等非强制性手段提高全社会低碳意识，引导企业和公众采取低碳行动。,N/A,N/A,社会公众；企业；公共机构,全社会各类主体，包括工业企业、建筑运营单位、交通运输企业、公共机构以及居民家庭和个人。全国低碳日为面向全社会的宣传教育活动，各主体可自主参与，不设强制性合规义务和处罚。,消费,全国低碳日宣传教育覆盖全社会各领域的碳排放行为，重点引导公众在能源消费、交通出行、消费购物和日常生活等方面的低碳选择，包括节约用电用水用气、优先选择公共交通和绿色出行、减少一次性用品使用、践行光盘行动和低碳消费等。活动本身为宣传教育性质，不直接监管特定排放活动。,N/A,N/A,N/A,1）每年全国节能宣传周的第三天定为全国低碳日，在全国范围内组织开展低碳主题宣传教育活动；2）国家发展改革委和生态环境部牵头制定年度活动方案，与全国节能宣传周同文印发通知（发改环资）；3）各地方和部门围绕年度主题，采取“线上+线下”方式开展形式多样的宣传活动；4）活动结束后各地各部门将总结报送国家发展改革委和生态环境部；5）活动为宣传教育性质，不设强制性合规义务和处罚。,N/A,N/A,与全国节能宣传周同期联合举办，共享年度活动通知和组织体系；与全国碳市场（ETS）和碳普惠机制衔接，为碳市场运行提供公众认知基础和社会氛围支撑；与全国生态日等生态文明宣传教育矩阵协同。,国家发展改革委（资源节约和环境保护司）和生态环境部（应对气候变化司）联合牵头制定年度活动方案。,国家发展改革委等部门通过政府网站和通知公开发布年度活动方案（政府公开发布）；宣传教育内容通过传统媒体、新媒体、社区宣传、现场活动等渠道向社会传播。,每年一次（每年节能宣传周第三天，约6月中旬），每年印发活动通知。,是（公开）。全国低碳日活动通知和内容通过政府网站和各类媒体渠道向社会公开。,N/A,无合规监测,无合规执行,其他激励或支持,国家发展改革委和生态环境部等牵头部门组织全国低碳日主场活动；制作和发布气候变化与低碳发展科普宣传资料；通过媒体专题报道、公益广告、知识竞赛和公众体验活动等形式传播气候变化知识和低碳理念；引导地方开展低碳社区、低碳校园、低碳出行等主题实践活动；围绕全国碳市场、碳普惠、碳足迹等开展政策解读和公众宣传。,N/A（本工具为公众宣传教育活动，通过提高全社会应对气候变化意识和低碳行动参与度间接减少温室气体排放，无直接可量化的排放覆盖量）,N/A（本工具为间接宣传教育工具，无直接的温室气体排放覆盖占比）,M72,CO2; CH4; N2O,正向,能源消耗减少；绿色产业发展；技术创新；污染防治；公众健康,国家发展改革委 生态环境部关于开展2026年全国节能宣传周和全国低碳日活动的通知（发改环资〔2026〕664号）,https://www.ndrc.gov.cn/xwdt/tzgg/202605/t20260520_1405335.html,https://www.gov.cn/zwgk/2013-05/07/content_2397275.htm
CHNCBAPACI05S000,工具,能力建设与公众意识,公众宣传教育活动,交通,N/A,绿色出行宣传月和公交出行宣传周,Green Travel Awareness Month and Public Transit Awareness Week,N/A,绿色出行宣传月和公交出行宣传周是由交通运输部牵头，会同公安部、民政部、国家机关事务管理局、中华全国总工会、共青团中央、中国残疾人联合会等多部门联合组织的全国性绿色出行主题宣传教育活动。公交出行宣传周最早于2013年由交通运输部设立，定于每年9月16日至22日，以贯彻落实《国务院关于城市优先发展公共交通的指导意见》（国发〔2012〕64号）为政策基础。2018年起扩展为绿色出行宣传月（覆盖整个9月）和公交出行宣传周。活动围绕年度主题，以“优选公交 绿色出行”为核心理念，通过“线上+线下”方式开展多种形式的宣传和公众参与活动，主要包括：绿色出行公益宣传作品征集与展播（海报、微视频等）；绿色出行主题宣传（总结公交和慢行交通发展成就）；多样化公众参与和体验活动（碳积分、碳普惠、知识竞赛、乘车优惠等）；提升适老化无障碍出行服务；安全文明绿色出行活动；以及关心关爱公交司乘人员活动。活动结束后各地报送总结。,深入实施城市公共交通优先发展战略；鼓励引导社会公众优先选择公共交通和绿色出行方式；推动形成绿色低碳生活方式；改善城市交通环境和空气质量,直接,需求侧,中国,国家,N/A,31/08/2013,16/09/2013,N/A,01/09/2018,公交出行宣传周于2013年由交通运输部设立（交运发〔2013〕XXX号），最初仅在9月16日至22日举行为期一周的宣传教育活动。2018年起扩展为绿色出行宣传月和公交出行宣传周，覆盖整个9月，由交通运输部、公安部、国管局、全国总工会等四部门联合部署。后续参与部门扩展至七部门。,生效,交通运输部；公安部；民政部；国家机关事务管理局；中华全国总工会；共青团中央；中国残疾人联合会,公众意识/知识（宣传教育）,N/A,本工具为公众宣传教育活动，界定和覆盖的对象为全社会绿色出行意识和公共交通使用行为，不直接监管实体排放资产。宣传月和宣传周通过公交优先理念传播、绿色出行倡导和公众体验活动等非强制性手段引导公众改变出行方式。,N/A,N/A,社会公众；企业；公共机构,城市居民和出行者（公共交通和绿色出行选择主体）；公共交通运营企业（公交、地铁等运营和宣传配合主体）；政府机关和公共机构（绿色出行示范带头主体）；互联网出行平台和共享交通企业。活动为面向全社会的宣传教育性质，各主体可自主参与，不设强制性合规义务和处罚。,消费,宣传月和宣传周宣传教育覆盖的主要行为领域为城市居民的日常出行交通消费行为，重点引导公众在通勤、购物、休闲等日常出行中优先选择公共交通（公交车、轨道交通）、骑行和步行等绿色出行方式，减少私家车依赖，降低交通出行碳排放。活动通过倡导和信息传播影响出行消费决策。,N/A,N/A,N/A,1）每年9月为绿色出行宣传月，9月16日至22日为公交出行宣传周；2）交通运输部牵头会同多部门联合印发年度活动通知；3）围绕“优选公交 绿色出行”理念开展公益宣传、公众参与、适老化无障碍服务提升和关爱司乘人员等活动；4）活动结束后各地报送总结至交通运输部；5）活动为宣传教育性质，不设强制性合规义务和处罚。,N/A,N/A,以《国务院关于城市优先发展公共交通的指导意见》（国发〔2012〕64号）为政策基础；与公交都市创建、城市公共交通发展规划、新能源公交车推广应用等政策协同；与全国低碳日、全国节能宣传周等主题宣传教育活动共同构成绿色低碳出行宣传矩阵。,交通运输部（运输服务司）牵头会同公安部、民政部、国管局、全国总工会、共青团中央、中国残联联合制发年度活动通知。,交通运输部等部门通过通知和门户网站公开发布年度活动方案（政府公开发布）；宣传教育内容通过传统媒体、新媒体、公共交通车载媒体和站台广告、社区宣传等渠道传播。,每年一次（绿色出行宣传月为每年9月，公交出行宣传周为每年9月16日至22日）。,是（公开）。绿色出行宣传月和公交出行宣传周活动通知和内容通过政府网站和各类媒体渠道向社会公开。,N/A,无合规监测,无合规执行,其他激励或支持,交通运输部等牵头部门制作绿色出行公益宣传海报和微视频并向社会征集和展播宣传作品；通过媒体宣传、乘车优惠体验、碳积分/碳普惠活动、知识竞赛等形式普及公交优先和绿色出行理念；组织提升适老化无障碍出行服务体验活动；开展安全文明绿色出行和关爱公交司乘人员活动；各地方结合当地实际组织公众参与活动。,N/A（本工具为公众宣传教育活动，通过引导公众选择公共交通和绿色出行方式间接减少交通碳排放，无直接可量化的排放覆盖量）,N/A（本工具为间接宣传教育工具，无直接的温室气体排放覆盖占比）,H49,CO2; CH4; N2O,正向,能源消耗减少；空气污染物减排；公众健康；绿色产业发展,交通运输部办公厅 公安部办公厅 民政部办公厅 国家机关事务管理局办公室 中华全国总工会办公厅 共青团中央办公厅 中国残疾人联合会办公厅关于组织开展2025年绿色出行宣传月和公交出行宣传周活动的通知,https://xxgk.mot.gov.cn/2020/jigou/ysfws/202508/t20250828_4175597.html,https://xxgk.mot.gov.cn/jigou/ysfws/202006/t20200623_3315967.html
CHNCBATGCI01S000,工具,能力建设与公众意识,技术指南,工业,N/A,工业企业和园区数字化能碳管理中心建设指南,Digital Energy-Carbon Management Center Construction Guide for Industrial Enterprises and Parks,N/A,工业企业和园区数字化能碳管理中心建设指南由工业和信息化部印发，是面向工业企业和园区提供数字化能碳管理能力建设方法的信息类工具，旨在通过推广工业互联网、人工智能、物联网等数字技术在能碳管理领域的应用，引导企业和园区建设集成碳排放监测、能源消耗分析、节能优化调度等功能的数字化管理系统。指南明确了能碳管理中心的功能定位、技术体系架构（基础设施层、数据采集层、数据管理层、模型算法层、应用服务层、展示交互层六层架构），涵盖能耗在线监测、碳排放核算与溯源、能效对标分析、节能诊断与优化、碳资产管理、绿色用能分析等12项核心业务功能，并对两类实施主体（工业企业、工业园区）分别提出差异化建设要求。指南旨在支撑能耗双控向碳排放双控转变，推动工业领域碳达峰碳中和目标实现。,引导工业企业和园区构建数字化能碳管理能力；推动数字技术在能碳管理领域深度应用；支撑能耗双控向碳排放双控全面转型；服务工业领域碳达峰碳中和目标,直接,供给侧,中国,国家,N/A,07/03/2025,07/03/2025,N/A,N/A,N/A,生效,工业和信息化部（节能与综合利用司）,数字化能碳管理中心（企业级和园区级）,N/A,本工具界定和覆盖的对象为工业企业和园区建设的数字化能碳管理中心系统，包括碳排放监测、能源消耗分析、节能优化调度、碳资产管理等数字化功能模块。系统通过采集生产设施和能源系统的运行数据，运用工业互联网、人工智能、物联网等技术实现能碳数据的实时监测、智能分析和优化决策。,N/A,N/A,企业,工业企业（特别是重点用能单位和碳排放单位）和工业园区运营管理机构。企业和园区可参照指南自愿建设或升级数字化能碳管理中心，指南为推荐性和指导性质，不设强制性合规义务。,生产,本指南引导和规范的受规制活动为工业企业生产经营过程中的能源消耗和温室气体排放的数字化监测、核算与管理活动。指南通过提供技术架构和功能规范，帮助企业和园区建立系统化的能碳数据采集、统计、分析、预警和优化能力，提高能碳管理精细化水平，支撑企业节能降碳决策和碳双控目标实现。,N/A,N/A,N/A,1）数字化能碳管理中心建设应覆盖企业或园区主要能源消耗和碳排放环节；2）系统架构按六层架构设计，实现12项核心业务功能，满足能碳数据在线采集、实时监测、智能分析和优化决策需求；3）企业和园区可根据自身规模和需求选择适宜的建设和应用模式，指南为推荐性指导，不设强制性合规义务；4）做好与国家重点用能单位能耗在线监测系统、碳排放权交易市场信息平台等的衔接。,N/A,N/A,与碳排放权交易市场数据报送系统衔接：能碳管理中心可为碳排放报告和核查提供数据支撑。与重点用能单位能耗在线监测系统衔接：系统数据可作为能耗监测的组成部分。与工业节能诊断服务衔接：能碳管理中心可提供在线诊断数据支撑。,工业和信息化部（节能与综合利用司）负责指南的研究编制、发布和宣贯推广。,工业和信息化部通过通知和门户网站公开发布指南（政府公开发布）。,一次性发布（2025年版）。后续视需要修订更新。,是（公开）。指南通过工业和信息化部门户网站向社会全文公开。,N/A,无合规监测,无合规执行,其他激励或支持,工业和信息化部组织指南的宣传解读和培训推广；指导地方工业和信息化主管部门结合本地实际组织开展指南应用和能力建设活动；鼓励行业协会和技术服务机构提供技术支持和解决方案。,N/A（本工具为技术指导性工具，通过引导企业和园区建设数字化能碳管理能力间接促进减排，无直接可量化的温室气体排放覆盖量）,N/A（本工具为间接技术指导工具，无直接的温室气体排放覆盖占比）,C10; C11; C12; C13; C14; C15; C16; C17; C18; C19; C20; C21; C22; C23; C24; C25; C26; C27; C28; C29; C30; C31; C32; C33,CO2; CH4; N2O,正向,能效提升；技术创新；污染防治；绿色产业发展,工业和信息化部办公厅关于印发《工业企业和园区数字化能碳管理中心建设指南》的通知（工信厅节〔2025〕13号）,https://www.miit.gov.cn/jgsj/jns/nyjy/art/2025/art_bd4ed4ce13314ce58ee3896579b27ba0.html,N/A
CHNCBATGCI02S000,工具,能力建设与公众意识,技术指南,工业,炼油；乙烯；对二甲苯；现代煤化工；合成氨；电石；烧碱；纯碱；磷铵；黄磷；水泥；平板玻璃；建筑卫生陶瓷；钢铁；焦化；铁合金；有色金属冶炼,高耗能行业重点领域节能降碳改造升级实施指南（2022年版）,Implementation Guide for Energy-Saving and Carbon-Reduction Retrofit and Upgrade in Key Areas of Energy-Intensive Industries (2022 Edition),N/A,高耗能行业重点领域节能降碳改造升级实施指南（2022年版）由国家发展改革委、工业和信息化部、生态环境部、国家能源局等四部门联合发布，是针对高耗能行业重点领域提供节能降碳技术路径和改造方向的信息类工具，旨在引导高耗能企业对标能效基准水平和标杆水平，推进节能降碳改造升级和落后产能退出。指南覆盖炼油、乙烯、对二甲苯、现代煤化工、合成氨、电石、烧碱、纯碱、磷铵、黄磷、水泥、平板玻璃、建筑卫生陶瓷、钢铁、焦化、铁合金、有色金属冶炼等17个重点用能行业领域，对各行业分别提出四个方向：（1）引导改造升级——对能效在基准水平以下的企业提出明确的改造升级技术路径和预期效果；（2）加强技术攻关——梳理行业前沿节能降碳技术并推动研发示范；（3）促进集聚发展——推动行业向规模化、集约化方向发展；（4）加快淘汰落后——对不能按期改造达标的落后产能依法依规淘汰退出。,引导高耗能行业企业对标能效基准水平和标杆水平；提供节能降碳改造升级技术路径；推动高耗能行业绿色低碳转型和高质量发展；支撑工业领域碳达峰碳中和目标实现,直接,供给侧,中国,国家,N/A,03/02/2022,03/02/2022,N/A,N/A,N/A,生效,国家发展和改革委员会、工业和信息化部、生态环境部、国家能源局,高耗能行业生产设施和能源系统,既有,本工具界定和覆盖的对象为17个高耗能行业重点领域现有的生产设施和能源系统，包括但不限于加热炉、反应器、窑炉、锅炉、电机系统、余热回收装置等主要用能和排放设备。指南为各类设施的节能降碳改造提供技术路径和方向参照。,N/A,N/A,企业,17个重点高耗能行业领域内的生产企业，特别是能效未达到行业基准水平的企业。企业可参照指南自愿制定节能降碳改造升级方案，指南为指导性质，不设强制性合规义务。,生产,本指南引导和规范的受规制活动为17个高耗能行业重点领域的生产经营活动中的用能和温室气体排放环节。指南通过提供各行业的具体技术路径和改造方向，帮助企业对标能效基准水平和标杆水平，指导和推动其开展节能降碳改造升级。四个方向中的引导改造升级和加快淘汰落后间接推动了生产活动的能效提升和低碳转型。,N/A,N/A,N/A,1）各行业领域的节能降碳改造升级技术路径作为推荐性参考，企业结合实际选择适用技术和方案；2）指南对各行业提出引导改造升级、加强技术攻关、促进集聚发展、加快淘汰落后四个方向；3）指南为指导性质，不设强制性合规义务和处罚；4）推动能效在基准水平以下的企业加快改造升级，推动能效在标杆水平以上的企业示范引领。,N/A,N/A,与能效基准水平和标杆水平制度（发改产业〔2021〕1464号）联动：指南以该制度设定的能效指标为基准，提供改造技术路径。与产业结构调整指导目录联动：加快淘汰落后方向与淘汰类产业目录衔接。与差别电价等经济工具联动：能效水平与企业电价挂钩。,国家发展改革委（产业发展司）会同工业和信息化部、生态环境部、国家能源局负责指南的研究编制和发布。,四部门通过通知和门户网站公开发布指南（政府公开发布）。,一次性发布（2022年版）。后续视需要修订更新。,是（公开）。指南通过国家发展改革委、工业和信息化部门户网站向社会全文公开。,N/A,无合规监测,无合规执行,其他激励或支持,四部门组织指南的宣传解读和宣贯推广；指导行业协会和专业机构提供技术咨询和节能诊断服务；鼓励地方结合本地实际出台配套支持政策推动指南技术路径落地应用。,N/A（本工具为技术指导性工具，通过引导高耗能企业对标能效基准水平并实施节能降碳改造间接促进减排，无直接可量化的温室气体排放覆盖量）,N/A（本工具为间接技术指导工具，无直接的温室气体排放覆盖占比）,C19; C20; C23; C24,CO2; CH4; N2O,正向,能效提升；能源消耗减少；污染防治；绿色产业发展,四部门关于发布《高耗能行业重点领域节能降碳改造升级实施指南（2022年版）》的通知（发改产业〔2022〕200号）,https://www.ndrc.gov.cn/xwdt/tzgg/202202/t20220211_1315447_ext.html,https://www.miit.gov.cn/jgsj/jns/nyjy/art/2022/art_17b6f40586b84957b3503c78ce8584ac.html
CHNCBATGCI03S000,工具,能力建设与公众意识,技术指南,工业,N/A,工业绿色微电网建设与应用指南,Industrial Green Microgrid Construction and Application Guide,N/A,工业绿色微电网建设与应用指南由工业和信息化部、国家发展改革委、国务院国资委、市场监管总局、国家能源局等五部门联合发布，是面向工业领域提供绿色微电网建设和应用技术方法的信息类工具，旨在引导工业园区和企业建设以可再生能源利用、工业余热余压余能回收、绿氢耦合、新型储能、柔性互联、数字化能碳管理为核心技术特征的绿色微电网系统。指南面向工业企业、工业园区、产业集聚区等四类应用场景，提出微电网系统规划设计、设备选型、建设实施、运行管理、并网互动等全流程技术要求，涵盖分布式可再生能源发电、余热余压回收发电、工业低温余热利用、新型储能配置、智能微电网控制、多能互补协调优化等方面。规划期为2026—2030年，目标到2028年分类建成具有代表性的工业绿色微电网示范标杆，到2030年实现工业绿色微电网规模化推广。,引导工业企业和园区建设绿色微电网系统；提升工业领域可再生能源利用比例和能源利用效率；推动工业用能结构绿色低碳转型；支撑工业领域碳达峰碳中和目标实现,直接,供给侧,中国,国家,N/A,31/12/2025,09/01/2026,N/A,N/A,N/A,生效,工业和信息化部（节能与综合利用司）、国家发展和改革委员会、国务院国资委、国家市场监督管理总局、国家能源局,工业绿色微电网系统（含可再生能源发电、储能、余能回收等）,N/A,本工具界定和覆盖的对象为工业企业和园区建设的绿色微电网系统，包括分布式可再生能源发电设施（光伏、风电等）、工业余热余压余能回收利用装置、绿氢制备和利用耦合设施、新型储能装置（电化学储能、压缩空气储能等）、柔性互联和智能微电网控制系统、多能互补协调优化系统等组成部分。,N/A,N/A,企业,工业企业、工业园区运营管理机构、产业集聚区管理机构和能源服务公司。相关主体可参照指南自愿规划建设和运营绿色微电网，指南为推荐性和指导性质，不设强制性合规义务。,生产,本指南引导和规范的受规制活动为工业企业生产经营过程中的能源供给、转换、储存和消费活动。指南通过提供绿色微电网全流程技术要求和方法，引导企业和园区建设集可再生能源利用、余能回收、储能和智能控制于一体的新型能源供应体系，以分布式可再生能源替代部分化石能源电力，提高清洁能源消费比例并降低单位产品碳排放强度。,N/A,N/A,N/A,1）工业绿色微电网建设应因地制宜利用可再生能源、工业余能、绿氢等清洁能源资源；2）系统设计应统筹考虑可再生能源发电、储能配置、余能回收、柔性互联和多能互补协调优化；3）微电网应具备并网运行和离网/孤岛运行能力，满足供电安全可靠性要求；4）指南为推荐性指导，企业和园区结合自身条件和需求选择适宜的建设和应用模式，不设强制性合规义务；5）鼓励开展微电网数字化能碳管理和碳排放核算。,N/A,N/A,与可再生能源电力消纳责任权重制度联动：工业绿色微电网可帮助用电企业提升可再生能源消纳比例。与绿证和绿电交易市场联动：微电网自发自用可再生能源部分可申请绿证。与碳排放权交易市场联动：微电网减少企业外购电力间接排放，影响企业碳排放核算和配额需求。,工业和信息化部（节能与综合利用司）会同国家发展改革委、国务院国资委、市场监管总局、国家能源局负责指南的研究编制和发布。,五部门通过通知和门户网站公开发布指南（政府公开发布）。,一次性发布（2026—2030年规划期）。后续视需要修订更新。,是（公开）。指南通过工业和信息化部门户网站等渠道向社会全文公开。,N/A,无合规监测,无合规执行,其他激励或支持,五部门组织指南的宣传解读和宣贯推广；指导地方相关部门结合本地实际组织开展工业绿色微电网试点示范和推广应用；鼓励行业协会、科研机构和技术服务企业提供技术支持和系统解决方案。,N/A（本工具为技术指导性工具，通过引导工业企业和园区建设绿色微电网系统间接促进减排，无直接可量化的温室气体排放覆盖量）,N/A（本工具为间接技术指导工具，无直接的温室气体排放覆盖占比）,C10; C11; C12; C13; C14; C15; C16; C17; C18; C19; C20; C21; C22; C23; C24; C25; C26; C27; C28; C29; C30; C31; C32; C33,CO2; CH4; N2O,正向,可再生能源发展；能效提升；能源安全；污染防治,工业和信息化部办公厅 国家发展改革委办公厅 国务院国资委办公厅 市场监管总局办公厅 国家能源局综合司关于印发《工业绿色微电网建设与应用指南（2026—2030年）》的通知（工信厅联节〔2025〕77号）,https://www.miit.gov.cn/zwgk/zcwj/wjfb/tz/art/2026/art_44c5364d80b748e4b797bc115388c6aa.html,https://www.miit.gov.cn/jgsj/jns/nyjy/art/2026/art_3ef4f0f5b8d54fab92e87517355fb0e1.html
CHNCBATGCI04S000,工具,能力建设与公众意识,技术指南,农业、林业和其他土地利用,N/A,农业绿色发展技术导则（2018—2030年）,Agricultural Green Development Technical Guidance (2018-2030),N/A,农业绿色发展技术导则（2018—2030年）由农业农村部印发，是面向农业领域提供绿色生产技术发展方向和实施路径的信息类工具，旨在全面构建高效、安全、低碳、循环、智能、集成的农业绿色发展技术体系。导则以绿色投入品、节本增效技术、生态循环模式、绿色标准规范为主攻方向，提出七大任务：研制绿色投入品（高效优质多抗新品种、环保高效肥料与生物制剂、节能低耗智能化农业装备）；研发绿色生产技术（耕地质量提升、控水旱作、化肥农药减施增效、废弃物循环利用、面源污染及重金属治理、畜禽水产安全养殖等）；发展绿色产后增值技术（低碳减污加工贮运、智能化精深加工）；创新绿色低碳种养结构与技术模式；绿色乡村综合发展技术与模式；加强农业绿色发展基础研究；以及完善绿色标准体系。导则按“重点研发一批、集成示范一批、推广应用一批”三个层次分类推进，覆盖从基础研究到田间推广应用的全链条。规划期限为2018—2030年。,以绿色投入品、节本增效技术、生态循环模式、绿色标准规范为主攻方向，全面构建高效、安全、低碳、循环、智能、集成的农业绿色发展技术体系，引领农业走上产出高效、产品安全、资源节约、环境友好的农业现代化道路,直接,供给侧,中国,国家,N/A,02/07/2018,02/07/2018,N/A,N/A,N/A,生效,农业农村部（科技教育司）,农业技术（信息/知识）,新建,本工具为技术导则，界定和覆盖的对象为农业绿色发展相关的技术体系，包括绿色投入品、绿色生产技术、绿色产后增值技术、绿色低碳种养结构与技术模式等领域的农业技术、工艺和装备。导则本身为指导性质，不直接监管实体排放资产。,N/A,N/A,企业,农业企业、农业生产经营主体（包括种植业、畜牧业、水产养殖业等），以及农业科研机构和农业技术推广机构。各类主体可参照导则自愿开展绿色农业技术研发、集成示范和推广应用，导则为推荐性和指导性质，不设强制性合规义务。,生产,导则覆盖农业绿色生产全链条活动，包括绿色投入品研制、绿色生产技术研发与应用、绿色产后增值技术应用、绿色低碳种养结构与技术模式创新、绿色乡村综合发展技术与模式应用，以及农业绿色发展基础研究。涵盖从基础研究、技术研发到田间示范推广的全过程。,N/A,N/A,N/A,1）围绕绿色投入品、节本增效技术、生态循环模式、绿色标准规范四大主攻方向推进农业绿色发展技术体系建设；2）按“重点研发一批、集成示范一批、推广应用一批”三个层次分类推进；3）到2030年主要目标：农田灌溉用水有效利用系数提高到0.6以上；农业源氮、磷污染物排放分别削减30%和40%以上；养殖节水源头减排20%以上；农产品加工单位产值能耗降低20%以上；单位农业增加值温室气体排放强度降低30%以上；4）导则为推荐性和指导性质，不设强制性合规义务和处罚。,N/A,N/A,与农业面源污染治理、耕地质量保护、化肥农药减量增效、畜禽粪污资源化利用等相关政策形成协同；为农业绿色发展相关标准化工作提供技术基础。,农业农村部科技教育司负责组织导则的研究编制和发布。,农业农村部通过通知和门户网站公开发布导则（政府公开发布）。,中长期规划（2018—2030年），不定期修订更新。,是（公开）。导则通过政府门户网站向社会全文公开。,N/A,无合规监测,无合规执行,其他激励或支持,农业农村部组织导则的解读宣贯；依托农业技术推广体系和农业科研院所开展技术培训、示范推广和经验交流；引导地方农业部门和经营主体落实导则提出的技术方向。,N/A（本工具为技术导则，通过引导农业绿色生产技术的研发和推广应用间接支持农业领域温室气体减排，无直接可量化的排放覆盖量）,N/A（本工具为间接技术指导工具，无直接的温室气体排放覆盖占比）,A01,CO2; CH4; N2O,正向,污染防治；资源节约；循环经济；生态保护；食品安全,农业农村部关于印发《农业绿色发展技术导则（2018—2030年）》的通知（农科教发〔2018〕3号）,https://www.gov.cn/zhengce/zhengceku/2018-12/31/content_5445929.htm,https://www.moa.gov.cn/gk/zcjd/201904/t20190418_6184810.htm
CHNCBATGCI06S000,工具,能力建设与公众意识,技术指南,工业,汽车；工程机械；机床；轴承；风电装备；氢能装备；光伏；锂电池；家用电器；包装；洗涤用品；纺织；生物制造；甲醇；轮胎,工业产品绿色设计指南,Industrial Product Green Design Guide,N/A,工业产品绿色设计指南由工业和信息化部、国家发展改革委、教育部、生态环境部、市场监管总局五部门联合印发，是面向工业企业提供产品绿色设计方法和技术路径的信息类工具，旨在系统总结前期试点示范经验（累计培育451家工业产品绿色设计示范企业），推动工业产品绿色设计工作从“示范引领”向“全面推广”转变。指南提出11个绿色设计重点方向：长寿命设计、无害化设计、轻量化设计、节能设计、节水设计、节材设计、降噪设计、节空间设计、易回收再生设计、可重复使用设计、零碳设计。指南覆盖汽车、工程机械、机床、轴承、风电装备、氢能装备、光伏、锂电池、家用电器、包装、洗涤用品、纺织、生物制造、甲醇、轮胎等15个重点行业，逐一细化了126个可操作的绿色设计解决方案。同时提出六大实施路径：开发绿色设计解决方案、推进“人工智能+绿色设计”、制定绿色设计标准、推广绿色设计标志性产品、加大绿色设计人才培养、深化国际交流与合作。,按照产品全生命周期理论，在产品设计开发阶段系统考虑各环节对资源消耗、生态环境、气候变化的影响；最大限度降低或控制资源能源消耗；尽可能不用或少用含有毒有害物质的原料；减少污染物、温室气体的产生和排放；实现绿色低碳发展,直接,供给侧,中国,国家,N/A,01/04/2026,01/04/2026,N/A,N/A,N/A,生效,工业和信息化部（节能与综合利用司）；国家发展改革委；教育部；生态环境部；市场监管总局,工业产品（设计阶段）,新建,本工具为技术指南，界定和覆盖的对象为工业产品的绿色设计方法和技术路径，涵盖汽车、工程机械、机床、轴承、风电装备、氢能装备、光伏、锂电池等15个重点行业的产品设计活动。指南本身为推荐性和指导性质，不直接监管实体排放资产。,N/A,N/A,企业,工业企业（特别是制造业产品设计和生产企业）；绿色设计解决方案供应商；相关行业协会和标准化机构。企业可参照指南自愿开展绿色设计，指南为推荐性和指导性质，不设强制性合规义务。,研究与开发,指南覆盖工业产品设计阶段的绿色化活动，包括长寿命设计、无害化设计、轻量化设计、节能设计、节水设计、节材设计、降噪设计、节空间设计、易回收再生设计、可重复使用设计、零碳设计等11个产品绿色设计方向。产品生命周期约80%的资源消耗和环境影响取决于设计阶段，指南从设计源头推动工业产品全生命周期绿色化。,N/A,N/A,N/A,1）围绕11个绿色设计方向（长寿命、无害化、轻量化、节能、节水、节材、降噪、节空间、易回收再生、可重复使用、零碳设计）系统推进工业产品绿色设计；2）覆盖汽车、工程机械、机床、光伏、锂电池等15个重点行业，提供126个可操作的绿色设计解决方案；3）通过开发绿色设计解决方案、推进“人工智能+绿色设计”、制定绿色设计标准、推广标志性产品、加大人才培养、深化国际合作六大路径推进实施；4）指南为推荐性和指导性质，不设强制性合规义务和处罚。,N/A,N/A,与绿色工厂梯度培育、绿色供应链管理、绿色产品认证、绿色公共采购等政策形成协同；为《工业产品绿色设计通则》等标准制定提供基础；与中欧、中德、中法等国际绿色设计合作机制衔接。,工业和信息化部（节能与综合利用司）会同国家发展改革委、教育部、生态环境部、市场监管总局共同组织指南的研究编制和发布。,工业和信息化部等五部门通过通知和门户网站公开发布指南（政府公开发布）。,按需不定期修订（如2026年版）。,是（公开）。指南通过工业和信息化部等主管部门门户网站向社会全文公开。,N/A,无合规监测,无合规执行,其他激励或支持,工业和信息化部等五部门组织指南的解读宣贯；通过行业协会和标准化机构开展绿色设计培训、技术交流和标杆案例推广；引导绿色设计解决方案供应商培育和标志性产品推广。,N/A（本工具为技术指南，通过引导企业从设计源头实施绿色设计间接减少产品全生命周期温室气体排放，无直接可量化的排放覆盖量）,N/A（本工具为间接技术指导工具，无直接的温室气体排放覆盖占比）,C13; C17; C20; C21; C22; C27; C28; C29,CO2; CH4; N2O,正向,绿色产业发展；技术创新；资源节约；循环经济；污染防治,工业和信息化部等五部门关于印发《工业产品绿色设计指南（2026年版）》的通知（工信厅联节〔2026〕15号）,https://www.miit.gov.cn/zwgk/zcwj/wjfb/tz/art/2026/art_0e02aa4c9dfe40c0ae322af3c185eed6.html,https://www.miit.gov.cn/jgsj/jns/lszz/art/2026/art_a240711299e045b284c4bff34f13450e.html
CHNCBATPCI01S000,工具,能力建设与公众意识,技术推广目录,工业,N/A,国家工业和信息化领域节能降碳技术装备推荐目录,National Catalogue of Recommended Energy-Saving and Carbon-Reduction Technologies and Equipment for the Industry and Information Technology Sector,N/A,国家工业和信息化领域节能降碳技术装备推荐目录是工业和信息化部发布的技术推广类信息工具，通过遴选和向社会公开推荐先进适用的节能降碳技术和装备，传播先进技术信息、引导工业企业采用高能效低碳技术装备。目录面向钢铁、有色、建材、石化化工、机械、电子等重点工业行业，涵盖流程工业节能、重点用能设备（工业锅炉、电机、变压器等）能效提升、余热余压利用、数据中心节能等技术装备。工业和信息化部通过公开征集、专家评审、公示等程序确定入选技术装备清单并印发目录。目录建设可追溯至2017年《国家工业节能技术装备推荐目录》（工业和信息化部公告2017年第50号，此前为节能机电设备（产品）推荐目录），2022年更名为《国家工业节能技术装备推荐目录》（公告2022年第29号），2024年首次以《国家工业和信息化领域节能降碳技术装备推荐目录（2024年版）》（工业和信息化部公告2024年第8号）发布，将推广范围由节能扩展至节能降碳；现行版本为《国家工业和信息化领域节能降碳技术装备推荐目录（2025年版）》（工业和信息化部公告2025年第37号），为落实《制造业绿色低碳发展行动方案（2025—2027年）》（国办发〔2025〕21号）修订发布。入选目录的技术装备可作为工业企业节能降碳改造、政策支持和推广应用的重要参考。,推广先进适用的工业节能降碳技术和装备；引导工业企业采用高能效低碳技术改造；促进工业领域能效提升和碳排放强度下降；支撑工业绿色低碳转型,直接,供给侧,中国,国家,N/A,10/11/2017,10/11/2017,N/A,08/12/2025,目录建设可追溯至2017年11月10日《国家工业节能技术装备推荐目录》（工业和信息化部公告2017年第50号，其前身为节能机电设备（产品）推荐目录）。此后按年度或隔年更新（2017、2018、2020、2022年版）。2022年发布《国家工业节能技术装备推荐目录》（公告2022年第29号）。2024年5月16日首次以《国家工业和信息化领域节能降碳技术装备推荐目录（2024年版）》（工业和信息化部公告2024年第8号）印发，将推广范围由工业节能扩展至工业和信息化领域节能降碳。2025年12月8日修订发布《国家工业和信息化领域节能降碳技术装备推荐目录（2025年版）》（工业和信息化部公告2025年第37号，成文日期2025年12月8日，发布日期2025年12月15日），为落实《制造业绿色低碳发展行动方案（2025—2027年）》（国办发〔2025〕21号）加快推广节能降碳先进技术、加强重点行业领域技术改造升级和大规模设备更新而修订，并调整完善技术装备遴选范围和标准。,生效,工业和信息化部（节能与综合利用司）,节能降碳技术与装备（研发与推广成果）,N/A,本工具为技术推广目录，推广对象为工业和信息化领域先进适用的节能降碳技术和装备（涵盖流程工业节能、重点用能设备能效提升、余热余压利用、数据中心节能等），不直接监管实体排放资产。,N/A,N/A,企业,技术装备的研发生产企业（申报入选目录的技术装备供给方）以及采用推荐技术装备的工业企业（技术需求方）。企业自愿申报技术装备参与目录遴选，申报单位对所提交材料的真实性负责；工业企业可自主参考目录选用节能降碳技术装备，入选与选用均不设强制性义务。,研究与开发,工业和信息化部组织的节能降碳技术装备遴选和推广活动。技术装备研发生产企业自愿申报→工业和信息化部组织专家评审、公示→印发推荐目录并向社会公开→引导工业企业选用和推广应用入选技术装备。,N/A,N/A,N/A,1）技术装备研发生产企业按照目录申报通知要求，自愿提交技术装备的节能降碳指标、技术成熟度、应用案例等申报材料；2）工业和信息化部按先进性、适用性、节能降碳效果等标准组织专家评审和公示；3）通过评审的技术装备纳入推荐目录并向社会公开发布；4）目录定期或分版更新；5）入选目录不设强制性合规义务，工业企业可自主参考选用，入选技术装备可作为相关支持政策和推广应用的重要参考。,N/A,N/A,与工业节能监察、节能诊断等工业节能管理制度联动：推荐目录为企业节能改造提供技术选择。与节能降碳改造相关财政、金融支持政策衔接：入选技术装备可作为支持对象参考。与重点用能设备能效标准（MEPS）联动：共同推动高能效设备推广应用。,技术装备研发生产企业自愿申报并提供技术装备信息；工业和信息化部（节能与综合利用司）负责组织评审、汇总和目录发布。,工业和信息化部通过公告和门户网站公开发布推荐目录（政府公开发布）；企业通过目录申报渠道提交申报材料。,不定期/约每一至两年更新一版（2017、2018、2020、2022、2024、2025年版）。,是（公开）。推荐目录通过工业和信息化部公告和门户网站向社会全文公开。,N/A,无合规监测,无合规执行,其他激励或支持,工业和信息化部发布推荐目录及技术装备说明；组织节能降碳技术装备推广对接、案例宣传和经验交流；引导地方和行业开展入选技术装备的推广应用。,N/A（本工具为技术推广目录，通过引导先进节能降碳技术装备推广应用间接支持减排，无直接可量化的温室气体排放覆盖量）,N/A（本工具为间接技术推广工具，无直接的温室气体排放覆盖占比）,C25; C27; C28,CO2,正向,能效提升；能源消耗减少；技术创新；绿色产业发展,工业和信息化部公告2025年第37号《国家工业和信息化领域节能降碳技术装备推荐目录（2025年版）》,https://www.miit.gov.cn/jgsj/jns/gzdt/art/2025/art_6047ab0f0b1846cf8918ed2e3d01395c.html,https://www.miit.gov.cn/jgsj/jns/gzdt/art/2024/art_60736b016395460890aeda756751526d.html；https://www.miit.gov.cn/jgsj/jns/gzdt/art/2022/art_9d1d61dbfd264efd970e76ea81074d4c.html
CHNCBATPCI02S000,工具,能力建设与公众意识,技术推广目录,跨部门,N/A,国家重点推广的低碳技术目录,National Catalogue of Key Low-Carbon Technologies for Promotion,N/A,国家重点推广的低碳技术目录是由国家发展改革委（后为生态环境部）发布的技术推广类信息工具，通过遴选和公开发布重点推广的低碳技术，传播成熟适用的低碳技术信息、引导各行业加快低碳技术应用推广。目录采取分批发布方式，覆盖能源、工业（钢铁、化工、建材等）、建筑、交通、农业、废弃物处理等重点领域的减碳、零碳和负碳技术，并包含储碳固碳、数智赋能、非二氧化碳减排等方向，对每项技术的适用范围、技术原理、减排效果和应用前景等作出说明。第一批由国家发展改革委2014年第13号公告发布（33项技术），第二批2015年第31号公告发布，第三批2017年发布；随着应对气候变化职能由国家发展改革委划转生态环境部，第四批由生态环境部以《国家重点推广的低碳技术目录（第四批）》（环办气候函〔2022〕484号，2022年12月19日）发布（35项技术）；第五批（最新）由生态环境部、工业和信息化部、住房城乡建设部、交通运输部、农业农村部五部门联合以《国家重点推广的低碳技术目录（第五批）》（环办气候函〔2025〕44号，2025年1月20日印发、2月12日公布）发布，共103项技术，涵盖能源绿色低碳转型、工业、建筑、交通、农业领域降碳及储碳固碳、数智赋能、非二氧化碳减排等类别。目录旨在为地方、行业和企业选用低碳技术提供权威参考，推动重点领域低碳技术产业化和规模化应用。,推广成熟适用的低碳技术；引导重点领域加快低碳技术应用；促进低碳技术产业化和规模化推广；支撑国家碳达峰碳中和目标实现,直接,供给侧,中国,国家,N/A,25/08/2014,25/08/2014,N/A,20/01/2025,目录采取分批发布。第一批由国家发展改革委2014年8月25日第13号公告发布（33项技术）；第二批2015年12月18日第31号公告发布；第三批2017年发布。随着应对气候变化职能由国家发展改革委划转生态环境部，第四批由生态环境部以《国家重点推广的低碳技术目录（第四批）》（环办气候函〔2022〕484号）于2022年12月19日发布，共35项技术。第五批（最新）由生态环境部、工业和信息化部、住房城乡建设部、交通运输部、农业农村部五部门联合以《国家重点推广的低碳技术目录（第五批）》（环办气候函〔2025〕44号）于2025年1月20日印发、2月12日公布，共103项技术，涵盖能源绿色低碳转型（20项）、工业（28项）、建筑（11项）、交通（15项）、农业（5项）领域降碳，以及储碳固碳（3项）、数智赋能（14项）、非二氧化碳减排（7项）等类别。,生效,生态环境部、工业和信息化部、住房城乡建设部、交通运输部、农业农村部（第五批）；生态环境部（第四批）；国家发展改革委（第一至三批）,低碳技术（研发与推广成果）,N/A,本工具为技术推广目录，推广对象为能源、工业、建筑、交通、农业等重点领域先进适用的低碳（减碳、零碳、负碳）技术，以及储碳固碳、数智赋能、非二氧化碳减排等方向的技术，不直接监管实体排放资产。,N/A,N/A,企业,低碳技术的研发和应用单位（企业、科研机构等）。技术研发或应用单位可自愿申报低碳技术参与目录遴选，申报单位对所提交材料的真实性负责；地方、行业和企业可自主参考目录选用推广低碳技术，入选与选用均不设强制性义务。,研究与开发,国家发展改革委/生态环境部组织的低碳技术遴选和推广活动。技术研发或应用单位自愿申报→主管部门组织专家评审、筛选→分批印发目录并向社会公开→引导地方、行业和企业选用推广入选低碳技术。,N/A,N/A,N/A,1）低碳技术研发或应用单位按目录征集要求，自愿提交技术的减排效果、技术成熟度、适用范围、推广应用情况等材料；2）主管部门按先进性、适用性、减排效果和推广潜力等标准组织专家评审筛选；3）入选技术分批纳入目录并向社会公开发布；4）目录不设强制性合规义务，地方、行业和企业可自主参考选用，入选技术可作为相关支持政策和推广应用的参考。,N/A,N/A,与碳达峰碳中和政策体系联动：低碳技术目录为重点领域低碳转型提供技术支撑。与低碳技术示范推广、气候投融资等政策衔接：入选技术可作为支持和推广对象参考。与绿色技术推广目录等其他技术推广工具形成协同。,技术研发或应用单位自愿申报并提供低碳技术信息；生态环境部等五部门（第五批）/生态环境部（第四批）/国家发展改革委（第一至三批）负责组织评审、筛选和目录发布。,国家发展改革委/生态环境部通过公告、通知和门户网站公开发布目录（政府公开发布）；单位通过征集渠道提交申报材料。,不定期分批发布（第一至五批分别于2014、2015、2017、2022、2025年发布）。,是（公开）。目录通过主管部门公告/通知和门户网站向社会全文公开。,N/A,无合规监测,无合规执行,其他激励或支持,主管部门发布低碳技术目录及技术说明；组织低碳技术推广对接、宣传和经验交流；引导地方和行业开展入选低碳技术的示范和推广应用。,N/A（本工具为技术推广目录，通过引导低碳技术推广应用间接支持减排，无直接可量化的温室气体排放覆盖量）,N/A（本工具为间接技术推广工具，无直接的温室气体排放覆盖占比）,M72,CO2; CH4; N2O,正向,技术创新；能效提升；绿色产业发展；污染防治,关于印发《国家重点推广的低碳技术目录（第五批）》的通知（环办气候函〔2025〕44号）,https://www.mee.gov.cn/xxgk2018/xxgk/xxgk06/202502/t20250212_1102102.html,https://www.mee.gov.cn/xxgk2018/xxgk/xxgk06/202212/t20221221_1008424.html；https://www.ndrc.gov.cn/xxgk/zcfb/gg/201409/t20140905_961102.html；https://www.ndrc.gov.cn/xxgk/zcfb/gg/201512/t20151218_961138.html
CHNCBATPCI03S000,工具,能力建设与公众意识,技术推广目录,跨部门,N/A,绿色技术推广目录,Green Technology Promotion Catalogue,N/A,绿色技术推广目录是由国家发展改革委等部门联合发布的技术推广类信息工具，通过遴选和公开发布先进适用的绿色技术，传播绿色技术信息、引导绿色技术推广应用。目录涵盖节能降碳、环境保护、资源循环利用、绿色能源转型、生态保护修复、绿色基础设施、绿色服务等领域的先进适用绿色技术，对每项技术的适用范围、主要技术指标和应用情况等作出说明。目录由2020年版首次发布（《绿色技术推广目录（2020年）》，发改办环资〔2020〕990号，共116项技术，由国家发展改革委、科技部、工业和信息化部、自然资源部联合印发）；2024年版（《绿色技术推广目录（2024年版）》，发改环资〔2024〕1812号，共112项技术）由国家发展改革委、科技部、工业和信息化部、自然资源部、生态环境部、住房城乡建设部、国务院国资委、国家能源局等部门联合印发。目录旨在为企业、地方和相关方选用绿色技术提供权威参考，推动绿色技术创新成果转化和推广应用。,推广先进适用的绿色技术；引导企业和地方加快绿色技术应用；促进绿色技术创新成果转化和产业化；支撑经济社会绿色低碳发展,间接,供给侧,中国,国家,N/A,31/12/2020,31/12/2020,N/A,24/12/2024,目录2020年版首次发布：《绿色技术推广目录（2020年）》（发改办环资〔2020〕990号，2020年12月31日，共116项技术），由国家发展改革委、科技部、工业和信息化部、自然资源部联合印发。2024年版《绿色技术推广目录（2024年版）》（发改环资〔2024〕1812号，2024年12月24日印发，2025年1月20日公布，共112项技术）由国家发展改革委等8部门联合印发，扩充联合发文部门、更新技术条目并完善技术领域分类。,生效,国家发展改革委；科技部；工业和信息化部；自然资源部；生态环境部；住房城乡建设部；国务院国资委；国家能源局,绿色技术（研发与推广成果）,N/A,本工具为技术推广目录，推广对象为节能降碳、环境保护、资源循环利用、绿色能源、生态保护修复、绿色基础设施和绿色服务等领域先进适用的绿色技术，不直接监管实体排放资产。,N/A,N/A,企业,绿色技术的研发和应用单位（企业、科研机构等）。技术研发或应用单位可自愿申报绿色技术参与目录遴选，申报单位对所提交材料的真实性负责；企业和地方可自主参考目录选用推广绿色技术，入选与选用均不设强制性义务。,研究与开发,国家发展改革委等部门组织的绿色技术遴选和推广活动。技术研发或应用单位自愿申报→主管部门组织专家评审、筛选、公示→印发目录并向社会公开→引导企业和地方选用推广入选绿色技术。,N/A,N/A,N/A,1）绿色技术研发或应用单位按目录征集要求，自愿提交技术的主要技术指标、适用范围、绿色环境效益和推广应用情况等材料；2）主管部门按先进性、适用性、绿色效益和推广潜力等标准组织专家评审、筛选和公示；3）入选技术纳入目录并向社会公开发布；4）目录定期修订更新；5）目录不设强制性合规义务，企业和地方可自主参考选用，入选技术可作为相关支持政策和推广应用的参考。,N/A,N/A,与绿色技术创新体系建设联动：目录是绿色技术推广应用的重要抓手。与绿色金融、政府绿色采购等政策衔接：入选绿色技术可作为支持和采购参考。与国家重点推广的低碳技术目录等其他技术推广工具形成协同。,绿色技术研发或应用单位自愿申报并提供绿色技术信息；国家发展改革委等部门负责组织评审、筛选和目录发布。,国家发展改革委等部门通过通知和门户网站公开发布目录（政府公开发布）；单位通过征集渠道提交申报材料。,不定期更新（2020年版、2024年版）。,是（公开）。目录通过主管部门通知和门户网站向社会全文公开。,N/A,无合规监测,无合规执行,其他激励或支持,主管部门发布绿色技术推广目录及技术说明；组织绿色技术推广对接、宣传和经验交流；引导企业和地方开展入选绿色技术的推广应用。,N/A（本工具为技术推广目录，通过引导绿色技术推广应用间接支持减排，无直接可量化的温室气体排放覆盖量）,N/A（本工具为间接技术推广工具，无直接的温室气体排放覆盖占比）,M72,CO2; CH4; N2O,正向,技术创新；绿色产业发展；污染防治；资源节约；生态保护,关于印发《绿色技术推广目录（2024年版）》的通知（发改环资〔2024〕1812号）,https://www.ndrc.gov.cn/xxgk/zcfb/tz/202501/t20250120_1395788.html,https://www.ndrc.gov.cn/xxgk/zcfb/tz/202101/t20210108_1264625.html
CHNCBATPCI04S000,工具,能力建设与公众意识,技术推广目录,工业；废弃物,N/A,国家工业资源综合利用先进适用工艺技术设备目录,"National Catalogue of Advanced and Applicable Processes, Technologies and Equipment for the Comprehensive Utilisation of Industrial Resources",N/A,国家工业资源综合利用先进适用工艺技术设备目录是工业和信息化部（近年会同国家发展改革委、生态环境部）发布的技术推广类信息工具，通过遴选和公开推荐先进适用的工业资源综合利用工艺、技术和设备，传播先进技术信息、引导工业固体废物和再生资源综合利用。目录覆盖大宗工业固体废物（尾矿、粉煤灰、煤矸石、冶炼渣、工业副产石膏等）综合利用、再生资源（废钢铁、废有色金属、废塑料、废旧动力电池等）回收利用、以及资源综合利用公共服务等领域的工艺技术设备。工业和信息化部通过公开征集、专家评审、公示等程序确定入选清单并印发目录。目录建设可追溯至2017年《国家工业资源综合利用先进适用技术装备目录》（工业和信息化部公告2017年第40号），此后按年度或隔年更新（2019、2021、2023年版）；2025年版《国家工业资源综合利用先进适用工艺技术设备目录（2025年版）》（工业和信息化部等公告2025年第21号）由工业和信息化部会同国家发展改革委、生态环境部发布。目录旨在为工业企业选用资源综合利用技术设备提供参考，推动工业固废和再生资源规模化高值化利用。,推广先进适用的工业资源综合利用工艺技术设备；引导工业固体废物和再生资源综合利用；促进资源循环利用产业发展；支撑工业绿色低碳循环发展,间接,供给侧,中国,国家,N/A,13/10/2017,13/10/2017,N/A,10/09/2025,目录建设可追溯至2017年10月13日《国家工业资源综合利用先进适用技术装备目录》（工业和信息化部公告2017年第40号）。此后按年度或隔年更新（2019、2021、2023年版，如公告2023年第15号）。2025年版《国家工业资源综合利用先进适用工艺技术设备目录（2025年版）》（工业和信息化部、国家发展改革委、生态环境部公告2025年第21号，2025年9月10日）发布，分4个领域、共96项，扩充联合发文部门并更新工艺技术设备条目。,生效,工业和信息化部（节能与综合利用司）；国家发展改革委；生态环境部,工业资源综合利用工艺技术设备（研发与推广成果）,N/A,本工具为技术推广目录，推广对象为工业固体废物综合利用、再生资源回收利用等领域先进适用的工艺、技术和设备，不直接监管实体排放资产。,N/A,N/A,企业,工艺技术设备的研发生产企业（申报入选目录的供给方）以及采用推荐工艺技术设备的工业资源综合利用企业（需求方）。企业自愿申报工艺技术设备参与目录遴选，申报单位对所提交材料的真实性负责；工业企业可自主参考目录选用，入选与选用均不设强制性义务。,研究与开发,工业和信息化部等组织的工业资源综合利用工艺技术设备遴选和推广活动。研发生产企业自愿申报→主管部门组织专家评审、公示→印发目录并向社会公开→引导工业企业选用推广入选工艺技术设备。,N/A,N/A,N/A,1）工艺技术设备研发生产企业按目录申报要求，自愿提交工艺技术设备的资源利用指标、技术成熟度、应用案例等材料；2）主管部门按先进性、适用性、资源环境效益等标准组织专家评审和公示；3）入选工艺技术设备纳入目录并向社会公开发布；4）目录定期或分版更新；5）目录不设强制性合规义务，工业企业可自主参考选用，入选技术设备可作为相关支持政策和推广应用的参考。,N/A,N/A,与工业资源综合利用相关税收优惠（资源综合利用增值税、企业所得税优惠）政策衔接：入选技术设备可为资源综合利用认定提供技术参考。与循环经济和工业固废综合利用政策联动：目录推动固废和再生资源规模化利用。,工艺技术设备研发生产企业自愿申报并提供技术设备信息；工业和信息化部（节能与综合利用司）等负责组织评审、汇总和目录发布。,工业和信息化部等通过公告和门户网站公开发布目录（政府公开发布）；企业通过目录申报渠道提交申报材料。,不定期/约每一至两年更新一版（2017、2019、2021、2023、2025年版）。,是（公开）。目录通过工业和信息化部等公告和门户网站向社会全文公开。,N/A,无合规监测,无合规执行,其他激励或支持,工业和信息化部等发布目录及工艺技术设备说明；组织工业资源综合利用技术推广对接、案例宣传和经验交流；引导地方和企业开展入选技术设备的推广应用。,N/A（本工具为技术推广目录，通过引导工业资源综合利用技术推广应用间接支持减排，无直接可量化的温室气体排放覆盖量）,N/A（本工具为间接技术推广工具，无直接的温室气体排放覆盖占比）,E38,CO2; CH4,正向,资源节约；循环经济；污染防治；绿色产业发展,工业和信息化部等公告2025年第21号《国家工业资源综合利用先进适用工艺技术设备目录（2025年版）》,https://www.miit.gov.cn/zwgk/zcwj/wjfb/gg/art/2025/art_dd99789c9aba4900942418f37c505387.html,https://www.miit.gov.cn/jgsj/jns/zhlyh/art/2023/art_169733afb2f647e8adf670927bae6c07.html
CHNCBATPCI05S000,工具,能力建设与公众意识,技术推广目录,工业,N/A,工业领域电力需求侧管理产品（技术）参考目录,Reference Catalogue of Industrial Power Demand-Side Management Products (Technologies),N/A,工业领域电力需求侧管理产品（技术）参考目录是工业和信息化部办公厅（运行监测协调局）发布的技术推广类信息工具，通过遴选和公开发布先进适用的电力需求侧管理产品和技术，传播先进技术信息、引导工业领域开展电力需求侧管理、提高电能利用效率和电力系统灵活性。目录覆盖有序用电与负荷管理、电能替代与电气化、储能、电力需求响应、电能质量治理、智慧能源与虚拟电厂等方向的产品和技术。目录采取分批发布方式，工业和信息化部办公厅通过公开征集、评审、公示等程序确定入选产品（技术）清单并印发目录。目录第一批由《工业和信息化部办公厅关于印发工业领域电力需求侧管理参考产品（技术）目录（第一批）的通知》（工信厅运行函〔2017〕409号，2017年7月7日）发布，此后按批次陆续发布；最新为第六批（工信厅运行函〔2024〕204号，2024年6月3日，共24项）。目录旨在为工业企业和电力用户选用电力需求侧管理产品技术提供参考，推动工业电力系统高效灵活运行和绿色低碳转型。,推广先进适用的电力需求侧管理产品和技术；引导工业领域开展电力需求侧管理；提高电能利用效率和电力系统灵活性；支撑新型电力系统建设和工业绿色低碳转型,间接,供给侧,中国,国家,N/A,07/07/2017,07/07/2017,N/A,03/06/2024,目录采取分批发布。第一批由《工业和信息化部办公厅关于印发工业领域电力需求侧管理参考产品（技术）目录（第一批）的通知》（工信厅运行函〔2017〕409号）于2017年7月7日发布。此后按批次陆续发布，第一至五批于2024年2月整合（工信厅运行函〔2024〕37号）。最新为第六批（工信厅运行函〔2024〕204号，2024年6月3日印发、6月5日公布，共24项）。,生效,工业和信息化部办公厅（运行监测协调局）,电力需求侧管理产品与技术（研发与推广成果）,N/A,本工具为技术推广目录，推广对象为负荷管理、电能替代、储能、需求响应、电能质量治理、智慧能源等电力需求侧管理产品和技术，不直接监管实体排放资产。,N/A,N/A,企业,电力需求侧管理产品（技术）的研发生产企业（申报入选目录的供给方）以及采用推荐产品技术的工业企业和电力用户（需求方）。企业自愿申报产品（技术）参与目录遴选，申报单位对所提交材料的真实性负责；工业企业可自主参考目录选用，入选与选用均不设强制性义务。,研究与开发,工业和信息化部办公厅组织的电力需求侧管理产品（技术）遴选和推广活动。研发生产企业自愿申报→主管部门组织评审、公示→分批印发目录并向社会公开→引导工业企业和电力用户选用推广入选产品技术。,N/A,N/A,N/A,1）产品（技术）研发生产企业按目录申报要求，自愿提交产品技术的功能指标、节电节能效果、技术成熟度、应用案例等材料；2）主管部门按先进性、适用性、节电和调节效果等标准组织评审和公示；3）入选产品（技术）纳入目录并向社会公开发布；4）目录按批次发布更新；5）目录不设强制性合规义务，工业企业和电力用户可自主参考选用，入选产品技术可作为相关支持政策和推广应用的参考。,N/A,N/A,与电力需求侧管理办法和新型电力系统建设政策联动：目录为工业电力需求侧管理提供产品技术支撑。与电能替代、工业节能等政策衔接：入选产品技术可作为推广和支持参考。与需求响应、虚拟电厂等市场机制形成协同。,产品（技术）研发生产企业自愿申报并提供产品技术信息；工业和信息化部办公厅（运行监测协调局）负责组织评审、汇总和目录发布。,工业和信息化部办公厅通过通知和门户网站公开发布目录（政府公开发布）；企业通过目录申报渠道提交申报材料。,按批次发布，约每年组织一次征集（第一批2017年，最新第六批2024年）。,是（公开）。目录通过工业和信息化部办公厅通知和门户网站向社会全文公开。,N/A,无合规监测,无合规执行,其他激励或支持,工业和信息化部办公厅发布目录及产品技术说明；组织电力需求侧管理技术推广对接、案例宣传和经验交流；引导地方和企业开展入选产品技术的推广应用。,N/A（本工具为技术推广目录，通过引导电力需求侧管理产品技术推广应用间接支持减排，无直接可量化的温室气体排放覆盖量）,N/A（本工具为间接技术推广工具，无直接的温室气体排放覆盖占比）,D35,CO2,正向,能效提升；能源消耗减少；技术创新；能源安全,工业和信息化部办公厅关于印发《工业领域电力需求侧管理产品（技术）参考目录（第六批）》的通知（工信厅运行函〔2024〕204号）,https://www.miit.gov.cn/zwgk/zcwj/wjfb/tz/art/2024/art_23836d619c814d8587ecfda9cfc6b68e.html,https://www.miit.gov.cn/jgsj/yxj/wjfb/art/2020/art_09a11724de154215ae9d5ef81a79ff48.html
CHNCBAESII01S000,工具,能力建设与公众意识,教育体系建设,跨部门,N/A,绿色低碳发展国民教育体系建设,Construction of a Green and Low-Carbon Development National Education System,N/A,绿色低碳发展国民教育体系建设是由教育部部署的全国性教育体系建设，旨在将绿色低碳发展理念全面融入国民教育体系各层次和各领域，从课程教材、学科专业、教师培训、校园建设等多维度系统构建绿色低碳育人体系，培养践行绿色低碳理念的新一代青少年和碳达峰碳中和专业人才。方案设定两阶段目标：到2025年，绿色低碳生活理念与规范在大中小学普及传播，绿色低碳理念进入大中小学教育体系，全国绿色低碳领域相关专业布点数不少于600个；到2030年，学生绿色低碳生活方式及行为习惯系统养成，形成较为完善的多层次绿色低碳理念育人体系。方案围绕四大板块部署：（一）将绿色低碳发展融入教育教学，包括：将绿色低碳内容融入学前教育绘本和动画；在基础教育阶段的政治、语文、生物、地理、物理、化学等学科教材中系统纳入绿色低碳知识；高等教育建立跨学科碳达峰碳中和核心知识体系并融入思政课；职业教育增设碳排放统计核算、碳汇计量评估等新兴专业；以及在师范生培养和各级教师培训中加入碳达峰碳中和知识。（二）以绿色低碳发展引领提升教育服务贡献力，包括支持高校建设储能、氢能、碳捕集利用与封存、碳排放权交易、碳汇、绿色金融等碳达峰碳中和相关学科专业，建设全国重点实验室和国家技术创新中心等国家级创新平台。（三）将绿色低碳发展融入校园建设，包括完善校园能源管理工作体系、建立能耗监测体系、推广超低能耗建筑和可再生能源应用。（四）建立跨部门协作、经费保障和宣传引导等保障措施。方案于2022年10月26日由教育部以教发〔2022〕2号印发。,将绿色低碳发展理念全面融入国民教育体系各层次和领域；培养践行绿色低碳理念的新一代青少年；建设碳达峰碳中和相关学科专业体系，培养专业人才队伍；通过教育体系支撑国家碳达峰碳中和战略实施,直接,环境,中国,国家,N/A,26/10/2022,26/10/2022,N/A,N/A,N/A,生效,教育部,国民教育体系（课程、学科与校园建设）,N/A,本工具为教育体系建设方案，界定对象为国民教育体系中与绿色低碳发展相关的课程教材、学科专业设置、教师培训和校园基础设施建设等，不直接监管实体排放资产。方案通过教育体系系统性地培养绿色低碳理念和碳达峰碳中和专业人才，间接支持全社会温室气体减排。,N/A,N/A,社会公众,各级教育行政部门、大中小学及幼儿园、职业院校和高等学校。方案为教育行政部门和学校的指导性文件，各级教育行政部门负责制定具体实施方案并组织落实，学校按照方案要求将绿色低碳理念融入教育教学和校园建设。不设强制性合规义务和处罚。,生产、发电或转化,教育行政部门和学校的绿色低碳发展教育体系建设活动。教育部制定总体方案和指导意见→各级教育行政部门制定地方实施方案并组织落实→大中小学和职业院校将绿色低碳内容融入课程教材、专业设置和校园建设→高等学校建设碳达峰碳中和相关学科专业和国家级创新平台。,N/A,N/A,N/A,1）到2025年绿色低碳生活理念与规范在大中小学普及传播，绿色低碳理念进入大中小学教育体系，全国绿色低碳领域相关专业布点数不少于600个；2）到2030年实现学生绿色低碳生活方式及行为习惯系统养成，形成较为完善的多层次绿色低碳理念育人体系；3）将绿色低碳内容融入基础教育各相关学科教材和高等教育课程体系；4）增设储能、氢能、碳捕集利用与封存、碳排放权交易、碳汇、绿色金融等碳达峰碳中和相关学科专业；5）在师范生培养和各级教师培训中加入碳达峰碳中和知识；6）推动绿色校园建设和可再生能源应用；7）方案为教育行政部门和学校的指导性文件，不设强制性合规义务和处罚。,N/A,N/A,与全国低碳日（CHNCBAPACI04S000）、全国节能宣传周（CHNCBAPACI03S000）等公众宣传教育活动联动：各学校在主题日/周期间开展主题班会、知识竞赛等配套活动。与碳排放管理员国家职业标准（PCE）联动：绿色低碳相关学科专业建设和职业教育为碳排放管理员等职业人才培养提供教育基础。与中共中央、国务院《关于完整准确全面贯彻新发展理念做好碳达峰碳中和工作的意见》和《2030年前碳达峰行动方案》衔接，落实国家碳达峰碳中和战略对教育体系的要求。,教育部负责方案的总体制定和组织协调；各级教育行政部门按照方案要求制定地方实施方案，组织辖区内学校落实，并定期总结和上报工作进展。,教育部通过通知和门户网站公开发布方案（政府公开发布）；各级教育行政部门转发方案并组织学校落实。,方案设定2025年和2030年两阶段目标，实施过程中按计划推进和总结。,是（公开）。方案通过教育部和国务院门户网站向社会全文公开。,N/A,无合规监测,无合规执行,其他激励或支持,方案本身就是能力建设的顶层设计文件。教育部组织开发绿色低碳发展相关课程教材和教学资源；在师范生培养、各级教师和校长培训中系统纳入碳达峰碳中和知识；支持和引导高校加快碳达峰碳中和相关学科专业建设，推动建设全国重点实验室、国家技术创新中心等国家级创新平台；各地教育行政部门和学校组织落实方案，开展绿色校园建设和相关教育活动。,N/A（本工具为教育体系建设方案，通过教育体系系统性地培养绿色低碳理念和碳达峰碳中和专业人才间接支持全社会减排，无直接可量化的温室气体排放覆盖量）,N/A（本工具为间接能力建设工具，无直接的温室气体排放覆盖占比）,P85,CO2; CH4; N2O; HFCs; PFCs; SF6; NF3,正向,绿色产业发展；技术创新；资源节约,教育部关于印发《绿色低碳发展国民教育体系建设实施方案》的通知（教发〔2022〕2号）,https://www.gov.cn/zhengce/zhengceku/2022-11/09/content_5725566.htm,N/A
CHNCBAGSSI01S000,工具,能力建设与公众意识,绿色标准体系,工业,N/A,绿色制造标准体系,Green Manufacturing Standard System,N/A,绿色制造标准体系是由工业和信息化部与国家标准化管理委员会联合建立的标准制定计划，以《绿色制造标准体系建设指南》（工信部联节〔2016〕304号，2016年9月7日发布）为核心文件，构建覆盖制造业绿色转型全维度的标准体系框架。标准体系分为七个子体系：综合基础、绿色产品、绿色工厂、绿色企业、绿色园区、绿色供应链及绿色评价与服务，覆盖19个制造业行业。建设目标分阶段推进：到2020年制定一批基础通用和关键核心标准，形成基本健全的标准体系；到2025年绿色制造标准在各行业普遍应用，形成较为完善的标准体系。截至2025年，已累计制定发布绿色工厂评价相关标准450余项（覆盖工业领域29个大类、100个中类、334个小类），绿色产品（产品绿色设计）标准近200项，绿色供应链管理国家标准9项及行业/团体标准20余项，绿色园区评价国家标准在制定中。标准体系中除基础通用的推荐性国家标准（GB/T）外，也包括部分强制性国家标准（GB，如能耗限额标准），各标准具有各自独立的效力和适用场景。全国绿色制造技术标准化技术委员会（SAC/TC 337）为绿色制造标准化的主要技术归口机构。,建立统一协调的绿色制造标准体系框架；为绿色工厂、绿色产品、绿色园区和绿色供应链的评价、认证和推广提供技术标准基础；规范和引领制造业绿色低碳转型；减少标准重复和碎片化；支撑《中国制造2025》绿色制造战略的实施,间接,供给侧,中国,国家,N/A,07/09/2016,07/09/2016,N/A,N/A,N/A,生效,工业和信息化部（节能与综合利用司）；国家标准化管理委员会；全国绿色制造技术标准化技术委员会（SAC/TC 337，技术归口）,绿色制造标准体系（标准/信息基础设施）,新建,本工具为政府主导的标准体系规划和标准制定协调计划，界定和覆盖的对象为绿色制造领域的技术标准体系框架，涵盖综合基础、绿色产品、绿色工厂、绿色企业、绿色园区、绿色供应链及绿色评价与服务七个子体系。至2025年已累计制定发布各级标准约700项，包括推荐性国家标准（GB/T）、强制性国家标准（GB）、行业标准（JC/QB/HG等）和团体标准。各具体标准具有独立的效力和适用场景。,N/A,N/A,企业（标准的使用者）；标准化技术机构（标准的制定者）,绿色制造领域标准的制定由全国绿色制造技术标准化技术委员会（SAC/TC 337）及相关行业标准化技术委员会承担。标准的使用者为制造业企业，涵盖各行业规模以上工业企业，企业可自愿采用推荐性标准（GB/T）或遵循强制性标准（GB）。,研究与开发,政府部门联合标准化管理机构制定标准体系框架和路线图；标准化技术委员会组织标准的调研、起草、征求意见、审查和报批；标准经批准后通过全国标准信息公共服务平台发布；制造业企业根据标准的性质和自身需要选择采用或将标准要求转化为企业生产和管理活动。标准体系规划为指导性和协调性文件，不设强制性合规义务和处罚；但体系内包括的强制性国家标准（GB，如能耗限额）具有法律约束力。,N/A,N/A,N/A,1）工业和信息化部与国家标准委联合发布标准体系建设指南，确立7个子体系的架构；2）根据标准体系建设指南确定各领域标准制定的优先序和任务分工；3）各标准化技术委员会按照标准化工作程序组织具体标准的研究和制定工作；4）标准的制修订遵循《标准化法》规定的程序（立项、起草、征求意见、审查、批准、发布）；5）对标准体系实施效果进行跟踪评估并适时修订完善。标准体系规划本身为指导性文件，不设强制性合规义务。,N/A,N/A,为绿色工厂梯度培育管理（CHNCBACBPI01S000）、绿色设计产品评价、绿色园区评价以及绿色供应链管理评价等绿色制造体系应用层仪器提供标准基础。与国家能耗限额标准（GB系列）、排污许可相关技术规范、碳排放核算与报告标准（GB/T 32150/32151系列）、绿色产品认证标准等互补衔接。为绿色金融目录（如绿色金融支持项目目录）中的绿色产业识别提供技术标准依据。,工业和信息化部与国家标准委联合发布标准体系建设指南；各标准化技术委员会（以SAC/TC 337为主）负责标准的起草和技术归口；全国标准信息公共服务平台（std.samr.gov.cn）和全国标准全文公开系统为标准的发布和查询平台。,标准体系建设指南通过工业和信息化部网站和政府公报发布；已制定发布的标准通过全国标准信息公共服务平台和全国标准全文公开系统向社会公开。,标准体系按建设目标分阶段推进（2020年、2025年目标）；具体标准按标准化工作程序持续制修订。,是（公开）。标准体系建设指南全文通过工业和信息化部网站公开发布。已发布的国家标准和行业标准文本通过全国标准信息公共服务平台和全国标准全文公开系统向社会公开。,N/A,无合规监测,无合规执行,其他激励或支持,工业和信息化部组织标准体系建设指南的释义和宣贯培训；全国绿色制造技术标准化技术委员会和各行业标准化技术委员会组织开展标准起草人员培训和标准宣贯解读；通过绿色制造公共服务平台（gmpsp.org.cn）发布和推广标准信息；组织绿色制造标准化试点示范和经验交流。,N/A（本工具为标准体系规划，通过构建绿色制造技术标准基础、引导和规范制造业绿色低碳转型间接促进温室气体减排，无直接可量化的排放覆盖量）,N/A（本工具为间接能力建设工具，无直接的温室气体排放覆盖占比）,C10; C11; C12; C13; C14; C15; C16; C17; C18; C19; C20; C21; C22; C23; C24; C25; C26; C27; C28; C29; C30; C31; C32; C33,CO2; CH4; N2O; HFCs; PFCs; SF6; NF3,正向,绿色产业发展；技术创新；能效提升；污染防治；资源节约；循环经济,工业和信息化部 国家标准化管理委员会关于印发《绿色制造标准体系建设指南》的通知（工信部联节〔2016〕304号）,https://www.miit.gov.cn/jgsj/jns/wjfb/art/2020/art_d364c0664fc04535addaeb550cd45f76.html,https://www.gov.cn/xinwen/2016-09/29/content_5113568.htm；https://std.samr.gov.cn/（全国标准信息公共服务平台）
CHNCBAPCEI01S000,工具,能力建设与公众意识,职业资格认证,跨部门,N/A,碳排放管理员国家职业标准,National Occupational Standard for Carbon Emission Administrators,N/A,碳排放管理员国家职业标准（2023年版）是由人力资源和社会保障部会同生态环境部联合颁布的国家职业标准，是中国首个碳管理领域的国家职业资格标准，旨在规范碳排放管理从业者的职业行为、引导职业教育培训方向并为职业技能等级认定提供依据。标准将碳排放管理员界定为从事二氧化碳等温室气体排放监测、统计核算、核查、交易和咨询等工作的人员，职业编码4-09-07-04，标注绿色职业标识（L）。标准下设六个工种：碳排放监测员、碳排放核算员、碳排放核查员、碳排放交易员、碳排放咨询员和民航碳排放管理员。职业技能等级分设五个等级（五级/初级工、四级/中级工、三级/高级工、二级/技师、一级/高级技师），其中五级/初级工不分工种，碳排放咨询员仅设三级至一级。标准对各等级的职业功能、工作内容、技能要求和相关知识要求作出系统规定，并设定培训参考学时（五级不少于40标准学时，二级/一级不少于100标准学时）和考核标准。标准于2023年9月19日由人力资源和社会保障部办公厅、生态环境部办公厅联合颁布（人社厅发〔2023〕40号），2023年9月22日公开发布，自公布之日起施行。牵头起草单位为中国石油和化学工业联合会，审定单位包括生态环境部环境发展中心、国家应对气候变化战略研究和国际合作中心、清华大学等。,规范碳排放管理从业者的职业行为和从业要求；统一碳排放管理职业的技能标准和等级认定；引导职业教育和技能培训方向，培养碳达峰碳中和领域急需的专业技能人才；为服务国家碳达峰碳中和战略提供人力资源支撑,直接,环境,中国,国家,N/A,19/09/2023,19/09/2023,N/A,N/A,N/A,生效,人力资源和社会保障部；生态环境部,碳排放管理员职业标准与技能等级（人力资源建设）,N/A,本工具为职业资格标准，界定对象为碳排放管理相关职业的技能要求和等级认定标准，包括碳排放监测员、核算员、核查员、交易员、咨询员及民航碳排放管理员六个工种，不直接监管实体排放资产。标准通过规范从业者技能水平间接支持温室气体排放的准确监测、核算、核查和管理。,N/A,N/A,社会公众,拟从事碳排放管理相关工作的人员（含碳排放监测、核算、核查、交易、咨询等工种）；开展碳排放管理相关培训的职业院校和培训机构；以及组织实施职业技能等级认定的评价机构。参与为自愿性质，从业者和培训机构可自主参照标准开展培训和认定。,注册、许可及行政管理,碳排放管理从业人员的职业技能培训、等级认定和从业活动。标准为职业教育和培训提供统一的内容框架和考核基准，培训机构和职业院校依据标准设计课程和开展培训，评价机构依据标准实施职业技能等级认定，从业者通过培训和认定获取相应等级的职业技能证书。,N/A,N/A,N/A,1）标准将碳排放管理员职业设五个技能等级（五级/初级工至一级/高级技师），各等级对应不同的职业功能、工作内容、技能要求和知识要求；2）各工种（监测员、核算员、核查员、交易员、咨询员、民航碳排放管理员）有各自的技能要求和考核标准；3）培训参考学时从五级不少于40标准学时到一级不少于100标准学时不等；4）标准为从业者和培训机构自愿参照，不设强制性合规义务和处罚。,N/A,N/A,与国家职业技能等级认定体系联动：碳排放管理员纳入国家职业技能等级认定目录（绿色职业标识L）。与温室气体排放报告与核查制度（GRV）联动：标准为温室气体排放核算和核查岗位人员提供职业能力基准。与碳排放权交易市场联动：碳排放交易员标准为碳市场参与机构的人员配置和能力建设提供参考。,人力资源和社会保障部会同生态环境部负责标准的研究编制、颁布和修订；职业技能等级认定评价机构依据标准对从业人员实施考核和认定。,人力资源和社会保障部通过官网公开发布标准全文（政府公开发布）；职业技能等级认定评价机构依据标准发布培训和考核相关信息。,不定期修订更新（首次颁布为2023年版）。,是（公开）。标准通过人力资源和社会保障部官网向社会全文公开。,N/A,无合规监测,无合规执行,其他激励或支持,标准本身就是能力建设的基础性文件。人力资源和社会保障部会同生态环境部组织推动标准的宣贯和实施；职业院校和培训机构依据标准开发培训课程和教材；评价机构依据标准建设题库并开展技能等级认定；相关行业组织、企业和机构参与标准的推广和应用（如中国石油和化学工业联合会等）。2026年出版配套教材《碳排放核算专业知识与实务》。,N/A（本工具为职业资格标准，通过规范碳排放管理从业人员技能水平间接支持温室气体排放的监测、核算、核查和管理，无直接可量化的温室气体排放覆盖量）,N/A（本工具为间接能力建设工具，无直接的温室气体排放覆盖占比）,P85,CO2; CH4; N2O; HFCs; PFCs; SF6; NF3,正向,绿色产业发展；技术创新,人力资源社会保障部办公厅 生态环境部办公厅关于颁布碳排放管理员国家职业标准的通知（人社厅发〔2023〕40号）,https://www.mohrss.gov.cn/xxgk2020/fdzdgknr/rcrs_4225/jnrc/202312/t20231205_510006.html,N/A
CHNCBACBPI01S000,工具,能力建设与公众意识,能力建设计划,工业,N/A,绿色工厂梯度培育及管理,Green Factory Gradient Cultivation and Management,N/A,"绿色工厂梯度培育及管理由工业和信息化部印发，是面向制造业企业组织实施分级评价、动态管理和梯度培育的能力建设类信息工具，旨在通过建立国家—省—市三级联动的绿色工厂培育机制，引导企业持续提升绿色低碳水平。绿色工厂是指实现用地集约化、原料无害化、生产洁净化、废物资源化、能源低碳化的企业。办法从两个维度建立梯度培育机制：纵向形成国家、省、市三级联动的绿色工厂培育机制；横向通过绿色工业园区和绿色供应链管理企业带动园区内及供应链上下游企业创建绿色工厂。办法共六章27条，涵盖培育要求、创建程序（自评价或委托第三方评价，通过“工业节能与绿色发展管理平台”提交）、动态管理（“有进有出”机制，对得分连续三年处于后5%的移出名单）和配套机制（推广“企业绿码”，在规划布局、技术改造、金融服务等方面提供支持）。截至目前累计培育国家级绿色工厂8,336家（产值占规上制造业总产值22%）、绿色工业园区616家，带动省市级绿色工厂1.6万余家。",加快构建绿色制造和服务体系；发挥绿色工厂在制造业绿色低碳转型中的基础性和导向性作用；加快形成规范化、长效化培育机制；打造绿色制造领军力量,直接,供给侧,中国,国家,N/A,19/01/2024,19/01/2024,N/A,N/A,N/A,生效,工业和信息化部（节能与综合利用司）,绿色工厂（制造业生产设施）,新建；既有,本工具为能力建设计划，界定和覆盖的对象为经评价认定的绿色工厂，即实现用地集约化、原料无害化、生产洁净化、废物资源化、能源低碳化的制造业企业生产设施。涵盖国家级、省级、市级三个层次。工具本身为培育和管理性质，不直接监管实体排放资产。,N/A,N/A,企业,制造业企业（自愿申报绿色工厂评价认定）；第三方评价机构（受委托开展绿色工厂评价）；各级工业和信息化主管部门（组织推荐和动态管理）；绿色工业园区和绿色供应链管理企业（横向带动）。企业参与为自愿性质，通过管理平台自主申报，不设强制性义务。,生产,办法覆盖绿色工厂的梯度培育和动态管理活动，包括企业自评价或委托第三方评价、通过管理平台申报、地方推荐、国家认定、以及持续的动态管理和绩效改进。绿色工厂评价涵盖用地、原料、生产、废物、能源五个维度的绿色化水平，引导企业在生产全过程中持续提升绿色低碳绩效。,N/A,N/A,N/A,1）建立国家—省—市三级联动的绿色工厂梯度培育机制；2）绿色工厂须满足用地集约化、原料无害化、生产洁净化、废物资源化、能源低碳化要求；3）企业通过“工业节能与绿色发展管理平台”自主申报，采取自评价或委托第三方评价方式；4）建立“有进有出”的动态管理机制，对得分连续三年处于后5%的移出名单；5）推广“企业绿码”，在规划布局、技术改造、金融服务等方面提供配套支持；6）近三年发生安全/环保事故、失信、偷漏税等不得申报（一票否决）；7）办法为培育和管理性质，企业参与为自愿，不设强制性合规义务和处罚。,N/A,N/A,与绿色工厂评价通则（GB/T 36132-2025）、绿色工业园区评价通则等标准衔接；与绿色供应链管理、绿色设计产品认定、绿色公共采购、绿色金融等政策协同，将绿色工厂纳入相关支持政策优先对象。,工业和信息化部（节能与综合利用司）负责制定管理办法、组织国家级绿色工厂的遴选认定和动态管理；省级和市级工业和信息化主管部门负责本辖区绿色工厂的培育、推荐和日常管理。,工业和信息化部通过通知和门户网站公开发布办法、年度推荐通知和绿色工厂名单（政府公开发布）；企业通过“工业节能与绿色发展管理平台”（https://green.miit.gov.cn）在线申报和填报动态管理表。,每年7月31日前省级推荐至国家；每年4月15日前已认定企业填报动态管理表；年度发布绿色工厂推荐通知和名单。,是（公开）。绿色工厂名单和管理办法通过工业和信息化部门户网站向社会公开。,N/A,无合规监测,无合规执行,其他激励或支持,工业和信息化部组织绿色工厂评价标准的制修订和宣贯培训；各级工信部门组织绿色工厂经验交流和标杆推广；推广“企业绿码”制度，对绿色工厂实施分级展示和分类管理；将绿色工厂纳入技术改造、绿色金融、政府采购等支持政策的优先对象。,N/A（本工具为能力建设计划，通过引导企业创建绿色工厂提升能效和减少排放间接支持工业领域温室气体减排，无直接可量化的排放覆盖量）,N/A（本工具为间接能力建设工具，无直接的温室气体排放覆盖占比）,C10; C11; C12; C13; C14; C15; C16; C17; C18; C19; C20; C21; C22; C23; C24; C25; C26; C27; C28; C29; C30; C31; C32; C33,CO2; CH4; N2O,正向,绿色产业发展；资源节约；污染防治；循环经济,工业和信息化部关于印发《绿色工厂梯度培育及管理暂行办法》的通知（工信部节〔2024〕13号）,https://www.gov.cn/zhengce/zhengceku/202401/content_6929104.htm,https://www.miit.gov.cn/jgsj/jns/gzdt/art/2026/art_ff0367abfedd4a4d86d56599878d2ff3.html
CHNCBACOCI01S000,工具,能力建设与公众意识,公民行为规范,跨部门,N/A,公民生态环境行为规范十条,Ten Norms of Ecological and Environmental Behavior for Citizens,N/A,公民生态环境行为规范十条由生态环境部、中央精神文明建设办公室、教育部、共青团中央、全国妇联五部门联合发布，是中国首份国家层面面向全体公民的综合性生态环境保护行为规范，旨在引导公民在日常生产生活中履行生态环境保护义务、践行绿色低碳生活方式。规范围绕十个维度提出具体行为指引：“一、关爱生态环境”（学习生态环境政策法规，了解生物多样性和气候变化知识）；“二、节约能源资源”（反浪费，实施“光盘行动”，使用高能效电器，合理设定空调温度）；“三、践行绿色消费”（购买绿色产品，减少一次性用品使用）；“四、选择低碳出行”（优先步行、骑行、公共交通，推广使用新能源汽车）；“五、分类投放垃圾”（学习生活垃圾分类知识，规范分类投放）；“六、减少污染产生”（不露天焚烧，减少化学洗涤剂使用，避免噪声扰民）；“七、呵护自然生态”（参与义务植树，保护野生动植物，拒绝非法野生动植物制品）；“八、参加环保实践”（参与生态环境志愿服务和环保宣传）；“九、参与环境监督”（通过举报热线等渠道举报破坏生态环境行为，包括食品浪费行为监督）；“十、共建美丽中国”（践行简约适度、绿色低碳、文明健康的生活方式，从身边小事做起）。规范最早可追溯至2018年6月4日《公民生态环境行为规范（试行）》（生态环境部公告2018年第12号，2018年6月5日公开发布），系首部全国性公民生态环境行为规范；2023年5月31日修订发布《公民生态环境行为规范十条》（生态环境部等五部门公告2023年第17号，2023年6月5日公开发布），删除“试行”正式命名，纳入气候变化和碳达峰碳中和等内容，加强对食品浪费、生物多样性保护等行为引导。规范为倡导和指导性质，对公民不设强制性合规义务和处罚。,引导公民履行生态环境保护义务；增强全社会生态环保意识；践行简约适度、绿色低碳、文明健康的生活方式；形成人人、事事、时时、处处崇尚生态文明的社会氛围；支持美丽中国建设和碳达峰碳中和目标实现,直接,需求侧,中国,国家,N/A,04/06/2018,05/06/2018,N/A,31/05/2023,规范可追溯至2018年6月4日《公民生态环境行为规范（试行）》（生态环境部公告2018年第12号，2018年6月5日公开发布），系我国首部全国性公民生态环境行为规范，共十条行为指引。2023年5月31日由生态环境部、中央精神文明建设办公室、教育部、共青团中央、全国妇联五部门修订发布《公民生态环境行为规范十条》（公告2023年第17号，2023年6月5日公开发布），主要修订包括：删除“试行”正式命名为“十条”；纳入气候变化和碳达峰碳中和相关内容；强化食品浪费、生物多样性保护等行为引导；将具体量化建议（如空调温度）调整为“合理设定”等原则性表述；将举报热线更新为更广泛的举报渠道表达。,生效,生态环境部；中央精神文明建设办公室；教育部；共青团中央；全国妇联,公众环境意识与行为规范（行为倡导）,N/A,本工具界定和覆盖的对象为公民日常生产生活中的生态环境行为规范和意识，不直接监管实体排放资产。规范通过十个维度的行为指引，倡导节约能源资源、绿色消费、低碳出行、垃圾分类、减污降碳、生态保护、环保参与和环境监督等行为，引导公民从身边小事做起践行绿色低碳生活方式。规范为倡导和指导性质，不设强制性合规义务和处罚。,N/A,N/A,社会公众,全体公民个人和家庭。规范面向全社会成员，倡导每一位公民在日常生产生活中自觉遵守生态环境保护行为规范。参与为自愿性质，通过倡导和指导引导行为改变，不设强制性合规义务和处罚。,消费与使用,本规范引导和规范的受规制活动为公民日常生产生活中的消费与使用行为，涵盖能源资源消费（节约用电用水、合理使用空调）、商品和服务消费（购买绿色产品、减少一次性用品）、出行方式选择（低碳出行、优先公共交通）、废弃物处置（生活垃圾分类投放）以及生态环境参与（义务植树、志愿服务、环境监督）等。规范通过倡导简约适度、绿色低碳、文明健康的生活方式，引导公民在消费与使用环节减少温室气体排放和生态环境影响。,N/A,N/A,N/A,1）规范围绕关爱生态环境、节约能源资源、践行绿色消费、选择低碳出行、分类投放垃圾、减少污染产生、呵护自然生态、参加环保实践、参与环境监督、共建美丽中国十个维度提出行为指引；2）规范为倡导和指导性质，引导公民自觉遵守，不设强制性合规义务和处罚；3）各相关部门和地方政府结合职责和地方实际，组织开展规范的宣传推广、教育普及和实践活动；4）鼓励将规范融入学校教育、社区治理、企业社会责任等场景。,N/A,N/A,与全国低碳日（CHNCBAPACI04S000）、全国节能宣传周（CHNCBAPACI03S000）、全国生态日（CHNCBAPACI02S000）等公众宣传教育活动协同推进，公民十条为各类主题宣传活动提供长期稳定的行为框架和内容基础。与绿色消费、垃圾分类等专项政策衔接，为相关制度和实践的公众参与提供行为指引。与《中华人民共和国环境保护法》关于“一切单位和个人都有保护环境的义务”的规定相呼应。,生态环境部（宣传教育司）会同中央精神文明建设办公室、教育部、共青团中央、全国妇联负责规范的研究编制、修订更新和宣传推广。,五部门通过正式公告和门户网站公开发布规范（政府公开发布）；通过新闻发布会、媒体报道、公益广告、新媒体等多渠道向社会广泛传播；联合各地相关部门和机构组织开展宣传教育推广活动。,不定期修订更新。首次发布于2018年（试行），2023年正式修订发布。,是（公开）。规范通过生态环境部和联合发布部门的门户网站向社会全文公开。,N/A,无合规监测,无合规执行,其他激励或支持,生态环境部联合相关部门组织开展规范的全国宣传推广和教育普及；各地生态环境部门会同相关部门结合地方实际制定具体实施方案；持续开展“美丽中国我是行动者”等主题实践活动；将公民十条内容融入学校教育体系和公众生态环境教育基地建设；鼓励社会组织、志愿者开展相关宣传和实践活动。,N/A（本工具为公民行为规范类工具，通过倡导绿色低碳生活方式间接促进减排，无直接可量化的温室气体排放覆盖量）,N/A（本工具为间接行为倡导工具，无直接的温室气体排放覆盖占比）,M72,CO2; CH4; N2O,正向,绿色产业发展；污染防治；资源节约；循环经济；生态保护；公众健康,生态环境部 中央精神文明建设办公室 教育部 共青团中央 全国妇联关于发布《公民生态环境行为规范十条》的公告（公告2023年第17号）,https://www.mee.gov.cn/xxgk2018/xxgk/xxgk01/202306/t20230605_1032476.html,https://www.mee.gov.cn/xxgk2018/xxgk/xxgk01/201806/t20180605_629588.html
