政策工具ID,工具/子方案,组别,路径,排放部门,子行业,本国工具名称,英文工具名称,政策包,描述,目标,减缓相关性,作用渠道,国家,管辖层级,管辖地名称,通过日期,生效日期,终止日期,最近修订,最近修订（详情）,状态,管理机构,受规制资产,受规制资产（状态）,受规制资产（详情）,受规制资产（其他）,受规制资产（阈值范围）,受规制主体,受规制主体（详情）,受规制活动,受规制活动（详情）,强度（数值）,强度（单位）,强度（详情）,要求说明,合规计算方法I,合规计算方法II,公共投资：共同融资,公共投资：选择流程,公共采购：招标流程,公共采购：招标评标标准,公共采购：合规监测,公共采购：合规执行,公共采购：全生命周期成本,公共投资/采购：年度支出,温室气体排放覆盖（绝对量）,温室气体排放覆盖（占国内排放百分比）,经济行业,受影响的温室气体,减缓效果,减缓协同效益,法律文件名称,法律文件链接,其他网页链接
CHNPPCGPPI01S000,工具,公共采购,绿色公共采购,工业；建筑,政府采购通用耗能产品：办公设备、家用电器、照明、制冷空调、信息设备等,节能产品政府采购,Energy-saving products government procurement,N/A,财政部、国家发展改革委联合印发节能产品政府采购实施意见（财库〔2004〕185号），建立节能产品政府采购清单制度，要求各级国家机关、事业单位和团体组织在使用财政性资金进行采购时，优先采购列入“节能产品政府采购清单”的节能认证产品。清单覆盖空调、照明、计算机、打印机、显示器、变压器、电动机、水泵等耗能产品。2005年在中央一级及省级预算单位实行，2006年扩大至中央二级和地市级，2007年全面实行。2019年经四部委关于调整优化节能产品、环境标志产品政府采购执行机制的通知（财库〔2019〕9号）改革，取消清单制改为品目清单管理。财库〔2019〕19号印发节能产品政府采购品目清单，标注★的为强制采购产品（含台式计算机、便携式计算机、激光打印机、液晶显示器、空调机、坐便器、水嘴等）。采购人须依据有效的节能产品认证证书实施政府优先采购或强制采购。,节能；环境保护；可持续发展,直接,需求侧,中国,国家,N/A,17/12/2004,17/12/2004,N/A,01/02/2019,2019年2月1日财库〔2019〕9号改革：取消清单发布，改为品目清单管理，依据国家认可认证机构出具的节能产品认证证书实施采购，自2019年4月1日起执行。,生效,财政部；国家发展和改革委员会；国家市场监督管理总局,办公设备；家用电器；照明设备；制冷空调设备；信息设备；变压器；电动机；水泵,新建；既有,强制采购品目（★）：台式计算机、便携式计算机、平板式微型计算机、激光打印机、针式打印机、液晶显示器、制冷压缩机、空调机组、机房空调、空调机、电热水器、普通照明用双端荧光灯、坐便器、蹲便器、小便器、水嘴。优先采购品目：普通电视、电冰箱、洗衣机、投影仪、复印机、传真机、多功能一体机、LED灯、变压器、电动机等。产品须获得国家认可认证机构出具的有效节能产品认证证书。,N/A,产品能效须达到国标2级及以上。强制采购品目须获得有效节能产品认证证书。,政府,各级国家机关、事业单位和团体组织。使用财政性资金进行采购的采购人。采购代理机构须在招标文件中载明节能要求、合格条件和优先/强制采购评审标准。,购买或使用,采购人编制预算须优先安排节能产品采购。招标文件须载明节能要求和优先/强制采购评审标准。在性能、技术、服务等同条件下优先采购清单内产品。强制采购类别须在采购文件中载明认证证书要求。财政部门审核采购资金支付时核对节能产品采购执行情况，拒不执行可拒付采购资金。,N/A,N/A,本工具为公共采购优先/强制目录机制，非财政补贴类工具，无直接金额型政策强度指标。政策强度通过政府采购规模杠杆体现。,①采购文件须载明节能要求和合格条件；②拟采购产品属于品目清单范围的，须依据有效认证证书实施采购；③强制采购品目须在采购文件中载明认证证书要求；④评审标准须包含节能优先条款；⑤履约验收须核验证书有效性；⑥财政部门通过政府采购监管平台进行监督检查。,N/A,N/A,N/A,N/A,公开招标,同等条件下优先采购节能认证产品,财政部门监管,财政威慑,N/A,不按品类分列。2024年全国强制/优先采购节能节水产品337.23亿元（占同类产品92.48%），但该金额涵盖所有节能产品，非仅此政策工具对应金额。来源：财政部2024年全国政府采购简要情况,N/A,N/A,C26；C27；C28；D35,CO2,正向,节能；工业发展；技术创新,节能产品政府采购实施意见（财库〔2004〕185号）；关于调整优化节能产品、环境标志产品政府采购执行机制的通知（财库〔2019〕9号）；关于印发节能产品政府采购品目清单的通知（财库〔2019〕19号）,http://www.ccgp.gov.cn/zcfg/mof/201311/t20131113_3591949.htm,https://www.gov.cn/zhengce/zhengceku/2019-10/15/content_5439979.htm; http://www.ccgp.gov.cn/zcfg/mof/201902/t20190213_11628855.htm
CHNPPCGPPI02S000,工具,公共采购,绿色公共采购,工业；建筑；交通,政府采购环境标志产品：办公设备、建材、家具、清洁用品、纺织品等多品类,环境标志产品政府采购,Environmental labeling products government procurement,N/A,财政部、原国家环境保护总局联合印发关于环境标志产品政府采购实施的意见（财库〔2006〕90号），2006年10月24日发布，2007年1月1日起施行。建立环境标志产品政府采购清单制度，要求各级国家机关、事业单位和团体组织在使用财政性资金进行采购时，优先采购列入“环境标志产品政府采购清单”的产品。清单产品须获得中国环境标志（十环认证）认证。2007年在中央及省级预算单位实行，2008年全面实行。2019年经财库〔2019〕9号改革取消清单制改为品目清单管理，财库〔2019〕18号印发环境标志产品政府采购品目清单。产品类别涵盖办公设备、建材、家具、清洁用品、纺织品、纸制品等。本工具与CHNPPCGPPI01S000（节能产品政府采购）为并行机制：节能清单侧重产品能效，环境标志清单侧重产品全生命周期环保性能（有害物质限制、可回收性、生产过程环境管理等）。,环境保护；节约能源；资源循环利用；可持续发展,间接,需求侧,中国,国家,N/A,24/10/2006,01/01/2007,N/A,01/02/2019,2019年2月1日财库〔2019〕9号改革：取消清单发布，改为品目清单管理，自2019年4月1日起执行。,生效,财政部；生态环境部（原国家环境保护总局）；国家市场监督管理总局,办公设备；建材；家具；清洁用品；纺织品；纸制品；涂料；胶粘剂；载货汽车；乘用车；客车；专用车辆,新建；既有,列入品目清单的优先采购产品涵盖多品类：办公设备（复印机、打印机、传真机等）、建材（涂料、胶粘剂、人造板、地板等）、家具（办公家具、学生家具等）、清洁用品（洗涤剂、消毒剂等）、纺织品（窗帘、床上用品等）、纸制品（复印纸、卫生纸等）、车辆（载货汽车、乘用车、客车、专用车辆，依据HJ2532轻型汽车标准）。产品须获得国家认可认证机构出具的有效中国环境标志认证证书。,N/A,产品须符合中国环境标志产品认证标准（HJ标准系列）。具体技术参数按各产品的认证标准执行。,政府,各级国家机关、事业单位和团体组织。使用财政性资金进行采购的采购人。采购代理机构须在招标文件中载明环境标志产品优先采购要求。,购买或使用,采购人在性能、技术、服务等同条件下优先采购环境标志产品。招标文件须载明环保要求、合格条件和优先采购评审标准。财政部门审核政府采购资金支付时核对环境标志产品采购执行情况。,N/A,N/A,本工具为公共采购优先目录机制，非财政补贴类工具，无直接金额型政策强度指标。,①采购文件须载明环保要求和合格条件；②属于品目清单范围的产品须依据有效认证证书实施优先采购；③评审标准须包含环境标志产品优先条款；④履约验收须核验证书有效性。,N/A,N/A,N/A,N/A,公开招标,同等条件下优先采购环境标志认证产品,财政部门监管,财政威慑,N/A,不按品类分列。2024年全国优先采购环保产品795.47亿元（占同类产品87.98%），但该金额涵盖所有环保产品，非仅此政策工具对应金额。来源：财政部2024年全国政府采购简要情况,N/A,N/A,C16；C17；C20；C22；C23,CO2,正向,污染防治；循环经济；绿色消费,关于环境标志产品政府采购实施的意见（财库〔2006〕90号）；关于调整优化节能产品、环境标志产品政府采购执行机制的通知（财库〔2019〕9号）；关于印发环境标志产品政府采购品目清单的通知（财库〔2019〕18号）,http://www.ccgp.gov.cn/zcfg/mof/201311/t20131113_3591927.htm,https://www.gov.cn/zhengce/zhengceku/2019-10/15/content_5439979.htm
CHNPPCGPPI03S000,工具,公共采购,绿色公共采购,交通,政府公务用车；公共交通车辆,新能源汽车政府采购,New energy vehicles government procurement,N/A,国家机关事务管理局、财政部、科技部、工业和信息化部、国家发展和改革委员会联合印发政府机关及公共机构购买新能源汽车实施方案（国管节能〔2014〕293号，2014年6月11日），要求政府机关及公共机构在更新或新增公务用车时须达到新能源汽车采购比例目标。2014-2016年中央国家机关及推广城市的新能源汽车采购比例不低于30%，其他政府机关及公共机构从10%逐步提升至30%。2024年12月30日，财政部办公厅印发关于进一步明确新能源汽车政府采购比例要求的通知（财办库〔2024〕269号），进一步明确：年度公务用车采购总量中新能源汽车占比原则上不低于30%，路线固定、使用场景单一、主要在城区行驶的机要通信用车等原则上100%采购新能源汽车。配套机制含车辆采购价格限制（扣除财政补贴后不超过18万元）和充电桩配比要求（充电接口与车辆比例不低于1:1）。,节能；大气污染防治；产业发展,直接,需求侧,中国,国家,N/A,11/06/2014,11/06/2014,N/A,30/12/2024,2024年12月30日财办库〔2024〕269号进一步明确比例要求：年度公务用车采购总量中新能源汽车占比原则上不低于30%，路线固定且主要在城区行驶的机要通信等公务用车原则上100%采购新能源汽车，车辆租赁优先使用新能源汽车。,生效,国家机关事务管理局（主管政府机关公务用车编制和配备标准）；财政部（主管政府采购政策制定和预算管理）；工业和信息化部（主管新能源汽车产业发展和推荐车型目录管理）；科技部（主管新能源汽车技术研发和示范推广）；国家发展和改革委员会（主管新能源汽车产业发展规划和充电基础设施布局）,道路车辆,新建,新能源汽车（含纯电动汽车、插电式混合动力汽车、燃料电池汽车）。轿车价格扣除财政补贴后不超过18万元。车辆须列入工业和信息化部发布的新能源汽车推广应用推荐车型目录。采购车型须满足续航里程、电池能量密度、整车能耗等国家技术标准。配套充电桩配置要求：充电接口与新能源车辆数量比例不低于1:1。,N/A,新能源汽车占比原则不低于30%（2024年起）。机要通信等专用车辆原则100%采购新能源。轿车价格扣除财政补贴后不超过18万元。充电接口与车辆比例不低于1:1。,政府,各级国家机关、事业单位和团体组织。涵盖中央国家机关、省级（含计划单列市）机关、地市级机关、县级机关。公共机构（学校、医院、科研院所等）的公务用车采购。集中采购机构须在招标文件中明确新能源汽车采购要求和合格条件。,购买或使用,政府机关及公共机构在更新或新增公务用车时须达到新能源汽车采购比例。采购人编制公务用车采购预算时优先安排新能源汽车。集中采购机构须在招标文件中载明新能源汽车技术要求、合格条件和采购比例要求。车辆租赁服务采购中优先租赁使用新能源汽车。财政部门审核公务用车采购预算时核验新能源比例达标情况。国家机关事务管理局对政府机关公务用车配备更新计划进行审核。,30,%（新能源汽车采购比例最低要求）,年度公务用车采购总量中新能源汽车占比不低于30%（2024年起）。机要通信等特定用途车辆原则100%。2014年分阶段目标：中央机关及推广城市2014-2016年不低于30%；其他机关2014年不低于10%，2015年不低于20%，2016年不低于30%。,①年度公务用车采购总量中新能源汽车占比不低于30%；②机要通信等专用车辆原则上100%采购新能源；③车辆须列入工信部新能源汽车推荐目录；④采购轿车价格扣除财政补贴后不超过18万元；⑤充电接口与新能源车辆数量比例不低于1:1；⑥车辆租赁服务采购优先使用新能源汽车。,N/A,N/A,N/A,N/A,公开招标,新能源汽车采购比例要求（原则上不低于30%）,财政部门监管,财政威慑,N/A,不公开。财政部不单独公布新能源汽车政府采购金额。政策要求年度公务用车采购中新能源占比原则上不低于30%。来源：关于印发政府采购领域支持绿色低碳发展若干措施的通知,N/A,N/A,C29；D35；H49,CO2,正向,空气污染；能源供应安全；技术创新；工业发展,政府机关及公共机构购买新能源汽车实施方案（国管节能〔2014〕293号）；关于进一步明确新能源汽车政府采购比例要求的通知（财办库〔2024〕269号）；关于继续开展新能源汽车推广应用工作的通知（财建〔2013〕551号）,http://www.ccgp.gov.cn/zcfg/mof/202501/t20250103_24013065.htm,https://www.miit.gov.cn/zwgk/zcwj/wjfb/zbgy/art/2020/art_dd9dd5cf5b914533bb4c56d363410cb3.html; http://m.mof.gov.cn/czxw/202412/t20241230_3950760.htm
CHNPPCGPPI04S000,工具,公共采购,绿色公共采购,建筑；工业,建筑工程（政府投资公共建筑、保障性住房等）；建材生产,绿色建筑和绿色建材政府采购,Green building and green building materials government procurement,N/A,财政部、住房和城乡建设部联合印发关于政府采购支持绿色建材促进建筑品质提升试点工作的通知（财库〔2020〕31号，2020年10月13日），在南京、杭州、绍兴、湖州、青岛、佛山6个城市启动试点，试点期2年，试点项目原则上应于2022年12月底前竣工。试点范围为医院、学校、办公楼、综合体、展览馆、会展中心、体育馆、保障性住房等新建政府采购工程。2022年10月，财政部、住房城乡建设部、工业和信息化部联合印发关于扩大政府采购支持绿色建材促进建筑品质提升政策实施范围的通知（财库〔2022〕35号），将实施范围扩大至48个城市。2024年12月31日，三部门联合印发关于进一步扩大政府采购支持绿色建材促进建筑品质提升政策实施范围的通知（财库〔2024〕36号），自2025年1月1日起将实施范围扩大至全国101个市（市辖区），覆盖所有省份，新增旧城改造项目类型，执行绿色建筑和绿色建材政府采购需求标准（2025年版），绿色建材选用规则调整为必选类和可选类（可选类选用种类不低于建筑项目涉及建材种类的40%）。该工具通过政府采购市场力量拉动绿色建材和绿色建筑需求，降低建筑全生命周期碳排放。,绿色发展；节能；绿色消费,直接,需求侧,中国,国家,N/A,13/10/2020,13/10/2020,N/A,31/12/2024,2022年10月财库〔2022〕35号将实施范围从6个城市扩大至48个城市；2024年12月31日财库〔2024〕36号自2025年1月1日起进一步扩大至全国101个市（市辖区），执行绿色建筑和绿色建材政府采购需求标准（2025年版），新增旧城改造项目类型，绿色建材选用规则调整为必选类和可选类。,生效,财政部（主管政府采购政策制定、绿色建材集中采购机制）；住房和城乡建设部（主管绿色建筑标准制定、绿色建材认证和工程建设管理）；工业和信息化部（主管绿色建材产业发展）；实施城市人民政府（统筹本地绿色建材推广应用和项目监管）,建筑物；建筑材料,新建；既有,实施范围内新建政府采购工程项目：医院、学校、办公楼、综合体、展览馆、会展中心、体育馆、保障性住房。2025年起新增旧城改造项目。需采用的绿色建材包括：可循环建材、高强度高耐久建材、绿色部品部件、绿色装饰装修材料、节水节能建材。建筑须达到二星级及以上绿色建筑标准。推广结构保温一体化、装配式装修、光伏建筑一体化等绿色建造方式。,N/A,建筑须达到GB/T 50378二星级及以上绿色建筑标准。建材须满足绿色建筑和绿色建材政府采购需求标准（2025年版）（替代试行基本要求）。必选类绿色建材全部采购和使用；可选类选用种类不低于建筑项目涉及建材种类的40%。,政府,实施城市政府及其下属机构为政府采购工程的建设单位（采购人）。设计单位须按需求标准编制设计文件。施工单位须按设计文件和采购合同使用绿色建材。供货商须提供符合需求标准的绿色建材产品。,购买或使用；投资,采购人在编制采购文件和工程合同时须将需求标准作为实质性条件。设计单位按需求标准编制设计文件。采购人组织绿色建材集中带量采购。施工单位严格按设计文件和合同使用绿色建材。工程竣工后按绿色建筑标准进行验收。实施城市建立绿色建材采购大数据监管平台。2025年起：工程进度款支付比例不低于已完工程价款的80%，推行施工过程结算，竣工后原则上不再重复审核。,N/A,N/A,本工具为公共采购需求标准机制，非财政补贴类工具，无直接金额型政策强度指标。通过政府工程采购规模拉动绿色建材市场需求。,①采购文件须将绿色建筑和绿色建材政府采购需求标准作为实质性条件；②设计单位须按需求标准编制设计文件；③施工单位须按设计文件和合同使用绿色建材；④工程竣工须按绿色建筑标准验收；⑤实施城市建立绿色建材采购大数据监管平台，运用大数据、区块链等技术手段加强监督检查；⑥必选类绿色建材全部采购和使用；可选类选用种类不低于建筑项目涉及建材种类的40%（2025年起）；⑦工程进度款支付比例不低于已完工程价款的80%，推行施工过程结算。,N/A,N/A,N/A,N/A,公开招标,满足绿色建筑和绿色建材政府采购基本要求为采购实质性条件,财政部门监管；住建部门工程质量监管,合同执行,N/A,不公开。绿色建筑和绿色建材政府采购无单列全国金额。绿色建材试点已扩至101个市（市辖区），绿色建材种类增至108种。来源：财政部、住房城乡建设部、工业和信息化部关于进一步扩大政府采购支持绿色建材促进建筑品质提升的通知,N/A,N/A,F41；F42；F43；C23,CO2,正向,节能；污染防治；循环经济；技术创新,关于政府采购支持绿色建材促进建筑品质提升试点工作的通知（财库〔2020〕31号）；关于扩大政府采购支持绿色建材促进建筑品质提升政策实施范围的通知（财库〔2022〕35号）；关于进一步扩大政府采购支持绿色建材促进建筑品质提升政策实施范围的通知（财库〔2024〕36号）,https://www.gov.cn/zhengce/zhengceku/2020-10/22/content_5553250.htm,https://www.gov.cn/zhengce/zhengceku/2020-10/22/content_5553250.htm; https://www.gov.cn/zhengce/zhengceku/2022-10/25/content_5721342.htm; https://www.gov.cn/zhengce/zhengceku/202501/content_6997931.htm
CHNPPCGPPI05S000,工具,公共采购,绿色公共采购,工业,数据中心（信息通信基础设施）,绿色数据中心政府采购,Green data centre government procurement,N/A,财政部、生态环境部、工业和信息化部联合印发绿色数据中心政府采购需求标准（试行）（财库〔2023〕7号，2023年3月20日发布，2023年6月1日施行）。要求各级国家机关、事业单位、团体组织使用财政性资金采购数据中心相关设备、运维服务时，须执行该需求标准。核心能效要求：数据中心PUE（电能比）自2023年6月起≤1.40，自2025年起≤1.30（依据GB 40879-2021）。要求优先采用新能源、液冷、分布式供电、模块化机房等高效方案。年能源消费量≥1000吨标准煤的数据中心须建立能源管理体系并开展碳排放核查。服务器及存储设备可再生利用率应≥80%。微型计算机及显示器能效等级≥二级。投标环节供应商以承诺函代替检测/认证报告，履约验收中进行抽查检测。2022年起绿色采购水平在评价指标权重提升至5分。,减缓气候变化；节能；环境保护；资源循环利用,直接,需求侧,中国,国家,N/A,20/03/2023,01/06/2023,N/A,N/A,N/A,生效,财政部（主管政府采购需求标准制定和政策监督）；生态环境部（主管数据中心碳排放核查和环境管理）；工业和信息化部（主管数据中心技术标准和绿色数据中心评价）；国家市场监督管理总局（主管能效标准制定和认证监管）,信息通信设备；电力设备；冷却系统,新建；既有,数据中心基础设施：IT设备（服务器、存储设备、网络设备、微型计算机及显示器）、供配电系统、冷却系统（空调、液冷系统）、照明系统、监控管理系统。服务器及存储设备可再生利用率应≥80%。微型计算机及显示器能效等级≥二级。优先选用国家绿色数据中心先进适用技术产品目录国家通信业节能技术产品推荐目录中的产品。鼓励采用新能源发电、液冷技术、分布式供电、模块化机房等高效方案。,N/A,PUE≤1.40（2023年6月起）。PUE≤1.30（2025年起）。依据GB 40879-2021数据中心能效限定值及能效等级。年能耗≥1000吨标准煤须建立能源管理体系并开展碳排放核查。服务器及存储可再生利用率≥80%。微型计算机及显示器能效≥二级。,政府,各级国家机关、事业单位、团体组织。使用财政性资金采购数据中心设备、运维服务的采购人。供应商（数据中心设备制造商、系统集成商、运维服务提供商）须提供产品/服务符合标准的承诺函，接受履约验收中的抽查检测。,购买或使用,采购人编制数据中心采购需求和采购文件时须遵循绿色数据中心政府采购需求标准（试行）。投标环节原则上不要求检测报告/认证报告，供应商以承诺函代替。履约验收中采购人进行抽查检测，必要时委托第三方检测认证机构。数据中心运行后，年能耗≥1000吨标准煤的须开展碳排放核查。鼓励采购人建立绿色供应链管理机制和废旧电子电器产品循环利用回收管理制度。,1.40；1.30,PUE（电能比）上限,2023年6月起PUE≤1.40；2025年起PUE≤1.30。依据GB 40879-2021，达到二级及以上能效等级。,①采购需求须遵循绿色数据中心政府采购需求标准（试行）；②PUE须满足阶段性能效要求；③优先采用新能源、液冷、分布式供电等高效方案；④年能耗≥1000吨标准煤须建立能源管理体系和碳排放核查；⑤服务器及存储设备可再生利用率≥80%；⑥供应商以承诺函代替报告，履约验收抽查检测；⑦建立绿色供应链管理机制和废旧电子电器回收制度。,N/A,N/A,N/A,N/A,公开招标,须符合绿色数据中心政府采购需求标准（试行）,财政部门监管；第三方检测认证,合同执行,N/A,不公开。绿色数据中心政府采购无单列全国金额。,N/A,N/A,J61；J62；J63,CO2,正向,节能；技术创新；工业发展,绿色数据中心政府采购需求标准（试行）（财库〔2023〕7号）；数据中心能效限定值及能效等级（GB 40879-2021）,https://www.mee.gov.cn/xxgk2018/xxgk/xxgk10/202304/t20230417_1026869.html,http://m.mof.gov.cn/czxw/202304/t20230407_3877738.htm
CHNPPCGPPI06S000,工具,公共采购,绿色公共采购,交通,道路交通及基础设施,政府采购支持公路绿色低碳发展试点,Government Procurement Supporting Green and Low-Carbon Highway Development Pilot,N/A,财政部、交通运输部联合印发《关于组织开展“政府采购支持公路绿色低碳发展”试点工作的通知》（财库〔2025〕32号，2025年12月18日），试点期3年，原则上2028年12月31日前申请验收。试点范围为国道、省道、县道、乡道等各级公路（含高速公路），覆盖规划、可行性研究、设计、招标（采购）、施工、运营、养护等各阶段。试点核心内容：（1）制定发布《政府采购支持公路绿色低碳发展基本要求（试行）》，形成客观、量化、可验证、可推广的政府采购需求标准；（2）将需求标准嵌入招标文件作为实质性要求或加分项，在公路建设全流程落实绿色低碳政策；（3）对绿色材料探索批量集中采购，鼓励通过电子化政府采购平台采购；（4）推动新材料、新技术、新工艺、新方法（“四新”技术）在公路建设中的应用。符合条件的试点任务可按程序纳入交通强国专项试点，纳入试点且符合信贷要求的项目可申请绿色金融支持。,推动公路绿色低碳发展；减少公路建设和运营碳排放；扩大交通基础设施领域绿色采购规模,直接,需求侧,中国,省级,第一批试点覆盖河北、山西、内蒙古、浙江、安徽、福建、江西、山东、广西、重庆、四川、甘肃、宁夏、新疆共14个省（自治区、直辖市），共25项试点任务,18/12/2025,18/12/2025,N/A,N/A,N/A,生效,财政部（主管政府采购政策制定、绿色采购需求标准发布）；交通运输部（主管公路建设、运营和养护绿色技术标准制定和项目推进）；试点实施单位所在地省级财政部门和交通运输主管部门（统筹试点申报和实施管理）；试点实施单位（设区的市级以上交通运输主管部门，负责试点项目的具体组织实施）,道路交通基础设施,新建；既有,国道、省道、县道、乡道等各级公路（含高速公路），涵盖新建、在建及运营养护项目。试点项目须具备应用“四新”技术（新材料、新技术、新工艺、新方法）的条件，包括但不限于：温拌沥青、再生沥青混合料、工业固废路基填料、高性能混凝土、光伏路面、低碳养护技术、智能建造装备等绿色低碳公路技术和材料。试点地区须具备较好的绿色低碳技术应用基础（交通资源循环利用较好、政府绿色采购政策实施情况较好等）。单个地市可将多个不同类型项目打包一并申报。,N/A,N/A,政府,试点实施单位为设区的市级以上交通运输主管部门。事业单位、央企或地方国企原则上不单独作为申报主体，但可承担具体实施工作。省级财政部门和交通运输主管部门为试点组织单位，负责择优推荐。,购买或使用；投资,试点实施单位在编制招标（采购）文件时须将《政府采购支持公路绿色低碳发展基本要求（试行）》作为实质性要求或加分项嵌入。设计单位按需求标准编制设计文件。施工单位按设计文件和合同要求采用绿色低碳技术和材料。对绿色材料可实施批量集中采购，鼓励通过电子化政府采购平台采购。试点项目完成竣（交）工验收后30日内编制验收评估申请报告。鼓励运用大数据、区块链等技术手段跟踪试点情况。,N/A,N/A,本工具为政府采购需求标准机制，非财政补贴类工具，无直接金额型政策强度指标。通过政府采购市场力量拉动公路绿色低碳技术和材料需求。纳入试点且符合信贷要求的项目可申请绿色金融支持。,1. 制定发布《政府采购支持公路绿色低碳发展基本要求（试行）》，形成客观、量化、可验证、可推广的需求标准，并动态调整；2. 在招标（采购）文件中将需求标准作为实质性要求或加分项，在公路建设规划、可行性研究、设计、招标（采购）、施工、运营、养护、验收全流程中落实绿色低碳政策；3. 对绿色材料可实施批量集中采购，鼓励通过电子化政府采购平台采购；4. 试点项目须应用“四新”技术（新材料、新技术、新工艺、新方法），形成良好示范效应；5. 试点地区管辖范围内公路项目近3年未发生较大及以上等级生产安全事故；6. 试点项目完成竣（交）工验收后30日内，编制验收评估申请报告逐级上报；7. 每年1月31日前报送上年度试点总结报告。,N/A,N/A,N/A,N/A,公开招标,满足《政府采购支持公路绿色低碳发展基本要求（试行）》为采购实质性要求或加分项,财政部门监管；交通运输部门项目监管,合同执行,N/A,未公开。试点尚在申报批复阶段（首批申报2026年1月31日截止，2026年3月6日前批复），尚无年度支出数据。通过政府采购市场力量拉动绿色公路技术和材料需求。,N/A,N/A,F42,CO2,正向,节能；污染防治；循环经济；技术创新；绿色产业发展,《关于组织开展“政府采购支持公路绿色低碳发展”试点工作的通知》（财库〔2025〕32号）,https://www.gov.cn/zhengce/zhengceku/202601/content_7055549.htm,https://m.mof.gov.cn/zcfb/202601/t20260104_3981293.htm
CHNPIVCBII01S000,工具,公共投资,中央预算内投资,交通,道路运输充电基础设施,县域充换电设施补短板试点,County-level charging and battery-swapping facility pilot,新能源汽车产业发展规划（2021—2035年）,财政部、工业和信息化部、交通运输部联合印发关于开展县域充换电设施补短板试点工作的通知（财建〔2024〕57号，2024年4月9日），启动百县千站万桩试点工程。试点期为3年（2024—2026年），中央财政对试点县给予奖励资金支持，每个试点县示范期内最高可累计获得4500万元奖励。资金采取先预拨、后清算方式，公示后中央财政先行拨付不低于70%的奖励资金。2024年支持67个试点县，2025年支持75个试点县（允许联合申报），2026年支持59个联合试点县。目标：力争实现充换电基础设施乡乡全覆盖。核心考核指标为充电桩功率利用率（充电量÷额定功率÷投运时长），按所在省新能源汽车渗透率分三档考核。充电桩要求：额定功率不低于120kW，面向全社会开放，可用率不低于99%，提供不少于6年运营服务保障。2025年新增V2G技术要求（放电总功率≥140kW，试点期总放电量≥1.4万kWh，按3倍系数折算标准桩）；2026年新增绿电应用激励（光伏自发自用电量≥40%，按1.2倍折算）。,减缓气候变化；绿色经济；能源供应安全,直接,供给侧,中国,县级,2024年首批67个试点县（后调整为辽宁、湖南、云南、甘肃、河南等省联合试点县），2025年第二批75个试点县（含联合体），覆盖26个省份；具体名单见财政部、工业和信息化部、交通运输部相关公示,09/04/2024,09/04/2024,31/12/2026,06/03/2026,2025年2月20日三部门印发关于开展2025年县域充换电设施补短板试点申报有关工作的通知（财办建〔2025〕3号），新增联合申报机制、V2G技术激励、电动重卡充换电设施，调整汽车保有量门槛至25万辆。2026年3月6日三部门印发关于开展2026年县域充换电设施补短板试点申报有关工作的通知（财办建〔2026〕8号），支持59个联合试点县，新增绿电应用激励（光伏自发自用电量≥40%按1.2倍折算），要求名单确定后3个月内开工。,生效,财政部（主管奖励资金安排、拨付和清算）；工业和信息化部（主管充换电设施技术标准和产业发展）；交通运输部（主管公路沿线充换电设施规划和运营管理）；省级财政、工业和信息化、交通运输主管部门,电力网；道路基础设施,新建,县域公共充换电基础设施：直流充电桩（额定功率不低于120kW）、电池换电站、光储充一体化充电站（含光伏发电+储能+充电）、全液冷充电设备、V2G双向充放电设施、电动重卡充换电设施。设施须面向全社会开放，可用率不低于99%，提供不少于6年运营服务保障。须安装数据采集和传输设备，以直连方式实时上传运行数据至国家清算平台。,2025年起新增电动重卡充换电设施。2026年新增绿电应用激励：光伏自发自用电量不低于40%的充换电设施可按1.2倍折算标准桩。,充电桩额定功率不低于120kW（含120kW）。标准桩折算规则：120kW≤P<360kW按额定功率÷120kW（向下取整）折算；P≥360kW按÷120kW（向下取整）后×1.5倍折算；换电站按÷120kW（向下取整）后×3倍折算；光储充站×2倍；全液冷×2倍；V2G项目×3倍。配套设施（变压器、配电柜等）不单独折算标准桩。,企业；政府,试点县人民政府为项目申报和实施主体；充换电设施投资建设和运营主体为企业（包括充电运营商、电网公司、能源企业、民营企业等）。试点县须建立政府统筹、企业参与的联合推进机制。试点县所在的地级市须满足汽车保有量条件（2024年≥20万辆，2025年起≥25万辆）。,购买或使用；投资,试点县政府统筹规划县域充换电设施布局，通过公开招标等方式选择投资建设运营商。企业投资建设并运营充换电设施，提供充电和换电服务。设施建成后须在1个月内完成与国家清算平台的数据对接。中央财政奖励资金拨付至试点县财政，用于支持和奖补充换电设施建设和运营（不得用于楼堂馆所建设、人员经费等支出）。,4500,万元/试点县（3年累计最高）,每个试点县示范期（3年）内每年达标最高档累计最多获得4500万元奖励。年度奖励分三档（1000万/1200万/1500万元），根据充电桩功率利用率考核结果确定。分档标准按所在省新能源汽车渗透率分三档（第一档>35%、第二档25%-35%、第三档≤25%），各档对应递增的功率利用率考核目标。来源：财建〔2024〕57号。,申报主体为县（不含市辖区）。所在地级市汽车保有量2024年≥20万辆（2025年起≥25万辆）。须制定完善的县域充换电设施布局规划和供电保障方案。充换电设施须满足：额定功率≥120kW；面向全社会开放；可用率≥99%；提供≥6年运营服务保障。设施数据须以直连方式实时传输至国家清算平台。已享受超长期特别国债或中央预算内投资支持的项目不得重复申报。充电桩须安装符合国家标准的直流快充接口，提供电子支付功能。,N/A,标准桩折算：根据不同设施类型按功率和折算系数计算标准桩数量（详见Asset (Cut-off range)字段）。年度考核：按充电桩功率利用率（充电量÷额定功率÷投运时长）分三档评估，达标对应年度奖励金额（1000万/1200万/1500万）。先预拨、后清算：公示后中央财政先行拨付不低于70%的奖励资金，后续按年度考核结果清算。对未达标的试点县，扣减或收回相应年度奖励资金。,中央财政先预拨70%奖励资金，地方和企业配套投入建设运营,试点县申报，省级推荐，三部委联合评审择优确定,,,,,,每个试点县3年累计最高4500万元（先预拨≥70%、后清算），2024-2025年共约142个试点县。来源：财建〔2024〕57号（关于开展县域充换电设施补短板试点工作的通知）,N/A,N/A,D35,CO2,正向,空气污染；技术创新；工业发展,关于开展县域充换电设施补短板试点工作的通知（财建〔2024〕57号）；关于开展2025年县域充换电设施补短板试点申报有关工作的通知（财办建〔2025〕3号）；关于开展2026年县域充换电设施补短板试点申报有关工作的通知（财办建〔2026〕8号）,http://gdii.gd.gov.cn/attachment/0/573/573794/4673048.pdf,https://xxgk.mot.gov.cn/2020/jigou/glj/202502/t20250227_4164848.html; http://jjs.mof.gov.cn/tongzhigonggao/202603/t20260313_3985275.htm
CHNPIVCBII02S000,工具,公共投资,中央预算内投资,工业；能源；建筑,重点用能行业（电力、钢铁、有色、建材、石化、化工、机械等）；煤电；集中供热；算力基础设施；园区循环化；城市矿产,节能降碳中央预算内投资专项,Energy Conservation and Carbon Reduction Central Budget Investment Special,N/A,国家发展改革委于2025年9月19日印发节能降碳中央预算内投资专项管理办法（发改环资规〔2025〕1228号），自印发之日起施行，有效期5年，替代原2024年版（发改环资规〔2024〕338号）。该专项采取直接投资、资本金注入或投资补助方式，支持六个方向的项目建设：（一）重点行业领域节能降碳——电力、钢铁、有色、建材、石化、化工、机械等重点行业节能降碳改造，工业园区/产业集群整体改造，供热、算力等基础设施节能改造，中央和国家机关节能改造；（二）煤炭消费清洁替代——煤电机组和煤化工低碳化改造，食品、纺织、造纸等行业燃煤锅炉清洁能源替代，城乡居民地热能、生物质能供暖；（三）循环经济助力降碳——园区循环化改造、城市矿产示范基地、资源循环利用基地、回收站点和绿色分拣中心、再生资源利用、大宗固废综合利用、退役设备再制造、以竹代塑、可降解塑料；（四）低碳零碳负碳示范——绿色低碳先进技术示范，零碳园区、零碳运输走廊，绿色甲醇和可持续航空燃料，规模化碳捕集利用与封存（CCUS）；（五）碳达峰碳中和基础能力建设——碳排放计量/统计/核算/监测等（仅限政府投资项目）；（六）党中央、国务院交办重大事项。支持比例：重点行业节能降碳、煤炭替代、循环经济、低碳零碳负碳示范四类项目统一按核定总投资的20%支持；碳达峰碳中和基础能力建设按区域差异支持（东部60%、中部70%、西部/东北80%）；中央和国家机关项目原则上全额安排。项目须前期手续齐全、具备开工条件（计划新开工或在建项目），不得用于已完工项目。已获得其他中央预算内投资专项支持的项目不在本专项支持范围。适度向碳达峰碳中和、节约能源、发展循环经济工作突出的地区以及国家生态文明试验区等倾斜。,节能降碳；绿色低碳发展；减缓气候变化,直接,供给侧,中国,国家,N/A,17/03/2024,17/03/2024,N/A,19/09/2025,替代节能降碳中央预算内投资专项管理办法（发改环资规〔2024〕338号）。2025版主要变化：①支持方向从四类扩展为六类，新增煤炭清洁替代和碳达峰碳中和基础能力建设；②统一重点行业、煤炭替代、循环经济、示范项目四类支持比例为核定总投资的20%（原2024版为30%/20%/15%三档）；③碳达峰碳中和基础能力建设按区域差异支持（东部60%、中部70%、西部/东北80%）；④新增项目动态储备机制；⑤资金下达可从一次或分次下达，更加灵活。,生效,国家发展和改革委员会（资源节约和环境保护司主管）；省级发展改革部门（项目汇总申报）；有关中央单位,工业设施；发电设施；集中供热系统；算力基础设施；循环经济设施（城市矿产示范基地、资源循环利用基地、回收站点、绿色分拣中心）；碳捕集利用与封存设施；碳排放监测与核算系统；国家机关建筑,新建；既有,六大支持方向对应的资产类别：（一）重点行业节能降碳：电力、钢铁、有色、建材、石化、化工、机械等行业生产设施及工艺装备，工业园区/产业集群整体，供热基础设施，算力基础设施（数据中心服务器、冷却系统、供配电系统），中央和国家机关办公建筑及用能系统；（二）煤炭消费清洁替代：煤电机组（低碳化改造），煤化工生产装置，食品、烟草、纺织、造纸、印染等行业燃煤锅炉和工业窑炉，城乡居民地热能和生物质能供暖设施；（三）循环经济：园区循环化改造设施，城市矿产示范基地，资源循环利用基地，规模化规范回收站点和绿色分拣中心，再生资源加工利用设施，大宗固体废弃物综合利用设施，退役设备再制造生产线，农林剩余物资源化和能源化利用设施，可降解塑料和可循环快递包装生产线，以竹代塑基础设施和生产线；（四）低碳零碳负碳示范：绿色低碳先进适用技术示范装置，零碳园区和零碳运输走廊供能设施和降碳改造设施，绿色甲醇和可持续航空燃料生产装置，规模化碳捕集利用与封存（CCUS）项目设施；（五）碳达峰碳中和基础能力建设：碳排放计量/统计/核算/监测系统，温室气体排放因子库，碳排放数据管理系统（仅限政府投资项目）；（六）党中央、国务院交办重大事项相关项目。,已获得其他中央预算内投资专项支持的项目，不在本专项支持范围。资金只能用于前期手续齐全、具备开工条件的计划新开工或在建项目，不得用于已完工（含试运行）项目。,重点行业节能降碳、煤炭消费清洁替代、循环经济助力降碳、低碳零碳负碳示范四类项目：按核定总投资的20%支持。碳达峰碳中和基础能力建设项目：东部地区60%、中部地区70%、西部地区80%、东北地区80%。中央和国家机关有关项目：原则上全额安排。,企业；政府,项目单位：符合条件的企业（包括国有企业、民营企业）和地方政府部门。汇总申报单位：省级发展改革部门、有关中央单位。国家发展改革委委托第三方机构评估项目的节能降碳效果、技术先进性适用性、总投资合理性、配套资金落实情况、项目单位信用情况等，按照从严把关、优中选优原则批复。年综合能耗1万吨标准煤以上的项目须提供节能诊断报告。,投资；生产、生成或转化；购买或使用,项目单位编制资金申请报告（含单位基本情况、项目代码和建设内容与规模、总投资及资金来源、申请投资支持的政策依据、规划/用地/环评/用能/安全等前期手续办理情况、投资估算、建设方案、绩效效果等十项内容），经省级发展改革部门或有关中央单位汇总报送国家发展改革委。国家发展改革委委托第三方机构评估后择优批复。资金采取直接投资、资本金注入或投资补助方式安排，根据项目情况可一次或分次下达。项目竣工后6个月内完成验收，未达标者限期整改，整改不通过将收回资金。省级发展改革部门依托国家重大建设项目库建立项目动态储备机制。项目出现超过一年未开工、延期超6个月、总投资发生重大变化等情形须及时调整。弄虚作假、挪用资金等严重违规情形可停止拨付并收回资金，1—3年内暂停受理该单位申请。,20；60；70；80,%（占核定总投资的中央预算内投资支持比例）,四类产业项目（重点行业节能降碳、煤炭替代、循环经济、低碳零碳负碳示范）：统一按核定总投资的20%。碳达峰碳中和基础能力建设：东部60%、中部70%、西部80%、东北80%。中央和国家机关项目：原则上全额安排。以上为2025版（发改环资规〔2025〕1228号）更新后的支持比例。,①项目须前期手续齐全、具备开工条件（计划新开工或在建项目），不得用于已完工（含试运行）项目；②不得重复申请其他中央预算内投资；③已获得其他中央预算内投资专项支持的项目不在本专项支持范围；④年综合能耗1万吨标准煤以上的项目须提供节能诊断报告；⑤项目调整制度：超过一年未开工、延期超6个月、总投资发生重大变化等情形须及时调整；⑥完工报告制度：竣工后6个月内完成验收，未达标者限期整改，整改不通过将收回资金；⑦弄虚作假、挪用资金等严重违规情形可停止拨付并收回资金，1—3年内暂停受理该单位申请；⑧省级发展改革部门依托国家重大建设项目库建立项目动态储备机制；⑨适度向碳达峰碳中和、节约能源、发展循环经济工作突出的地区及国家生态文明试验区倾斜。,N/A,N/A,否,省级发展改革部门汇总申报，国家发展改革委委托第三方评估择优批复,N/A,N/A,N/A,N/A,N/A,"不公开。国家发改委不公布各专项分年度拨款金额。2025年中央预算内投资总规模7,350亿元（所有领域合计）。来源：2025年政府工作报告",N/A,N/A,D35; C24; C23; C19; C20; C28; E36; E37; E38; E39; J61; J62; J63,CO2,正向,节能；循环经济；技术创新；产业发展；能源安全,节能降碳中央预算内投资专项管理办法（发改环资规〔2025〕1228号）,https://www.ndrc.gov.cn/xxgk/zcfb/ghxwj/202510/t20251014_1400943_ext.html,https://www.ndrc.gov.cn/xxgk/zcfb/ghxwj/202404/t20240408_1365534.html
CHNPIVCBII03S000,工具,公共投资,中央预算内投资,交通,干线铁路；城际铁路；客货运输,铁路专项中央预算内投资,Railway Special Central Budget Investment,N/A,国家发展改革委于2025年11月27日印发铁路专项中央预算内投资管理办法（发改基础规〔2025〕1516号），自印发之日起施行，有效期至2030年12月31日，替代原2023年版（发改基础规〔2023〕1761号）。该专项按资本金注入方式安排中央预算内投资，由国铁集团作为出资人代表或由省级发展改革部门申请作为地方资本金投入。支持范围：纳入国家批准的中长期铁路网规划和五年铁路发展规划中的干线铁路（畅通路网骨干通道、强化边境国防保障）及京津冀等城际铁路项目，客货并重、新建和改扩建并举。投资安排标准按区域差异化：西藏和南疆四地州干线铁路为资本金的90%；四省涉藏州县、新疆其他地区、沿边干线为70%；东部/中部/西部/东北干线铁路分别为30%/40%/50%/50%；城际铁路新建项目分别为10%/15%/20%/20%；既有铁路改造开行城际列车为50%。特殊地区（西藏等）可采用全额资本金。项目须已纳入国家规划、通过审批/核准/备案、已纳入重大建设项目库并具备开工条件、建设资金来源和条件基本落实。铁路作为低碳公共交通方式，通过促进客货运输从公路和航空向铁路转移（模式转换），间接减少交通部门温室气体排放。,交通基础设施建设；区域协调发展；经济发展；边境国防保障,间接,供给侧,中国,国家,N/A,08/02/2021,08/02/2021,31/12/2030,27/11/2025,替代铁路项目中央预算内投资专项管理办法（发改基础规〔2023〕1761号）。2025版名称从铁路项目调整为铁路专项，有效期明确至2030年12月31日。,生效,国家发展和改革委员会（基础设施发展司）；中国国家铁路集团有限公司（出资人代表）；省级发展改革部门,铁路基础设施（干线铁路、城际铁路线路及配套设施）,新建；既有,纳入国家批准的中长期铁路网规划和五年铁路发展规划的干线铁路项目（畅通路网骨干通道、强化边境国防保障），以及京津冀等城市群的城际铁路项目。涵盖客运和货运铁路，新建和改扩建项目。既有铁路改造开行城际列车也属支持范围。,特殊地区（西藏、南疆四地州等）可采用全额资本金方式支持。项目须已纳入规划、通过审批/核准/备案、纳入重大建设项目库并具备开工条件、建设资金来源和条件基本落实。,干线铁路：西藏和南疆四地州为资本金的90%；四省涉藏州县、新疆其他地区、沿边干线为70%；东部30%、中部40%、西部50%、东北50%。城际铁路新建项目：东部10%、中部15%、西部20%、东北20%。既有铁路改造开行城际列车：50%。特殊地区可采用全额资本金。,企业；政府,中国国家铁路集团有限公司（国铁集团）作为中央出资人代表。省级发展改革部门可申请中央预算内投资作为地方资本金投入。项目单位须为符合条件的铁路建设企业或项目公司。,投资,省级发展改革部门或国铁集团编制资金申请报告，经汇总后报送国家发展改革委。国家发展改革委审核后按资本金注入方式下达中央预算内投资计划。国铁集团作为出资人代表行使出资人权利，或由省级发展改革部门申请作为地方资本金投入。项目单位每月10日前通过国家重大建设项目库报送项目进展数据。实行绩效管理：完成绩效目标的加大后续支持力度，未完成的减少直至不予安排。违规后果：限期整改、回收/扣减/暂停安排资金、核减下一年度投资计划。,10；15；20；30；40；50；70；90,%（占项目资本金的中央预算内投资比例）,干线铁路：西藏和南疆四地州90%、四省涉藏州县/新疆其他/沿边干线70%、东部30%、中部40%、西部50%、东北50%。城际铁路新建：东部10%、中部15%、西部20%、东北20%。既有铁路改造开行城际列车：50%。特殊地区可采用全额资本金。来源：发改基础规〔2025〕1516号第六条。,①项目已纳入国家批准的中长期铁路网规划或五年铁路发展规划；②已通过全国投资项目在线审批监管平台完成审批/核准/备案；③已纳入国家重大建设项目库并具备开工条件；④建设资金来源和条件基本落实；⑤国铁集团作为出资人代表或省级发展改革部门申请作为地方资本金投入；⑥项目单位每月10日前通过重大建设项目库报送数据；⑦实行绩效管理（完成绩效目标加大支持，未完成减少直至不予安排）；⑧违规可限期整改、回收/扣减/暂停安排资金、核减下一年度投资计划。,N/A,N/A,否,省级发展改革部门或国铁集团报送申请，国家发展改革委审核批复,N/A,N/A,N/A,N/A,N/A,"不公开。国家发改委不单独公布中央预算内投资的铁路份额。2025年全国铁路固定资产投资总额9,015亿元（含多渠道资金）。来源：国铁集团2025年统计公报",N/A,N/A,H49; F42,CO2,正向,空气污染减排；区域经济发展；能源安全,铁路专项中央预算内投资管理办法（发改基础规〔2025〕1516号）,https://www.gov.cn/gongbao/2026/issue_12526/202601/content_7056484.html,https://www.ndrc.gov.cn/xxgk/zcfb/ghxwj/202401/t20240117_1363432.html; https://zfxxgk.ndrc.gov.cn/web/iteminfo.jsp?id=17930
CHNPIVCBII04S000,工具,公共投资,中央预算内投资,交通,内河航运；长江干线；沿海港口,水运中央预算内投资专项,Water Transport Central Budget Investment Special,N/A,"国家发展改革委于2024年3月15日印发水运中央预算内投资专项管理办法（发改基础规〔2024〕306号），自印发之日起施行，有效期至2028年12月31日，替代原长江等内河高等级航道建设中央预算内投资专项管理办法（发改基础规〔2021〕294号）。该专项以直接投资或资本金注入方式安排中央预算内投资，支持六类项目建设：（一）内河高等级航道项目——航道整治和疏浚；（二）通航建筑物项目——船闸和升船机建设；（三）航电枢纽项目——与航道规划等级相适应的航电枢纽；（四）内河高等级航道配套设施——长江干线航道维护疏浚船舶基地、航标维护基地、航道维护码头等；（五）沿海重点港口港航公共基础设施——进港航道、防波堤、锚地等公益性基础设施；（六）长江船舶受电设施项目——各类使用岸电的长江船舶受电系统。内河高等级航道指全国港口与航道布局规划确定的""四纵四横两网""国家高等级航道。水运是碳强度最低的大宗运输方式（吨公里碳排放约为公路的1/5），通过促进货运从公路向水运模式转换（模式转换），间接减少交通部门温室气体排放。",水运绿色发展；优化提升全国水运设施网络；产业链供应链安全保障；区域协调发展,间接,供给侧,中国,国家,N/A,15/03/2024,15/03/2024,31/12/2028,N/A,N/A,生效,国家发展和改革委员会（基础设施发展司）；交通运输部（行业主管部门）；省级发展改革部门,水运基础设施（内河航道；通航建筑物（船闸、升船机）；航电枢纽；航道配套设施（维护疏浚船舶基地、航标维护基地、航道维护码头）；沿海港口港航公共基础设施（进港航道、防波堤、锚地）；船舶岸电受电设施）,新建；既有,六类支持项目对应的资产类别：（一）内河高等级航道：长江干线、西江航运干线、京杭大运河、岷江、嘉陵江、乌江、汉江、沅水、赣江、信江、松花江、右江、淮河、沙颍河、合裕线、闽江等高等级航道整治和疏浚工程；（二）通航建筑物：船闸和升船机，长江干线上项目优先，按西部→东北→中部→东部排序；（三）航电枢纽：与航道规划等级相适应的航电枢纽，优先排序为西部→东北→中部→东部；（四）航道配套设施：长江干线航道维护疏浚船舶基地、航标维护基地、航道维护码头、航道应急抢通设施等；（五）沿海港口港航公共基础设施：北部湾港、洋浦港、营口港、唐山港、天津港、青岛港、日照港、宁波舟山港、湄洲湾港等重点港口进港航道、防波堤、锚地等公益性基础设施；（六）长江船舶受电设施：长江沿线省份注册船舶加装岸电受电系统（包括受电柜、电缆管理系统、变压器等）。,N/A,内河高等级航道：西部及东北地区工程费用的100%、中部80%、东部50%。通航建筑物和航电枢纽：不超过项目资本金的50%。沿海港口港航公共基础设施（重要港区）：西部及东北60%、东部50%。沿海港口港航公共基础设施（其他港区）：西部及东北40%、东部30%。长江船舶受电设施：不超过项目投资的60%。以上为发改基础规〔2024〕306号附件规定的中央预算内投资支持标准。,企业；政府,项目单位：符合条件的港航企业、港口运营企业、航运公司、地方政府部门。汇总申报单位：省级发展改革部门。国家发展改革委审核后下达投资计划。长江船舶受电设施项目由省级发展改革部门会同交通运输主管部门组织申报。,投资,项目单位编制资金申请报告，经省级发展改革部门汇总报送国家发展改革委。直接投资或资本金注入方式安排中央预算内投资。项目须已纳入国家批准的相关规划，完成审批/核准/备案，并纳入国家重大建设项目库。实行项目完工报告制度和绩效管理制度。长江干线航道项目由国家发展改革委直接审批，其他项目由省级发展改革部门审批。,30；40；50；60；80；100,%（占工程费用或项目资本金或项目投资的中央预算内投资支持比例）,内河高等级航道项目：西部及东北地区工程费用的100%、中部80%、东部50%。通航建筑物和航电枢纽项目：不超过项目资本金的50%。沿海港口港航公共基础设施（重要港区）：西部及东北60%、东部50%。沿海港口港航公共基础设施（其他港区）：西部及东北40%、东部30%。长江船舶受电设施：不超过项目投资的60%。来源：发改基础规〔2024〕306号附件。,①项目须已纳入国家批准的相关规划并具备开工条件；②已通过全国投资项目在线审批监管平台完成审批/核准/备案；③已纳入国家重大建设项目库；④不得用于已竣工决算或已交付使用的项目；⑤不得重复申请其他中央预算内投资；⑥项目单位每月10日前通过国家重大建设项目库填报项目进展；⑦实行绩效管理（完成绩效目标继续支持，未完成减少或不予安排）；⑧违规可限期整改、回收/扣减/暂停安排资金。,N/A,按项目类型和所在区域适用不同支持比例，内河高等级航道按工程费用的区域差异化比例计算，通航建筑物和航电枢纽按项目资本金的50%上限计算，沿海港口港航公共基础设施按工程费用的区域差异化比例计算，长江船舶受电设施按项目投资的60%上限计算。,否,省级发展改革部门汇总申报，国家发展改革委审核下达。长江干线航道项目由国家发展改革委直接审批。沿海港口项目优先支持国家重大战略实施项目。,N/A,N/A,N/A,N/A,N/A,不公开。国家发改委不公布该专项的分年度拨款金额。水运中央预算内投资专项管理办法（发改基础规〔2024〕306号）仅规定支持比例，未列明年度总额。,N/A,N/A,H50；H52,CO₂,正向,空气污染减排；区域经济发展；能源安全,水运中央预算内投资专项管理办法（发改基础规〔2024〕306号）,https://www.ndrc.gov.cn/xxgk/zcfb/ghxwj/202403/t20240326_1365287_ext.html,https://zfxxgk.ndrc.gov.cn/web/iteminfo.jsp?id=20355
CHNPIVCBII05S000,工具,公共投资,中央预算内投资,农业、林业和其他土地利用,造林；退化草原修复；荒漠化防治；湿地修复；国家储备林；自然保护地保护,生态保护修复中央预算内投资专项,Ecological Protection and Restoration Central Budget Investment Special,N/A,国家发展改革委于2026年5月21日印发生态保护修复领域中央预算内投资专项管理办法（发改农经〔2026〕713号），自印发之日起施行，有效期5年，替代原2024年版（发改农经规〔2024〕590号）。该专项以直接投资方式为主（经营性项目可采取投资补助等方式），支持四个领域的项目建设：（一）重点区域生态保护修复——营造林、退化草原修复、沙化荒漠化石漠化治理、水源工程、节水灌溉、小型水利水保设施等；（二）重点生态资源保护利用——森林草原防灭火、林草种质资源保存、乡土树种草种保供繁育、国家储备林建设、林草有害生物防治等；（三）自然保护地建设及野生动植物保护——国家公园和自然保护区保护管理设施、野生动植物保护设施装备、湿地修复等；（四）林业执法监管能力建设——林业执法、林业科技创新、国有林区公用基础设施等。支持标准按区域差异化：重点区域生态保护修复、森林草原防灭火和林草有害生物防治项目，东部60%、中部70%、西部和东北80%；自然保护地及野生动植物保护项目全国统一80%；林业执法监管能力建设项目全国统一90%。西藏项目支持比例为100%（部分定额项目除外）。森林防火应急道路新建不超过50万元/公里，改造不超过30万元/公里。国家储备林：集约人工林栽培900元/亩，现有林改培650元/亩。项目须纳入国家重大建设项目库并具备开工条件。注：原农业绿色发展中央预算内投资专项管理办法（2021年版）已于2024年5月6日由发改农经规〔2024〕590号废止，其农业绿色发展项目（畜禽粪污资源化利用、农业面源污染治理、长江生物多样性保护、草原畜牧业转型升级）被整合纳入本专项。,生态保护修复；生物多样性保护；自然资源保护利用；可持续发展,间接,供给侧,中国,国家,N/A,06/05/2024,06/05/2024,N/A,21/05/2026,替代生态保护修复中央预算内投资专项管理办法（发改农经规〔2024〕590号）。2026版延续了四类支持方向，更新了支持标准。注：发改农经规〔2024〕590号已废止原农业绿色发展中央预算内投资专项管理办法（2021年版），将其农业绿色发展项目整合纳入本专项。,生效,国家发展和改革委员会（农村经济司）；国家林业和草原局；省级发展改革部门会同行业主管部门,森林；草地；湿地；自然保护地（国家公园、自然保护区）；林草防火设施；林草种质资源设施；国家储备林；野生动植物保护设施,新建；既有,四类支持领域对应的资产类别：（一）重点区域生态保护修复：造林地块、退化草原、沙化荒漠化石漠化治理区域、水源工程设施、节水灌溉设施、小型水利水保设施；（二）重点生态资源保护利用：森林草原防灭火设施（包括森林防火应急道路，新建不超过50万元/公里，改造不超过30万元/公里）、林草种质资源保存库、乡土树种草种保供繁育基地、国家储备林（集约人工林栽培900元/亩，现有林改培650元/亩）、林草有害生物防治设施；（三）自然保护地建设及野生动植物保护：国家公园和自然保护区保护管理设施（管护站、巡护道、监测站、界碑界桩等）、野生动植物保护设施装备（救护中心、繁育基地、野外监测设备）、湿地修复工程；（四）林业执法监管能力建设：林业执法装备和信息化系统、林业科技创新平台和试验基地、国有林区公用基础设施（道路、供电、供水等）。,西藏自治区项目中央预算内投资支持比例为100%（部分按定额安排的项目除外）。项目须纳入国家重大建设项目库，由省级发展改革部门会同行业主管部门联合报送。,重点区域生态保护修复项目：东部60%、中部70%、西部80%、东北80%。森林草原防灭火和林草有害生物防治项目：东部60%、中部70%、西部80%、东北80%。自然保护地建设及野生动植物保护项目：全国统一80%。林业执法监管能力建设项目：全国统一90%。西藏自治区项目：100%（部分定额项目除外）。森林防火应急道路：新建不超过50万元/公里，改造不超过30万元/公里。国家储备林：集约人工林栽培900元/亩，现有林改培650元/亩。,政府；企业,项目单位：地方政府部门（林业和草原主管部门）、国有林场、自然保护区管理机构、符合条件的林业企业。汇总申报单位：省级发展改革部门会同省级行业主管部门联合报送。国家发展改革委审核后下达投资计划，收到下达文件后10个工作日内转发。,投资；购买或使用,项目单位编制资金申请报告，经省级发展改革部门会同行业主管部门联合报送国家发展改革委。直接投资方式为主；经营性项目可采取投资补助等方式。投资计划由国家发展改革委审核后下达省级发展改革部门，并同步下达绩效目标。项目单位每月10日前通过国家重大建设项目库填报项目进展。年度绩效评估结果作为后续投资安排的重要依据。对违规行为可采取停止拨付、收回资金、暂停申报资格等处罚。,60；70；80；90；100,%（占核定总投资的中央预算内投资支持比例）,重点区域生态保护修复、森林草原防灭火和林草有害生物防治：东部60%、中部70%、西部80%、东北80%。自然保护地及野生动植物保护：全国统一80%。林业执法监管能力建设：全国统一90%。西藏项目100%（部分定额项目除外）。森林防火应急道路：新建≤50万元/公里，改造≤30万元/公里。国家储备林：集约人工林栽培900元/亩，现有林改培650元/亩。,①项目须纳入国家重大建设项目库并具备开工条件；②由省级发展改革部门会同行业主管部门联合报送资金申请报告；③收到投资计划下达文件后10个工作日内转发；④项目单位每月10日前通过国家重大建设项目库填报项目进展；⑤年度绩效评估结果作为后续投资安排的重要依据；⑥对违规行为可采取停止拨付、收回资金、暂停申报资格等处罚；⑦项目竣工后6个月内完成验收。,N/A,N/A,否,省级发展改革部门会同行业主管部门联合报送，国家发展改革委审核下达,N/A,N/A,N/A,N/A,N/A,不公开。国家发改委不公布该专项全国年度总额。仅有省级零星数据（如云南2025年获15.27亿元）。来源：云南省发改委网站,N/A,N/A,A02; A03,CO2,正向,生物多样性保护；水土保持；荒漠化防治；可持续发展,生态保护修复领域中央预算内投资专项管理办法（发改农经〔2026〕713号）,https://www.ndrc.gov.cn/xwdt/tzgg/202606/t20260608_1405756.html,https://zfxxgk.ndrc.gov.cn/web/iteminfo.jsp?id=20380
CHNPIVGIFI01S000,工具,公共投资,政府投资基金,跨部门,跨领域（绿色产业、污染防治、生态保护、清洁能源等多领域）,国家绿色发展基金,National Green Development Fund,N/A,"国家绿色发展基金是经国务院批准设立的国家级政府投资基金。2018年6月，中共中央、国务院印发关于全面加强生态环境保护坚决打好污染防治攻坚战的意见，首次提出""设立国家绿色发展基金""。2019年9月，国务院批复同意国家绿色发展基金设立方案。2020年7月14日，基金在上海市注册成立，7月15日正式揭牌。基金由财政部、生态环境部和上海市人民政府三方共同发起，联合国家开发银行、工商银行、农业银行、中国银行、建设银行、交通银行、国家能源投资集团等共26家股东共同出资设立。首期规模885亿元，其中中央财政出资100亿元，是中国规模最大的绿色主题国家级政府投资基金。基金采取公司制形式，财政部委托上海市政府管理，按市场化原则运作，实行专业化管理。基金重点投资五大领域：（一）环境保护与污染防治——大气、水、土壤污染防治设施建设运营；（二）生态修复与国土空间绿化——流域治理、矿山生态修复、海岸带保护等；（三）能源资源节约利用——节能环保装备制造、绿色产品、绿色服务等；（四）绿色交通——城市轨道交通、新能源汽车、充电基础设施、智慧交通等；（五）清洁能源——风力发电、光伏发电、生物质能、氢能、储能等。基金以股权投资为主要方式，辅以债权投资、夹层投资、母基金投资等。重点支持长江经济带沿线绿色发展，适当兼顾其他重点区域。",绿色低碳发展；污染防治；生态保护；清洁能源发展；绿色交通,直接,供给侧,中国,国家,N/A,14/07/2020,14/07/2020,N/A,N/A,N/A,生效,财政部（出资人，委托上海市财政局代为行使出资人职责）；生态环境部（发起方，提供政策指导）；上海市人民政府（发起方）；国家绿色发展基金股份有限公司（基金管理人，负责基金投资决策和日常运营）；公司设股东会、董事会、监事会、投资决策委员会、风险管理委员会；管理团队由市场化招聘的专业投资管理人员组成,绿色环保节能项目（包括绿色产业升级项目、污染治理项目、生态修复项目、清洁能源项目、绿色交通项目）；被投资企业股权；绿色基础设施资产,新建；既有,五大投资领域对应的资产类别：（一）绿色产业升级——节能环保装备制造企业股权和生产设施、绿色产品生产线、绿色服务企业股权（包括节能诊断、合同能源管理、碳资产管理等）；（二）环境污染防治——大气污染防治设施、污水处理厂和管网、土壤修复工程、固废处理和资源化利用设施；（三）生态保护修复——国土绿化工程、流域水环境综合治理工程、矿山地质环境治理恢复工程、海岸带保护修复工程、生物多样性保护工程；（四）清洁能源——风力发电场、光伏电站、生物质能发电厂、氢能基础设施（制氢、加氢站）、储能电站；（五）绿色交通——城市轨道交通设施、新能源汽车整车及关键零部件企业股权、充电和换电基础设施、智慧交通系统。基金以股权投资为主（包括增资扩股、受让老股、与地方政府和产业资本合作设立子基金等），辅以可转债、优先股等夹层投资工具。,基金存续期为10年投资期加5年退出期（共15年）。退出方式包括：IPO上市退出、并购退出、股权转让退出、大股东回购退出等市场化的退出渠道。基金已与多家地方政府、央企和金融机构签署战略合作协议，共同设立子基金支持地方绿色发展。,单项目投资额度一般为1-50亿元人民币。股权投资比例原则上不超过被投资企业总股本的30%。基金对单个项目的累计投资额不超过基金注册资本的20%。子基金层面，基金作为有限合伙人出资比例一般不超过子基金总规模的30%。重点支持长江经济带沿线11省市，适当兼顾其他重点区域。,企业,被投资企业为依法在中国境内设立的绿色产业相关企业法人：包括央企、地方国有企业、民营企业、外商投资企业。企业须满足：主营业务属于绿色产业领域、技术水平先进、商业模式可持续、具备较好的经济、社会和环境效益。企业须通过基金管理团队的项目筛选、尽职调查（含商业尽调、财务尽调、法律尽调、环境尽调）、投资决策委员会审议等流程。基金不直接投资于高污染高能耗和产能过剩行业。,投资,基金按照市场化、专业化的原则进行投资运作。投资流程：（一）项目储备——通过地方政府推荐、行业研究、战略合作等多渠道建立项目储备库；（二）初步评估——基金管理团队对项目进行初步筛选，评估是否符合基金投资方向和标准；（三）尽职调查——通过商业、财务、法律、环境四维度深入调查；（四）投资决策——投资决策委员会审议和表决；（五）投资实施——签订投资协议、完成资金拨付；（六）投后管理——派出董事/监事/观察员参与被投企业治理，定期跟踪经营、财务和环境影响；（七）投资退出——通过IPO、并购、股权转让、回购等方式实现市场化退出。基金与地方政府、产业资本合作设立子基金时，按有限合伙人模式运作，由专业管理团队管理。,885,亿元人民币（首期注册资本）,基金首期注册资本885亿元人民币，实缴资本885亿元。截至2025年底，基金累计完成投资决策超过500亿元。单项目投资额度一般为1-50亿元。股权投资比例原则上不超过被投企业总股本30%。基金对单项目累计投资不超过注册资本的20%。来源：国家绿色发展基金年度报告、公开信息,①被投资企业主营业务须属于绿色产业领域（绿色产业升级、污染防治、生态保护、清洁能源、绿色交通等）；②被投资企业须技术水平先进、商业模式可持续、具备较好的经济、社会和环境效益；③基金不直接投资高污染高能耗和产能过剩行业项目；④股权投资比例原则上不超过被投资企业总股本的30%；⑤基金对单个项目的累计投资额不超过基金注册资本的20%；⑥子基金层面基金出资比例一般不超过子基金总规模的30%；⑦投资决策须经投资决策委员会审议和表决通过；⑧被投资企业须接受基金的投后管理和定期检查；⑨项目退出须按市场化方式实施，确保国有资产保值增值。,N/A,N/A,是。基金由财政部（持股约11.3%）联合工商银行、农业银行、中国银行、建设银行、交通银行、国家开发银行、中国烟草总公司、国家能源集团等共26家股东共同出资设立。基金与地方政府、产业资本合作设立子基金时，按有限合伙人模式运作，基金出资比例一般不超过子基金总规模的30%，其余由地方财政、社会资本等共同出资。,项目来源和论证：（一）项目来源——地方政府推荐（各省市生态环境、发改、经信等部门推送）、行业研究团队主动挖掘（细分领域产业链深度研究和目标企业画像）、战略合作伙伴（央企、地方国企、产业龙头、金融机构等）联合推荐；（二）初步筛选——基金管理团队对项目进行初评，重点评估是否符合基金五大投资方向、项目规模是否在投资范围内、企业基本面和技术水平；（三）立项——通过初评的项目提请立项，由基金管理团队编制立项报告；（四）尽职调查——委托第三方专业机构开展商业尽调、财务尽调（含审计）、法律尽调、环境尽调（含环评和碳排放核查），大型项目可加做技术尽调；（五）投资决策——投资决策委员会（由基金公司高管、独立专家、财政部和生态环境部推荐的外部委员组成）审议并进行投票表决，实行一人一票制，须获得三分之二以上赞成票；（六）投后管理——定期（至少每半年一次）收集被投资企业财务和经营报告，实地检查，跟踪环境效益指标（污染减排、碳减排、生态修复面积等），年度评估和风险预警；（七）退出决策——按市场化方式通过IPO、并购、股权转让、回购等渠道退出，退出方案须经董事会审议批准。,,,,,,不固定公开发布。基金首期注册资本885亿元，采用分期投资方式，年度实际投资额根据项目储备和市场情况动态调整。截至2025年底，基金累计完成投资决策超过500亿元。来源：国家绿色发展基金年度报告、公开信息,N/A,N/A,D35; C24; C23; C19; C20; C28; E36; E37; E38; E39; H49; A02; A03; J61; J62; J63,CO2; CH4; N2O; HFCs,正向,污染防治；生态保护；技术创新；产业发展；能源供应安全,国家绿色发展基金股份有限公司章程；国家绿色发展基金设立方案,http://www.mof.gov.cn/zhengwuxinxi/tupianxinwen1/202007/t20200715_3550334.htm,https://www.ngd-fund.com; http://www.mof.gov.cn/zhengwuxinxi/xinwenlianbo/shanghaicaizhengxinxilianbo/202007/t20200722_3554610.htm
CHNPIVRDDI01S000,工具,公共投资,政府资助研发与示范计划,交通；工业；能源,氢能全产业链（制、储、运、加、用）,氢能综合应用试点,Hydrogen comprehensive application pilot,氢能产业发展中长期规划（2021—2035年）,工业和信息化部、财政部、国家发展改革委联合印发关于开展氢能综合应用试点工作的通知（工信部联节〔2026〕59号，2026年3月16日发布），通过揭榜挂帅方式择优确定5个城市群开展氢能综合应用试点，试点期4年。中央财政采取以奖代补方式给予资金支持，单个城市群奖励上限为16亿元（5个城市群合计最高80亿元），每个积分奖励约8万元，先预拨后清算。试点采用1+N+X模式：1为燃料电池汽车通用场景（须推广车辆超过8000辆、新建加氢站超过30座），N为候选场景中至少选2个（绿色氨醇、氢基化工原料替代、氢冶金、掺氢燃烧），X为创新应用场景（轨道交通、船舶、矿卡、叉车、航空器、备用电源等）。总体目标到2030年：终端用氢平均价格降至25元/千克以下，优势地区力争15元/千克左右；全国燃料电池汽车保有量较2025年翻一番，力争达到10万辆。申报要求：清洁低碳氢终端售价不高于35元/千克；平均单车累计用氢运行里程超过3万公里；关键零部件至少7项实现规模应用。已享受超长期特别国债、中央预算内投资支持的项目不得重复申报。申报截止2026年4月15日。,减缓气候变化；绿色经济；能源供应安全；技术创新,直接,供给侧,中国,城市级,通过揭榜挂帅方式择优确定5个城市群开展试点（具体名单以官方公示为准）,06/03/2026,16/03/2026,31/12/2030,N/A,本办法刚于2026年3月发布，目前为初始版本。申报截止日期为2026年4月15日，后续可能根据遴选和实施方案评审情况印发补充通知。,生效,工业和信息化部（主管燃料电池汽车推广应用和氢能装备制造产业发展）；财政部（主管以奖代补资金管理和拨付）；国家发展改革委（主管氢能产业发展规划和投资政策）；省级工业和信息化、财政、发展改革主管部门；试点城市群各成员城市人民政府,道路车辆；工业厂房；发电厂；管道,新建,六大试点场景涉及资产：①燃料电池汽车（重卡、冷链物流车、公交车、环卫车等，推广规模超过8000辆）；②绿色氨醇生产设施（可再生能源制氢→绿氨/绿色甲醇，严禁以绿色氨醇名义建煤基项目）；③氢基化工原料替代设施（炼化、煤化工中用绿氢替代化石能源制氢）；④氢冶金设施（富氢/纯氢还原剂替代焦炭）；⑤掺氢燃烧设施（氢气掺入天然气管网或工业锅炉/窑炉）；⑥创新应用资产（轨道交通、船舶、矿卡、叉车、航空器、备用电源、热电联供、储能设施）。须新建加氢站超过30座（单城市群）。关键零部件（电堆、膜电极、质子交换膜等）至少7项实现规模应用。,严禁以绿色氨醇名义建设煤基（煤气化）制氨/醇项目。清洁低碳氢须符合国家可再生能源制氢相关标准。试点城市群须形成地域联通、产业协同、生态闭环的氢能应用网络。,燃料电池汽车推广规模须超过8000辆（单城市群）。新建加氢站超过30座。清洁低碳氢终端售价不高于35元/千克（试点目标降至25元/千克以下）。平均单车累计用氢运行里程超过3万公里。关键零部件至少7项实现规模应用。单个城市群中央财政奖励上限16亿元。,企业,试点城市群的牵头城市政府为申报主体。项目实施主体为企业：包括氢能装备制造企业（燃料电池系统、电堆、膜电极等）、氢能供应企业（制氢、储运、加氢站运营）、氢能应用企业（物流运输公司、公交公司、钢铁企业、化工企业、电力企业等）。产学研用联合体也可参与试点。不包括个人消费者（个人购买燃料电池汽车的补贴通过其他渠道实施）。,研发；生产、发电或转化；购买或使用,试点城市群统筹推动氢能制、储、运、加、用全链条示范应用。制氢环节：利用可再生能源电力电解水制氢（绿氢）；储运环节：高压气态、低温液态、固态储氢及管道输氢；加注环节：建设加氢站网络；应用环节：燃料电池汽车规模化推广（重卡、冷链物流、公交等）、绿色氨醇生产、化工原料替代、冶金还原、掺氢燃烧、轨道交通/船舶/矿卡等创新场景。中央财政按积分奖励方式对示范成效给予奖补。,16,亿元/城市群（最高奖励上限）,单个城市群中央财政奖励上限16亿元（5个城市群合计最高80亿元）。每积分奖励约8万元。积分根据燃料电池汽车推广应用数量、用氢运行里程、加氢站建设运营、关键零部件规模应用、清洁低碳氢供给量等指标综合计算。奖励资金采取先预拨后清算方式发放。来源：工信部联节〔2026〕59号。,以城市群为主体申报，要求地域联通、产业协同、生态闭环。试点城市自愿组合，协商确定牵头城市。通过揭榜挂帅方式择优确定5个城市群。申报须满足：燃料电池汽车推广规模超过8000辆；新建加氢站超过30座；清洁低碳氢终端售价不高于35元/千克；平均单车累计用氢运行里程超过3万公里；关键零部件（电堆、膜电极、质子交换膜等）至少7项实现规模应用。已享受超长期特别国债或中央预算内投资支持的项目不得重复申报。绿色氨醇项目严禁以绿色氨醇名义建设煤基项目。,N/A,按积分制考核：积分根据燃料电池汽车推广应用数量（车辆型号、吨位、功率等折算系数）、用氢运行里程（单车累计≥3万公里）、加氢站建设和运营数量、关键零部件（电堆、膜电极、质子交换膜等至少7项）规模应用情况、清洁低碳氢供给量和价格指标等综合计算。每积分约奖励8万元，单个城市群上限16亿元。先预拨后清算，根据年度考核完成情况拨付差额。,中央财政先预拨后清算，城市群和企业配套投入,城市群自愿组合申报，揭榜挂帅方式，三部委择优确定5个试点,,,,,,5个城市群4年试点期合计奖励上限80亿元（单个城市群上限16亿元），每年约20亿元。以奖代补、先预拨后清算。来源：工信部联节〔2026〕59号,N/A,N/A,C20；D35；H49,CO2,正向,空气污染；技术创新；工业发展；能源供应安全,关于开展氢能综合应用试点工作的通知（工信部联节〔2026〕59号）；氢能产业发展中长期规划（2021—2035年）,https://www.miit.gov.cn/zwgk/zcwj/wjfb/tz/art/2026/art_d2957277c4684eb59c0c0de01af59434.html,https://www.miit.gov.cn/jgsj/jns/gzdt/art/2026/art_0c5107aca7b4466e9ada0aea737d542f.html
CHNPIVRDDI02S000,工具,公共投资,政府资助研发与示范计划,交通,新能源汽车（纯电动、插电式混合动力、燃料电池汽车）全产业链技术,新能源汽车重点专项,New Energy Vehicle (NEV) Key Special Project,节能与新能源汽车产业发展规划（2012-2020年）；新能源汽车产业发展规划（2021-2035年）,新能源汽车重点专项是国家重点研发计划下设的重点专项，2015年11月由科技部发布首批申报指南（国科发资〔2015〕384号），十三五期间围绕动力电池与电池管理系统、电机驱动与电力电子、电动汽车智能化、燃料电池动力系统、插电/增程式混合动力系统、纯电动力系统6大创新链部署38项重点研究任务，2016—2020年累计安排国拨经费约数十亿元。十四五期间移交工业和信息化部管理，围绕能源动力、电驱系统、智能驾驶、支撑技术（2024年新增）等方向继续实施，2023年安排国拨经费3.46亿元（9项任务），2024年安排国拨经费3.25亿元（8项任务），2025年12月发布2025年度申报指南（7个重点专项之一）。专项坚持纯电驱动发展战略，以攻克卡脖子关键核心技术、突破产业链核心瓶颈为目标，项目周期一般不超过3年，企业牵头项目配套经费与国拨经费比例不低于2:1。,交通领域碳减排；能源供应安全；绿色产业发展；技术创新,直接,供给侧,中国,国家,N/A,17/11/2015,17/11/2015,N/A,N/A,专项于2024年从科技部移交国家能源局管理。2024年8月国家能源局发布2024年度项目申报指南，2025年5月发布2025年度指南。十四五结束后专项是否延续待十五五规划确定。,生效,工业和信息化部（十四五期间主责单位）；国家科技管理信息系统公共服务平台（申报受理渠道）,新能源汽车相关技术研发成果（专利、样机、示范线）；动力电池及管理系统；电机驱动与电力电子系统；智能驾驶系统；燃料电池动力系统,新建,专项资助的研发活动涵盖新能源汽车全产业链技术环节。（一）能源动力方向：本征宽温域高比能动力电池技术、本征安全高比能锂离子动力电池系统技术等。（二）电驱系统方向：基于轮毂电机的高集成度行驶单元关键技术、重型商用车混合动力专用氨/氢内燃机关键技术等。（三）智能驾驶方向：面向自动驾驶数据闭环的大模型技术开发与场景库构建、新能源汽车智能驾驶系统软件关键技术等。（四）支撑技术方向：汽车智能驾驶功能标准及评价技术研究等。项目类别分为基础研究、共性关键技术和应用示范三类。,N/A,单个项目国拨经费一般为1175万至5554万元不等（2018年数据）。2024年8项任务拟安排国拨经费3.25亿元。企业牵头项目配套经费与国拨经费比例不低于2:1。,企业；政府,申报单位须为在中国大陆境内注册的科研院所、高等学校和企业（2024年要求注册时间在2023年6月30日前）。企业牵头申报的项目主要集中在共性关键技术类和应用示范类方向，整车企业、零部件企业、科技型企业均可申请。高校和科研院所主要参与基础研究类任务。项目负责人须具有高级职称或博士学位。,研发、示范和部署,项目申报通过国家科技管理信息系统公共服务平台（service.most.gov.cn）在线提交。采用一轮申报程序（网上填报+答辩评审）。申报流程：（一）申报单位在线填写项目申报书（含预算书）；（二）推荐单位审核推荐；（三）专业机构组织形式审查和预评审；（四）通过评审的项目进入正式申报书填报阶段；（五）答辩评审后择优立项。项目实施周期一般不超过3年。,3.25,亿元人民币/年（2024年度国拨经费概算）,年度国拨经费概算随年度申报指南发布。十三五期间年度经费规模较大（2018年约9亿元），十四五期间年度经费有所调整：2023年3.46亿元（9项任务），2024年3.25亿元（8项任务）。各项目实际国拨经费视评审结果而定。来源：工业和信息化部2023年、2024年度项目申报指南。,①申报单位须为注册地在中国大陆的法人机构；②项目负责人须具有高级职称或博士学位，年龄不超过60周岁（青年科学家项目不超过40周岁）；③企业牵头项目须提供不低于国拨经费2倍的自筹配套经费；④同一项目只能通过单个推荐单位申报；⑤申报单位和负责人须无科研严重失信行为记录；⑥项目实施周期一般不超过3年；⑦项目下设课题数不超过5个，参与单位不超过8家。,N/A,N/A,是。企业牵头申报的共性关键技术类和应用示范类项目须提供配套经费，配套经费与国拨经费比例不低于2:1（2024年标准）。基础研究类项目原则上不要求配套经费。,项目来源和论证：（一）年度申报指南由工信部组织编制并发布，明确当年支持的技术方向和任务。（二）申报单位通过国家科技管理信息系统公共服务平台在线提交申报材料。（三）专业机构组织形式审查和预评审（网络评审）。（四）通过预评审的项目进入正式申报和答辩评审阶段。（五）专家评审委员会进行综合评审和投票表决，择优立项。（六）立项后签订任务书，拨付国拨经费。,N/A,N/A,N/A,N/A,N/A,2023年度国拨经费概算3.46亿元；2024年度国拨经费概算3.25亿元。来源：工业和信息化部2023年、2024年度项目申报指南。十三五期间年度经费波动较大，2018年约9亿元。,N/A,N/A,C29; C28; C27; C26; D35; G45; J62; J63; M72,CO2,正向,技术创新；绿色产业发展；能源供应安全；空气污染减排,关于发布国家重点研发计划试点专项2016年度第一批项目申报指南的通知（国科发资〔2015〕384号）；工业和信息化部关于发布国家重点研发计划新能源汽车重点专项2024年度项目申报指南的通知（工信部高新函〔2024〕224号）,https://wap.miit.gov.cn/gyhxxhb/jgsj/gxjss/wjfb/art/2024/art_5073358011a14275befeebf4c6e8236c.html,https://service.most.gov.cn
CHNPIVRDDI03S000,工具,公共投资,政府资助研发与示范计划,工业；能源；交通,氢能全产业链技术（制氢、储运、加注、利用）,氢能技术重点专项,Hydrogen Technology Key Special Project,氢能产业发展中长期规划（2021-2035年）,氢能技术重点专项是国家重点研发计划下设的重点专项，十四五期间由科技部（2023年）和国家能源局（2024年起）管理。专项以推动能源革命、建设能源强国为牵引，系统布局氢能绿色制取、安全致密储输和高效利用三大技术方向，目标到2025年实现我国氢能技术研发水平进入国际先进行列。2023年度部署19项任务，安排国拨经费3.4亿元；2024年度部署13项任务，安排国拨经费2.54亿元（含1项青年科学家项目300万元）；2025年度部署3项任务（十四五收官年），安排国拨经费2000万元。专项前身为十三五期间的可再生能源与氢能技术重点专项（2018—2022年，科技部管理，累计国拨经费约20亿元）。2023年起独立为氢能技术和可再生能源技术两个专项。企业牵头项目配套经费与国拨经费比例不低于2:1，项目实施周期一般不超过3年。,应对气候变化；能源供应安全；绿色产业发展；技术创新,直接,供给侧,中国,国家,N/A,01/01/2023,01/01/2023,N/A,N/A,专项于2024年从科技部移交国家能源局管理。2024年8月国家能源局发布2024年度项目申报指南，2025年5月发布2025年度指南。十四五结束后专项是否延续待十五五规划确定。,生效,国家能源局（十四五后期主责单位）；科技部（十四五前期管理单位）；国家科技管理信息系统公共服务平台（申报受理渠道）,氢能技术研发成果和示范设施（制氢装备、储运设施、加氢站、燃料电池系统等）,新建,专项围绕三大技术方向部署研发和示范活动。（一）氢能绿色制取与规模转存体系：包括风电/光伏制氢与化工过程高效耦合技术及示范、浮式海上电解水制氢测试平台、低能耗短流程氢加二氧化碳制甲醇关键技术及装置集成、适应多源有机固废的热化学制氢技术与验证平台等。（二）氢能安全存储与快速输配体系：包括液氢储-供-加-用技术研究与交通枢纽示范、高压50MPa III型氢气瓶充装储运及使用关键技术、地质储氢库适用性及安全关键技术、面向海上平台的氢能储运综合系统开发及验证等。（三）氢能便捷改质与高效动力：包括燃料电池系统多维参量在线监测与多域状态调控技术、工业用氨进料零碳清洁燃烧关键技术及应用、质子交换膜燃料电池与热泵耦合电力-蒸汽联产关键技术、电网调峰用兆瓦级固体氧化物燃料电池系统关键技术及应用示范等。,N/A,2024年13项任务国拨经费概算2.54亿元，2023年19项任务3.4亿元。企业牵头项目配套经费与国拨经费比例不低于2:1。,企业；政府,申报单位须为在中国大陆境内注册的科研院所、高等学校和企业。应用示范类项目须企业牵头申报。项目负责人须具有高级职称或博士学位。青年科学家项目负责人年龄不超过40周岁。,研发、示范和部署,项目申报通过国家科技管理信息系统公共服务平台（service.most.gov.cn）在线提交。采用一轮申报程序（网上填报+答辩评审）。申报流程：（一）申报单位在线填写项目申报书（含预算书）；（二）推荐单位审核推荐；（三）专业机构形式审查和预评审；（四）通过评审后进入正式申报书填报；（五）答辩评审后择优立项。项目实施周期一般不超过3年。,2.54,亿元人民币/年（2024年度国拨经费概算）,年度国拨经费概算：2023年3.4亿元（19项任务），2024年2.54亿元（13项任务），2025年0.2亿元（3项任务，十四五收官年）。企业牵头项目须配套不低于2:1的自筹经费。来源：科技部2023年度项目申报指南、国家能源局2024年度和2025年度项目申报指南。,①申报单位须为注册地在中国大陆的法人机构；②项目负责人须具有高级职称或博士学位；③应用示范类项目须企业牵头，配套经费与国拨经费比例不低于2:1；④同一项目只能通过单个推荐单位申报；⑤项目实施周期一般不超过3年；⑥项目下设课题数不超过5个，参与单位不超过10家；⑦青年科学家项目不下设课题，参与单位不超过3家。,N/A,N/A,是。应用示范类和共性关键技术类项目须企业牵头，配套经费与国拨经费比例不低于2:1。基础研究类和青年科学家项目原则上不要求配套经费。,项目来源和论证：（一）年度申报指南由国家能源局（2024年起）或科技部（2023年）组织编制并发布。（二）申报单位通过国家科技管理信息系统公共服务平台在线提交申报材料。（三）专业机构形式审查和网络评审。（四）通过评审的项目进入正式申报书填报和答辩评审阶段。（五）专家评审委员会综合评审和投票表决，择优立项。（六）立项后签订任务书并拨付经费。,N/A,N/A,N/A,N/A,N/A,2023年度国拨经费概算3.4亿元；2024年度国拨经费概算2.54亿元；2025年度国拨经费概算0.2亿元。来源：科技部2023年度、国家能源局2024年度和2025年度项目申报指南。,N/A,N/A,C20; C24; C28; D35; G45; H49; M72,CO2,正向,技术创新；绿色产业发展；能源供应安全；空气污染减排,科技部关于发布国家重点研发计划氢能技术重点专项2023年度项目申报指南的通知；国家能源局关于发布国家重点研发计划氢能技术重点专项2024年度项目申报指南的通知；氢能产业发展中长期规划（2021-2035年）,https://service.most.gov.cn,N/A
CHNPIVRDDI04S000,工具,公共投资,政府资助研发与示范计划,能源,可再生能源发电（光伏、风电、生物质能等）,可再生能源技术重点专项,Renewable Energy Technology Key Special Project,十四五能源领域科技创新规划；十四五可再生能源发展规划,可再生能源技术重点专项是国家重点研发计划下设的重点专项，十四五期间由国家能源局管理。专项聚焦我国可再生能源产业升级和大规模开发的重大科学技术需求，强基础、谋前沿、重交叉，突破光伏、风电、生物质燃料等系列关键技术，全面提升太阳能光伏、风能、生物质燃料等可再生能源自主创新能力。2024年度围绕太阳能光伏、风能、生物质燃料、交叉与基础前沿4个技术方向部署21项指南任务（含2项青年科学家任务），安排国拨经费3.76亿元。专项前身为十三五期间的可再生能源与氢能技术重点专项（2018—2022年，科技部管理，累计国拨经费约20亿元）。2024年起独立为可再生能源技术和氢能技术两个专项。企业牵头项目配套经费与国拨经费比例不低于1:1，项目实施周期一般不超过4年。,应对气候变化；能源供应安全；绿色产业发展；技术创新,直接,供给侧,中国,国家,N/A,15/08/2024,15/08/2024,N/A,N/A,专项于2024年从原可再生能源与氢能技术重点专项中独立出来，由国家能源局管理。2024年8月发布首个年度项目申报指南（国能发科技〔2024〕63号）。十四五结束后专项是否延续待十五五规划确定。,生效,国家能源局（十四五期间主责单位）；国家科技管理信息系统公共服务平台（申报受理渠道）,可再生能源技术研发成果和示范设施（光伏电池、风电机组、生物质燃料生产设施等）,新建,专项围绕四大技术方向部署研发和示范活动。（一）太阳能光伏：数智化光伏运维技术、高可靠晶硅组件、新型薄膜光伏电池、叠层电池、钙钛矿基叠层电池等。（二）风能：大功率海上漂浮式垂直轴风电机组、深远海超大型风电机组关键技术等。（三）生物质燃料：生物质制备液体燃料关键技术等。（四）交叉与基础前沿：可再生能源多元化开发利用前沿基础研究等。项目类别分为基础研究、共性关键技术和应用示范三类。,N/A,2024年度21项指南任务拟安排国拨经费3.76亿元（含青年科学家项目600万元）。基础研究类项目原则上不要求配套经费；共性关键技术类和应用示范类项目配套经费与国拨经费比例不低于1:1。每个指南任务拟支持1-2个项目。,企业；政府,申报单位须为在中国大陆境内注册的科研院所、高等学校和企业。应用示范类项目须企业牵头申报。项目负责人须具有高级职称或博士学位。青年科学家项目负责人年龄要求：男性1984年1月1日后出生，女性1982年1月1日后出生。,研发、示范和部署,项目申报通过国家科技管理信息系统公共服务平台（service.most.gov.cn）在线提交。采用一轮申报程序（网上填报+答辩评审）。申报流程：（一）申报单位在线填写项目申报书（含预算书）；（二）推荐单位审核推荐；（三）专业机构形式审查和预评审；（四）通过评审后进入正式申报书填报；（五）答辩评审后择优立项。当申报项目评审结果前两位评价相近、技术路线明显不同时，可同时支持2个项目，分两阶段支持。项目实施周期不超过4年。,3.76,亿元人民币/年（2024年度国拨经费概算）,2024年度拟安排国拨经费概算3.76亿元（21项指南任务，含2项青年科学家任务600万元）。共性关键技术类和应用示范类项目配套经费与国拨经费比例不低于1:1。来源：国家能源局2024年度项目申报指南（国能发科技〔2024〕63号）。,①申报单位须为注册地在中国大陆的法人机构；②项目负责人须具有高级职称或博士学位；③共性关键技术类和应用示范类项目配套经费与国拨经费比例不低于1:1；④基础研究类项目下设课题不超过4个，参与单位不超过6家；⑤共性关键技术/应用示范类项目下设课题不超过5个，参与单位不超过10家；⑥青年科学家项目不下设课题，参与单位不超过3家；⑦项目实施周期不超过4年。,N/A,N/A,是。共性关键技术类和应用示范类项目须提供配套经费，配套经费与国拨经费比例不低于1:1。基础研究类和青年科学家项目原则上不要求配套经费。,项目来源和论证：（一）年度申报指南由国家能源局组织编制并发布。（二）申报单位通过国家科技管理信息系统公共服务平台在线提交申报材料。（三）专业机构形式审查和网络评审。（四）通过评审的项目进入正式申报书填报和答辩评审阶段。（五）专家评审委员会综合评审和投票表决，择优立项。当评审结果前两名相近且技术路线明显不同时，可同时支持2个项目，分两阶段实施。（六）立项后签订任务书并拨付经费。,N/A,N/A,N/A,N/A,N/A,2024年度国拨经费概算3.76亿元（21项指南任务）。来源：国家能源局2024年度项目申报指南（国能发科技〔2024〕63号）。,N/A,N/A,D35; C28; C20,CO2,正向,技术创新；绿色产业发展；能源供应安全；空气污染减排,国家能源局关于发布国家重点研发计划可再生能源技术重点专项2024年度项目申报指南的通知（国能发科技〔2024〕63号）,https://service.most.gov.cn,N/A
CHNPIVRDDI05S000,工具,公共投资,政府资助研发与示范计划,能源,储能与智能电网技术,储能与智能电网技术重点专项,Energy Storage and Smart Grid Technology Key Special Project,十四五能源领域科技创新规划；十四五新型储能发展实施方案,储能与智能电网技术重点专项是国家重点研发计划下设的重点专项，2021年2月由科技部发布2021年度项目申报指南（征求意见稿），2021年5月正式启动。专项以支撑碳达峰碳中和战略为目标，围绕中长时间尺度储能、短时高频储能、超长时间尺度储能、高比例可再生能源主动支撑、特大型交直流混联电网安全高效运行、多元用户供需互动用电与能效提升、储能和智能电网基础支撑技术7个方向部署研发任务。2021年度安排国拨经费6.67亿元（20项指南任务），2024年度移交国家能源局管理，部署10项指南任务（含1项部区联动项目和3项青年科学家项目），国拨经费未公开披露。企业牵头项目配套经费与国拨经费比例不低于2:1，项目实施周期一般不超过3年。,碳达峰碳中和支撑；能源供应安全；电网稳定运行；技术创新,间接,供给侧,中国,国家,N/A,02/02/2021,02/02/2021,N/A,N/A,专项于2024年从科技部（工信部产业发展促进中心管理）移交国家能源局管理。2024年8月发布2024年度项目申报指南（国能发科技〔2024〕65号），2025年5月发布2025年度指南。十五五期间是否延续待规划确定。,生效,国家能源局（十四五后期主责单位）；科技部（十四五前期管理单位，工信部产业发展促进中心为专业管理机构）；国家科技管理信息系统公共服务平台（申报受理渠道）,储能技术研发成果和示范设施（锂离子电池储能、液流电池、压缩空气储能、超级电容器、固态电池等）；智能电网技术研发成果和示范设施,新建,专项围绕七大技术方向部署研发和示范活动。（一）中长时间尺度储能技术：吉瓦时级锂离子电池储能系统、兆瓦时级固态锂离子电池、液流电池等。（二）短时高频储能技术：低成本超级电容器、飞轮储能等。（三）超长时间尺度储能技术：大规模压缩空气储能等。（四）高比例可再生能源主动支撑技术：光伏/风电场站暂态频率电压支撑、规模化储能集群协同控制等。（五）特大型交直流混联电网安全高效运行技术：大电网稳定性增强、多馈入直流换相失败防御等。（六）多元用户供需互动用电与能效提升技术：虚拟电厂聚合调控等。（七）基础支撑技术：干式直流电容器薄膜、高压可关断器件驱动芯片、新型环保绝缘气体、高压电力装备多物理场仿真等。,N/A,2021年度安排国拨经费概算6.67亿元（20项指南任务）。2024年度10项指南任务国拨经费未公开披露。单个项目国拨经费一般为数千万元级别（参考案例：内蒙古获批的2个重点专项国拨经费合计8000万元，高比例能源接入的混合储能技术项目国拨经费2719万元）。企业牵头项目配套经费与国拨经费比例不低于2:1。,企业；政府,申报单位须为在中国大陆境内注册的科研院所、高等学校和企业。共性关键技术类和应用示范类项目须企业牵头申报。项目负责人须具有高级职称或博士学位。青年科学家项目负责人年龄不超过40周岁。,研发、示范和部署,项目申报通过国家科技管理信息系统公共服务平台（service.most.gov.cn）在线提交。采用一轮申报程序（网上填报+答辩评审）。申报流程：（一）申报单位在线填写项目申报书（含预算书）；（二）推荐单位审核推荐；（三）专业机构形式审查和预评审（网络评审）；（四）通过预评审的项目进入正式申报书填报阶段；（五）答辩评审后择优立项。对拟支持1-2项的指南方向，若前两名评审结果相近且技术路线明显不同，可同时立项。,N/A,N/A,2021年度国拨经费概算6.67亿元（20项任务）。2024年度国拨经费概算未公开披露。企业牵头项目配套经费与国拨经费比例不低于2:1。来源：科技部2021年度项目申报指南、国家能源局2024年度项目申报指南。2024年度经费未在公开信息中明确。,①申报单位须为注册地在中国大陆的法人机构；②项目负责人须具有高级职称或博士学位；③共性关键技术类和应用示范类项目须企业牵头，配套经费与国拨经费比例不低于2:1；④基础研究类项目原则上不要求配套经费；⑤项目实施周期一般不超过3年；⑥同一项目只能通过单个推荐单位申报；⑦申报单位和负责人须无科研严重失信行为记录。,N/A,N/A,是。共性关键技术类和应用示范类项目须企业牵头，配套经费与国拨经费比例不低于2:1。基础研究类和青年科学家项目原则上不要求配套经费。内蒙古部区联动项目国拨经费8000万元，撬动企业研发投入超过1.8亿元。,项目来源和论证：（一）年度申报指南由国家能源局（2024年起）或科技部（2021-2023年）组织编制并发布。（二）申报单位通过国家科技管理信息系统公共服务平台在线提交申报材料。（三）专业机构形式审查和网络评审。（四）通过评审的项目进入正式申报书填报和答辩评审阶段。（五）专家评审委员会综合评审和投票表决，择优立项。（六）立项后签订任务书并拨付经费。,N/A,N/A,N/A,N/A,N/A,2021年度国拨经费概算6.67亿元。2024年度经费未公开。来源：科技部2021年度项目申报指南。,N/A,N/A,D35; C28; C27; C26; M72; J62; J63,CO2,正向,技术创新；能源供应安全；电网稳定；绿色产业发展,科技部关于发布国家重点研发计划储能与智能电网技术重点专项2021年度项目申报指南的通知（国科发资〔2021〕137号）；国家能源局关于发布国家重点研发计划储能与智能电网技术重点专项2024年度项目申报指南的通知（国能发科技〔2024〕65号）,https://service.most.gov.cn,N/A
CHNPIVRDDI06S000,工具,公共投资,政府资助研发与示范计划,工业；建筑,循环经济（固废资源化、清洁生产、生态设计、绿色供应链等）,循环经济关键技术与装备重点专项,Circular Economy Key Technologies and Equipment Key Special Project,十四五循环经济发展规划；十四五生态环境领域科技创新专项规划,循环经济关键技术与装备重点专项是国家重点研发计划下设的重点专项，执行期2022年至2026年，由生态环境部作为主责单位，自然科学基金委中国21世纪议程管理中心作为项目管理专业机构。专项围绕国家战略需求，聚焦源头减量减害、过程清洁生产、高质循环利用三大科技问题，部署循环经济基础理论与颠覆性技术、产品生态设计与绿色供应链构建、冶金化工清洁生产与固废源头减量、化学品环境健康风险控制与绿色替代、工业固废综合利用与协同处置、废旧物资智能解离与高质循环、城乡垃圾和医疗废物高效分类利用、重点区域循环经济系统集成及示范8大方向。2022年度首批启动约30个项目，安排国拨经费约6亿元；2024年度部署28项研究任务（含6项青年科学家项目和4项科技型中小企业项目），安排中央财政经费4.38亿元。企业牵头项目配套经费与国拨经费比例不低于1:1（共性关键技术类）或2:1（应用示范类）。,减污降碳协同；资源循环利用；绿色产业发展；技术创新,间接,供给侧,中国,国家,N/A,01/01/2022,01/01/2022,31/12/2026,N/A,该专项执行期为2022-2026年，贯穿十四五中后期。2023年管理改革后主责单位调整为生态环境部。每年发布年度项目申报指南调整具体任务，2024年8月发布2024年度指南（环科财函〔2024〕55号）。,生效,生态环境部（主责单位）；自然科学基金委中国21世纪议程管理中心（项目管理专业机构）；国家科技管理信息系统公共服务平台（申报受理渠道）,循环经济技术研发成果和示范设施（固废资源化利用装备、清洁生产工艺、废旧物资智能拆解装备、绿色产品设计工具/数据库等）,新建,专项围绕八大任务方向部署研发和示范活动。（一）循环经济基础理论与颠覆性技术：化工冶金存量危废精准溯源与风险管控、塑料垃圾海洋泄漏精准监测及阻控清理等。（二）产品生态设计与绿色供应链构建：产品数字化绿色设计技术、绿色供应链技术等。（三）冶金化工清洁生产与固废源头减量：铅液态熔渣有价金属分离与污染控制、硅冶炼与加工过程废物源头减量与循环利用等。（四）化学品环境健康风险控制与绿色替代：化学品环境健康风险控制技术、绿色替代品开发等。（五）工业固废综合利用与协同处置：典型失效多金属催化剂金属回收及污染控制、集成电路行业危险废液资源回收与净化等。（六）废旧物资智能解离与高质循环：退役锂电池整体热解装备与深度提锂技术等。（七）城乡垃圾和医疗废物分类利用：分类生活垃圾精细利用与协同减碳技术等。（八）重点区域循环经济系统集成及示范。,N/A,2024年度28项研究任务拟安排中央财政经费4.38亿元（含青年科学家项目1200万元、科技型中小企业项目800万元）。2022年度首批约30个项目安排国拨经费约6亿元。企业牵头共性关键技术类项目配套经费不低于1:1，应用示范类不低于2:1。,企业；政府,申报单位须为在中国大陆境内注册的科研院所、高等学校和企业。共性关键技术类和应用示范类项目须企业牵头申报。项目负责人须具有高级职称或博士学位。还设有科技型中小企业项目（每项国拨经费200万元），鼓励中小企业参与。,研发、示范和部署,项目申报通过国家科技管理信息系统公共服务平台（service.most.gov.cn）在线提交。采用一轮申报程序（网上填报+答辩评审）。申报流程：（一）申报单位在线填写项目申报书（含预算书）；（二）推荐单位审核推荐；（三）专业机构（21世纪议程管理中心）形式审查和预评审；（四）通过评审后进入正式申报书填报和答辩评审阶段；（五）专家评审委员会综合评审，择优立项；（六）立项后签订任务书并拨付经费。项目实施周期一般3-4年。,4.38,亿元人民币/年（2024年度中央财政经费概算）,2024年度拟安排中央财政经费概算4.38亿元（28项主题研究任务约4.18亿元，6项青年科学家项目1200万元，4项科技型中小企业项目800万元）。2022年度首批约30个项目安排国拨经费约6亿元。来源：生态环境部2022年度、2024年度项目申报指南（环科财函〔2024〕55号）。,①申报单位须为注册地在中国大陆的法人机构；②项目负责人须具有高级职称或博士学位；③共性关键技术类项目配套经费与国拨经费比例不低于1:1；④应用示范类项目配套经费与国拨经费比例不低于2:1；⑤科技型中小企业项目配套经费与国拨经费比例不低于1:1；⑥项目实施周期一般3-4年；⑦同一项目只能通过单个推荐单位申报。,N/A,N/A,是。共性关键技术类项目配套经费与国拨经费比例不低于1:1；应用示范类项目配套经费与国拨经费比例不低于2:1；科技型中小企业项目配套经费与国拨经费比例不低于1:1。基础研究类和青年科学家项目原则上不要求配套经费。,项目来源和论证：（一）年度申报指南由生态环境部组织编制并发布。（二）申报单位通过国家科技管理信息系统公共服务平台在线提交申报材料。（三）21世纪议程管理中心形式审查和网络评审。（四）通过评审的项目进入正式申报书填报和答辩评审阶段。（五）专家评审委员会综合评审和投票表决，择优立项。（六）立项后签订任务书并拨付经费。,N/A,N/A,N/A,N/A,N/A,2024年度中央财政经费概算4.38亿元（28项研究任务）。2022年度首批约30个项目安排国拨经费约6亿元。来源：生态环境部2022年度、2024年度项目申报指南（环科财函〔2024〕55号）。,N/A,N/A,C24; C20; C19; C28; E38; F41; F42; M72,CO2,正向,污染防治；资源节约；绿色产业发展；技术创新；碳减排协同,生态环境部关于发布国家重点研发计划循环经济关键技术与装备重点专项2024年度项目申报指南的通知（环科财函〔2024〕55号）；十四五循环经济发展规划（国发〔2021〕23号）,https://service.most.gov.cn,https://www.acca21.org.cn
CHNPARSEAI01S000,工具,公共评估规则,战略环境评价,跨部门,土地利用规划；区域、流域、海域建设开发利用规划；工业、农业、畜牧业、林业、能源、水利、交通、城市建设、旅游、自然资源开发等专项规划,规划环境影响评价,Planning Environmental Impact Assessment,中华人民共和国环境影响评价法（2002年通过，2016年、2018年修订）,"规划环境影响评价是指对国务院有关部门、设区的市级以上地方人民政府及其有关部门组织编制的土地利用的有关规划，区域、流域、海域的建设、开发利用规划，以及工业、农业、畜牧业、林业、能源、水利、交通、城市建设、旅游、自然资源开发的有关专项规划（简称""一地、两域、十专项""）进行环境影响评价的制度。该制度由《中华人民共和国环境影响评价法》（2002年10月28日第九届全国人大常委会第三十次会议通过，2003年9月1日施行，2016年7月2日和2018年12月29日两次修订）和《规划环境影响评价条例》（2009年8月17日国务院令第559号公布，2009年10月1日施行）确立。规划编制机关应当在规划编制过程中组织进行环境影响评价；对可能造成不良环境影响的规划，应当提出预防或者减轻不良环境影响的对策和措施。规划环境影响评价文件包括环境影响报告书和环境影响篇章或说明。设区的市级以上人民政府审批的专项规划，应当在审批前由其环境保护行政主管部门召集有关部门代表和专家组成审查小组，对环境影响报告书进行审查。规划审批机关应当将环境影响评价结论以及审查意见作为审批决策的重要依据。规划实施后，规划编制机关应当及时组织环境影响的跟踪评价。2016年修订取消了环评前置审批要求（原第七条""规划未经环境影响评价，审批机关不予审批""改为并联审批），并强化了规划环评与项目环评的联动机制。生态环境部陆续发布了一系列技术导则，包括《规划环境影响评价技术导则 总纲》（HJ 130-2014，2019年修订）以及煤炭工业、土地利用、流域开发、城市总体规划等专项规划环评技术导则。",环境保护；污染防治；可持续发展；生态保护,间接,环境,中国,国家,N/A,28/10/2002,01/09/2003,N/A,29/12/2018,"2002年10月28日第九届全国人大常委会第三十次会议通过，2003年9月1日施行。2016年7月2日第十二届全国人大常委会第二十一次会议修订（取消环评前置审批、强化规划环评与项目环评联动）。2018年12月29日第十三届全国人大常委会第七次会议再次修订（机构改革相关调整，将""环境保护行政主管部门""调整为""生态环境主管部门""）。配套行政法规《规划环境影响评价条例》于2009年8月17日以国务院令第559号公布，2009年10月1日施行，现行有效。",生效,生态环境部（负责规划环境影响评价的指导、管理和监督）；规划编制机关（负责组织进行规划环境影响评价）；规划审批机关（负责将环评结论作为审批决策的重要依据）；省级生态环境主管部门（负责召集审查小组对环境影响报告书进行审查）,土地利用规划；区域、流域、海域建设开发利用规划；工业、农业、能源、交通等专项规划；建设项目,新建,"覆盖资产包括两类：（1）综合性规划——国务院有关部门、设区的市级以上地方人民政府及其有关部门组织编制的土地利用规划，区域、流域、海域的建设、开发利用规划（""一地三域""）；（2）专项规划——工业、农业、畜牧业、林业、能源、水利、交通、城市建设、旅游、自然资源开发的有关专项规划（""十专项""）；（3）对环境有影响的建设项目。",N/A,可能对环境造成重大影响的规划和建设项目应当编制环境影响报告书；环境影响较小的规划和建设项目应当编制环境影响篇章或说明。具体范围由国务院生态环境主管部门会同国务院有关部门制定，报国务院批准。原国家环境保护总局《关于印发〈编制环境影响报告书的规划的具体范围（试行）〉和〈编制环境影响篇章或说明的规划的具体范围（试行）〉的通知》（环发[2004]98号）规定了具体范围。,政府,规划编制机关（国务院有关部门、设区的市级以上地方人民政府及其有关部门）为规划环境影响评价的组织实施主体，对其编制的规划的环境影响评价文件的质量和结论负责。规划审批机关（包括各级人民政府及其有关部门）在审批规划时，应当将环境影响报告书结论以及审查意见作为决策的重要依据；对未附送环境影响评价文件的规划，不予审批（2016年修订前）或应在审批时统筹考虑环境影响（2016年修订后）。规划环境影响评价的编制单位（接受委托编制环评文件的技术机构）对环评文件的科学性、准确性承担技术责任。设区的市级以上人民政府审批的专项规划的审查小组由环境保护行政主管部门召集有关部门代表和专家组成。来源：《中华人民共和国环境影响评价法》第七条、第八条、第十三条、第十四条。,规划编制与审批,（1）规划编制阶段：规划编制机关应在规划编制过程中同步组织进行环境影响评价，编制环境影响报告书或环境影响篇章/说明。（2）规划报送审批前：对应当编制环境影响报告书的规划，规划编制机关应当举行论证会、听证会或者采取其他形式征求有关单位、专家和公众对环境影响报告书草案的意见。专项规划的编制机关应当将环境影响报告书送审稿报送审批前，由环境保护行政主管部门召集审查小组进行审查。（3）规划审批阶段：规划审批机关在审批规划时，应当将环境影响报告书结论以及审查意见作为审批决策的重要依据。审批中未采纳环境影响报告书结论以及审查意见的，应当作出说明并存档备查。（4）跟踪评价阶段：对环境有重大影响的规划实施后，规划编制机关应当及时组织环境影响的跟踪评价，并将评价结果报告审批机关；发现有明显不良环境影响的，应当及时提出改进措施。（5）项目环评联动：已经进行了环境影响评价的规划所包含的具体建设项目，其环境影响评价内容可以适当简化。,N/A,N/A,N/A,（1）规划编制机关应当在规划编制过程中组织进行环境影响评价；（2）应当编制环境影响报告书的规划，应在规划草案报送审批前完成环境影响报告书的编制和审查；（3）环境影响报告书应当包括规划实施可能造成的环境影响分析、预测和评估，预防或减轻不良环境影响的对策和措施，以及环评结论；（4）编制机关应当征求有关单位、专家和公众对环境影响报告书草案的意见（论证会、听证会等）；（5）专项规划的环境影响报告书在审批前应由环境保护行政主管部门组织审查小组审查；（6）审查小组应由有关部门代表和专家组成，专家人数不得少于审查小组总人数的二分之一；（7）规划审批机关应当将环境影响评价结论作为审批决策的重要依据；（8）规划实施后应进行跟踪评价，发现明显不良环境影响的应及时提出改进措施；（9）规划环境影响评价技术机构应当具备相应的技术能力，遵守国家有关技术规范。来源：《中华人民共和国环境影响评价法》第七条至第十五条；《规划环境影响评价条例》。,N/A,N/A,N/A,N/A,N/A,N/A,N/A,N/A,N/A,N/A,N/A,N/A,M72；N77；O84,CO2；CH4；N2O,正向,污染防治；生态保护；资源可持续利用；公众健康改善,中华人民共和国环境影响评价法（2002年10月28日第九届全国人大常委会第三十次会议通过，2003年9月1日施行，2016年7月2日第一次修订，2018年12月29日第二次修订）；规划环境影响评价条例（2009年8月17日国务院令第559号，2009年10月1日施行）,https://www.gov.cn/zhengce/content/2009-08/21/content_4815.htm,http://www.npc.gov.cn/npc/c1773/c2518/2019zhhbsjx/sjxflfg/201906/t20190628_298339.html
CHNPARECRI01S000,工具,公共评估规则,投资项目节能减排评价,跨部门,N/A,固定资产投资项目节能审查和碳排放评价制度,Energy and Carbon Emission Assessment System for Fixed-Asset Investment Projects,加快构建碳排放双控制度体系工作方案（国办发〔2024〕39号）,对固定资产投资项目的能源消费和碳排放情况进行综合审查评价的制度。项目单位须在项目开工建设前编制节能报告（含碳排放评价专章），报节能审查机关审查。年综合能耗1000吨标准煤及以上或年煤炭消费量1000吨及以上的项目须进行节能审查。实行三级审查权限：国家发展改革委审查年综合能耗50万吨标准煤及以上或年煤炭消费量50万吨及以上的重点领域重大项目，省级审查1万吨标准煤及以上的项目，市级审查其余项目。未按规定进行节能审查或审查未通过的项目不得开工建设，已开工的责令停工整改。项目投产前须进行节能验收，验收不合格不得投入生产。,气候变化减缓；能源效率；能源安全,直接,环境,中国,国家,N/A,17/09/2010,01/11/2010,N/A,17/07/2025,2010年9月17日国家发展改革委令第6号《固定资产投资项目节能评估和审查暂行办法》首次建立制度，2010年11月1日施行。2016年11月27日国家发展改革委令第44号《固定资产投资项目节能审查办法》第一次修订（2017年1月1日施行）。2023年3月28日国家发展改革委令第2号第二次修订。2025年7月17日国家发展改革委令第31号第三次修订（2025年9月1日施行），正式将碳排放评价纳入节能审查，实现能耗双控向碳排放双控转型。,生效,国家发展改革委（审查重大项目和制定政策标准）；省级发展改革部门或省级政府指定的节能审查机关（审查省级权限内项目）；市级发展改革部门或市级节能审查机关（审查市级权限内项目）,固定资产投资项目（新建、改建、扩建、技术改造）,新建；既有,年综合能耗1000吨标准煤及以上或年煤炭消费量1000吨及以上的固定资产投资项目须进行节能审查和碳排放评价。国家发展改革委直接审查年综合能耗50万吨标准煤及以上（或年煤炭消费量50万吨及以上）的重点领域项目。不得将高耗能高排放项目审查权限下放至县级。,N/A,N/A,项目建设单位（项目业主/投资主体）,项目建设单位须在项目开工建设前编制节能报告（含碳排放评价专章），对报告内容和结论的真实性、准确性负责。节能报告应包含碳排放总量、碳排放结构、单位产品碳排放、单位增加值碳排放等内容。项目投产前须在试运行起6个月内完成节能验收。,节能审查；碳排放评价；节能验收；监督检查,项目单位在开工建设前编制节能报告（含碳排放评价专章）报节能审查机关。节能审查机关在受理后20个工作日内出具审查意见（情况复杂的可延长至30个工作日）。项目投产前试运行起6个月内完成节能验收，验收不合格不得投入生产。项目建设地点、内容、规模、能效水平、碳排放水平等发生重大变动的，或年综合能耗和碳排放量超过审查意见10%以上的，须重新审查。,N/A,N/A,N/A,适用范围：年综合能耗达1000吨标准煤及以上或年煤炭消费量达1000吨及以上的固定资产投资项目。节能报告须包含碳排放专章。审查期限20个工作日（可延至30个工作日）。验收须在试运行起6个月内完成。重大变动或能耗/碳排放超审查意见10%以上须重新审查。,N/A,N/A,N/A,N/A,N/A,N/A,N/A,N/A,N/A,N/A,N/A,N/A,O84,CO2,正向,能源效率；能源安全；绿色经济,《固定资产投资项目节能审查和碳排放评价办法》（国家发展和改革委员会令第31号，2025年7月17日公布，2025年9月1日起施行）,https://www.gov.cn/gongbao/2025/issue_12246/202508/content_7038015.html,https://www.ndrc.gov.cn/fzggw/jgsj/hzs/sjdt/201009/t20100921_1131153.html
CHNPARECAI01S000,工具,公共评估规则,环境合规审计,工业,N/A,清洁生产审核制度,Environmental Compliance Audit System,"""十四五""全国清洁生产推行方案（发改环资〔2021〕1524号）",对工业企业生产和服务过程进行调查和诊断，找出能耗高、物耗高、污染重的原因，提出减少有毒有害物料使用、降低能耗物耗、减少污染物产生和排放的方案，并对方案实施效果进行跟踪核验的制度。对超标排放、高耗能和使用有毒有害物质的企业实行强制性审核，鼓励其他企业自愿开展审核。分为三类强制性情形：（一）污染物排放超过国家或地方排放标准或超过重点污染物排放总量控制指标；（二）超过单位产品能源消耗限额标准；（三）使用有毒有害原料或排放有毒有害物质。审核遵循准备、预审核、审核、方案产生和筛选、方案确定、方案实施、持续清洁生产七步法。企业须在名单公布后一个月内公开相关信息，一年内完成审核。第（三）类企业两次审核间隔不超过五年。不实施审核或弄虚作假的，处五万元以上五十万元以下罚款。,环境保护；资源效率；绿色生产；可持续发展,间接,环境,中国,国家,N/A,29/06/2002,01/01/2003,N/A,01/07/2016,2002年6月29日《中华人民共和国清洁生产促进法》首次建立强制性清洁生产审核制度（主席令第72号，2003年1月1日施行）。2004年8月16日原国家环境保护总局第16号令《清洁生产审核暂行办法》发布实施细则。2012年2月29日《清洁生产促进法》修正。2016年5月16日国家发展和改革委员会、环境保护部第38号令《清洁生产审核办法》发布（2016年7月1日施行），替代2004年第16号令，扩大有毒有害物质范围，强化审核要求。,生效,生态环境主管部门（第（一）（三）类情形牵头）；节能主管部门（第（二）类情形牵头）；清洁生产综合协调部门（统筹协调）,工业企业生产设施和工艺（列入强制性清洁生产审核名单的企业）,既有,有下列情形之一的企业须实施强制性清洁生产审核：（一）污染物排放超过国家或地方排放标准，或虽未超标但超过重点污染物排放总量控制指标；（二）超过单位产品能源消耗限额标准构成高耗能；（三）使用有毒有害原料进行生产或在生产中排放有毒有害物质。有毒有害物质包括危险废物、剧毒化学品和重点环境管理危险化学品、含铅汞镉铬等重金属和类金属砷的物质、持久性有机污染物、其他具有毒性可能污染环境的物质。,N/A,N/A,企业（列入强制性清洁生产审核名单的工业企业）,强制性审核企业须在名单公布后一个月内公开排放、能耗和有毒有害物质使用情况，两个月内开展审核，一年内完成审核并提交报告。企业须委托符合条件的咨询服务机构或自行组织审核。审核费用可列入企业经营成本。自愿审核企业可参照强制性审核程序执行。,清洁生产审核；清洁生产方案实施；持续清洁生产,审核程序按七步法进行：审核准备、预审核、审核、方案的产生和筛选、方案的确定、方案的实施、持续清洁生产。方案实施后须进行效果评估和跟踪核验。审核报告须报送主管部门。企业须在名单公布后一个月内在企业官网或当地主要媒体公布排放、能耗和有毒有害物质使用等相关信息。,N/A,N/A,N/A,强制性清洁生产审核名单由主管部门确定并公布。第（一）（三）类企业名单由环境保护主管部门确定，第（二）类企业名单由节能主管部门确定。企业须在名单公布后一个月内公布相关信息，一年内完成审核。第（三）类企业两次审核间隔不超过五年。不实施强制性审核或在审核中弄虚作假的，由县级以上主管部门责令限期改正；拒不改正的，处五万元以上五十万元以下罚款。,N/A,N/A,N/A,N/A,N/A,N/A,N/A,N/A,N/A,N/A,N/A,N/A,O84,CO2,正向,环境保护；资源效率；能源效率,《清洁生产审核办法》（国家发展和改革委员会、环境保护部令第38号，2016年5月16日发布，2016年7月1日施行）,https://www.gov.cn/gongbao/content/2016/content_5100040.htm,https://www.gov.cn/gongbao/content/2002/content_61640.htm
CHNPAREIAI01S000,工具,公共评估规则,环境影响评价,跨部门,N/A,建设项目环境影响评价制度,Environmental Impact Assessment System for Construction Projects,中华人民共和国环境影响评价法（2002年通过，2016年、2018年修正）,对建设项目实施后可能造成的环境影响进行分析、预测和评估，提出预防或减轻不良环境影响的对策措施，并进行跟踪监测的制度。根据环境影响程度实行分类管理：可能造成重大环境影响的编制环境影响报告书，可能造成轻度环境影响的编制环境影响报告表，环境影响很小的填报环境影响登记表。环境影响评价文件未经审批部门审查或审查后未予批准的，建设单位不得开工建设。2018年修正取消环评机构资质要求，由建设单位对环评文件内容和结论负责，可自行委托技术单位或自行编制。,环境保护；污染防治；可持续发展；生态保护,间接,环境,中国,国家,N/A,28/10/2002,01/09/2003,N/A,29/12/2018,2018年12月29日第十三届全国人大常委会第七次会议修正：将环境保护行政主管部门统一修改为生态环境主管部门；取消环评机构资质要求，建设单位对环评文件内容和结论负责，可自行委托技术单位或自行编制；加大对环评文件质量问题的处罚力度（建设单位50万-200万元罚款，责任人5万-20万元罚款）。,生效,生态环境部（制定分类管理名录、审批重大项目和核设施项目）；省级生态环境主管部门（审批省级权限内项目）；市级生态环境主管部门（审批市级权限内项目）,建设项目（按环境影响程度分为三类：报告书、报告表、登记表）,新建,生态环境部制定《建设项目环境影响评价分类管理名录》，明确各类别建设项目的环评文件类型要求。名录根据行业类别、工艺特点、规模和选址等因素确定分类。,N/A,N/A,建设单位（项目业主）,建设单位对环评报告书/报告表的内容和结论负责。建设单位可自行委托技术单位编制环评文件，具备技术能力的也可自行编制。接受委托的技术单位承担相应责任，不得与审批部门存在任何利益关系。,审批；备案；跟踪检查；环境影响后评价,报告书审批时限60日，报告表审批时限30日，登记表实行备案管理。建设项目的性质、规模、地点、生产工艺或污染防治措施发生重大变动的，须重新报批环评文件。环评文件自批准之日起超过五年方开工的，须报原审批部门重新审核。审批部门受理后须在规定时限内完成审批，不得收取任何费用。,N/A,N/A,N/A,实行分类管理：可能造成重大环境影响的编制环境影响报告书（对环境影响进行全面评价）；可能造成轻度环境影响的编制环境影响报告表（对环境影响进行分析或专项评价）；环境影响很小的填报环境影响登记表（备案管理）。禁止未批先建，违反者处建设项目总投资额1%至5%的罚款，并可责令恢复原状。,N/A,N/A,N/A,N/A,N/A,N/A,N/A,N/A,N/A,N/A,N/A,N/A,O84,CO2；CH4；N2O,正向,污染防治；生态保护；资源可持续利用,《中华人民共和国环境影响评价法》（2002年10月28日第九届全国人大常委会第三十次会议通过，2016年7月2日、2018年12月29日修正，主席令第24号）,http://www.npc.gov.cn/npc/c1773/c2518/2019zhhbsjx/sjxflfg/201906/t20190628_298339.html,N/A
CHNPARCPAI01S000,工具,公共评估规则,气候绩效评估考核,跨部门,碳排放总量与强度管控；煤炭和石油消费调控；非化石能源发展；工业、建筑、交通领域绿色低碳转型；公共机构节能；林业碳汇,碳达峰碳中和综合评价考核办法,Comprehensive Performance Assessment for Carbon Peaking and Carbon Neutrality,加快构建碳排放双控制度体系工作方案（国办发〔2024〕39号）,对各省（区、市）碳达峰碳中和工作进展和目标任务完成情况进行年度综合评价考核。设置碳排放总量、碳排放强度降低、煤炭消费总量、石油消费总量、非化石能源消费占比5项控制指标，以及单位GDP能耗降低、规上工业单位增加值能耗和碳排放降低、城乡建设绿色低碳转型、交通运输绿色低碳转型、公共机构碳排放强度降低、碳市场覆盖行业排放控制、森林蓄积量增长等9项支撑指标。考核结果分优秀、合格、不合格三个等次，作为领导班子和领导干部综合考核评价、选拔任用、监督管理的重要参考，实行党政同责。控制指标任一项不达标即为不合格。,气候变化减缓；能源安全；绿色经济,间接,环境,中国,国家,N/A,12/04/2026,12/04/2026,N/A,N/A,本办法于2026年2月26日经中央政治局常委会会议审议批准，2026年4月12日由中共中央办公厅、国务院办公厅发布，自2026年度起对各省（区、市）开展评价考核，为初始版本。,生效,国家发展改革委（统筹实施评价考核）；中央组织部（统筹指导，结果纳入干部考核）；生态环境部（碳排放总量与强度监测）；国家能源局（能源结构指标）；工业和信息化部（工业领域指标）；住房城乡建设部（城乡建设领域指标）；交通运输部（交通运输领域指标）；国管局（公共机构指标）；国家林草局、自然资源部（森林蓄积量指标）,N/A,N/A,本工具为政府绩效评价考核制度，不针对具体物理资产进行监管。,N/A,N/A,各省（区、市）党委和政府,考核对象为各省、自治区、直辖市党委和政府，实行党政同责。省级党委和政府对本地区碳达峰碳中和工作负总责，按要求开展年度自评并向党中央、国务院提交自评报告。,评价考核,按年度组织实施，于考核年度次年开展。程序包括：（1）地方自评——各省党委和政府对本地区年度工作推进情况和目标任务完成情况进行自评；（2）部门评价——各有关部门对负责指标的全国进展和各省情况进行评价，分为达标或不达标；（3）实地核验——国家发展改革委会同有关部门采取实地抽查、委托第三方核查等方式核验数据真实性；（4）结果评定——国家发展改革委结合自评、部门评价和实地核验情况，按优秀、合格、不合格三个等次提出结果建议，商中央组织部后报党中央、国务院。,N/A,N/A,N/A,5项控制指标必须全部达标；9项支撑指标中不达标项少于3项。控制指标任一项不达标或支撑指标3项及以上不达标，考核结果为不合格。数据造假直接评为不合格。,N/A,N/A,N/A,N/A,N/A,N/A,N/A,N/A,N/A,N/A,N/A,N/A,O84,CO2,正向,能源安全；绿色经济；环境保护,中共中央办公厅、国务院办公厅《碳达峰碳中和综合评价考核办法》（2026年2月26日中央政治局常委会会议审议批准，2026年4月12日发布）,https://www.gov.cn/gongbao/2026/issue_12726/202605/content_7068093.html,N/A
