政策工具ID,工具/子方案,组别,路径,排放部门,子行业,本国工具名称,英文工具名称,政策包,描述,目标,减缓相关性,作用渠道,国家,管辖层级,管辖地名称,通过日期,生效日期,终止日期,最近修订,最近修订（详情）,状态,管理机构,受规制资产,受规制资产（状态）,受规制资产（详情）,受规制资产（其他）,受规制资产（阈值范围）,受规制主体,受规制主体（详情）,受规制活动,受规制活动（详情）,强度（数值）,强度（单位）,强度（详情）,要求说明,合规计算方法I,合规计算方法II,参与激励,监测,违规制裁,温室气体排放覆盖（绝对量）,温室气体排放覆盖（占国内排放百分比）,经济行业,受影响的温室气体,减缓效果,减缓协同效益,法律文件名称,法律文件链接,其他网页链接
CHNVTSVCMI01S000,工具,自愿交易体系,自愿碳市场,农业、林业和其他土地利用；能源；交通；工业；建筑,林业碳汇; 可再生能源发电; 海洋碳汇（蓝碳、盐沼、海草床）; 公路隧道节能; 煤矿瓦斯利用; 油气伴生气回收; 淤地坝碳汇; 农业废弃物沼气利用; 建筑节能改造; 可再生能源电解水制氢; 电气设备SF6回收净化; 中深层地热能供暖,全国温室气体自愿减排交易市场,China National Voluntary GHG Emission Reduction Trading Market,N/A,"全国温室气体自愿减排交易市场（China Certified Emission Reduction, CCER）是由生态环境部主管、国家市场监督管理总局协同监管的国家级自愿性温室气体减排量交易机制。经审定登记的符合条件的自愿减排项目可将核证的温室气体减排量（CCER）在统一交易系统挂牌交易，购买方可用CCER抵销碳排放配额清缴、企业温室气体排放或自愿碳中和声明。该市场于2012年由国家发展改革委以《温室气体自愿减排交易管理暂行办法》（发改气候〔2012〕1668号）首次建立，2017年3月14日暂停项目注册，2023年以生态环境部令第31号《温室气体自愿减排交易管理办法（试行）》重启，2024年1月22日全国统一交易市场正式上线运行。核心制度架构包括：（1）方法学体系——由生态环境部统一制定和发布项目方法学，截至2025年底已发布18项方法学，涵盖可再生能源、碳汇、甲烷利用与油气回收、农业、建筑节能、SF6减排、地热能供暖等领域；（2）项目审定与减排量核证——项目经审定机构审定、注册登记机构登记后产生CCER，减排量须经核查机构核查；（3）交易系统——北京绿色交易所负责CCER集中统一交易与结算，采用挂牌协议、大宗协议、单向竞价等交易方式；（4）用途——重点排放单位可用CCER抵销不超过应清缴配额5%的碳排放配额，也可用于大型活动碳中和、企业自愿碳中和声明等。截至2025年底，注册登记系统累计开户6106家，已登记项目33个，累计登记减排量1776.37万吨（来源：生态环境部）；全年成交量884.41万吨，成交额突破6.26亿元（来源：北京绿色交易所）。",减缓气候变化,直接,供给侧,中国,国家,N/A,13/06/2012,13/06/2012,N/A,19/10/2023,2012年6月13日国家发展改革委印发《温室气体自愿减排交易管理暂行办法》（发改气候〔2012〕1668号）首次建立CCER制度；2017年3月14日国家发展改革委公告暂停CCER项目备案申请和减排量备案（待修订完善后重启）；2023年10月19日生态环境部与国家市场监督管理总局联合发布部令第31号《温室气体自愿减排交易管理办法（试行）》，重构制度体系：统一方法学制定、建立注册登记与交易系统分离机制、纳入市场监管部门协同监管；2024年1月22日全国统一交易市场正式启动运营。旧版已备案项目须重新申请登记，原已备案减排量可按国家规定继续使用。,生效,生态环境部（应对气候变化司，统筹监管与方法学制定）；国家市场监督管理总局（审定与核查机构监管）；国家应对气候变化战略研究和国际合作中心（注册登记机构）；北京绿色交易所（交易机构）,核证自愿减排量（CCER）/碳信用交易市场基础设施,新建,本工具界定和覆盖的对象为全国温室气体自愿减排交易市场，包括：统一的注册登记系统和交易系统；经生态环境部批准的方法学体系（截至2025年底18项已发布方法学）；经审定登记的减排项目及其产生的核证自愿减排量（CCER）；审定与核查机构（首批5家）；以及交易规则和市场监督管理制度。截至2025年底，已登记33个项目（涵盖海上风电、光热发电、林业碳汇、红树林营造、油气伴生气回收、滨海盐沼与海草床修复、淤地坝碳汇、农业废弃物沼气利用、建筑节能改造、电解水制氢、SF6回收净化、地热能供暖等），累计登记减排量1776.37万吨；累计成交量921.94万吨，成交额6.50亿元（来源：北京绿色交易所/生态环境部）。,N/A,N/A,企业（项目业主和交易主体）；金融机构；审定与核查机构,减排项目业主：境内依法成立的法人和其他组织，可自愿申请项目审定与减排量登记；交易主体：符合规定的法人、其他组织和自然人（首次将个人纳入参与主体），通过统一交易系统参与CCER买卖；审定与核查机构：经市场监管总局会同生态环境部批准的认证机构（首批5家），负责项目审定和减排量核查；重点排放单位：可用CCER抵销碳排放配额清缴（不超过应清缴配额的5%）。项目参与为自愿性质，不设强制性参与义务。,注册、许可及行政管理；融资与投资；减排或预防,本工具规范和引导的受规制活动为温室气体自愿减排项目的开发、审定、登记、减排量核证以及CCER的交易和抵销。减排项目业主依据生态环境部发布的方法学开发项目，经审定机构审定、注册登记机构审核通过后取得项目登记；项目业主编制减排量核算报告，经核查机构核查、注册登记机构审核通过后获得CCER签发；CCER通过北京绿色交易所统一交易系统挂牌交易；购买方可将CCER用于碳排放配额清缴抵销、企业温室气体排放抵销或自愿碳中和声明。交易为自愿性质，无强制性参与义务。,70.76,元/吨,2025年全国CCER综合交易均价（来源：北京绿色交易所）。2025年全年成交量884.41万吨，成交额6.26亿元。,1）减排项目须具备真实性、唯一性和额外性，属生态环境部发布的方法学支持领域，于2012年11月8日之后开工建设，减排量产生于2020年9月22日之后且在申请登记之日前5年以内；2）有法定减排义务的项目、已纳入碳排放权交易市场配额管理的项目不得申请CCER项目登记；3）项目业主不得委托同一机构同时承担项目审定和减排量核查；4）所有交易须通过北京绿色交易所统一交易系统进行；5）重点排放单位可用CCER抵销不超过应清缴配额5%的碳排放配额；6）交易方式包括挂牌协议、大宗协议、单向竞价等；7）项目业主提供虚假材料处1万-10万元罚款，弄虚作假撤销登记且三年内不再受理；审定与核查机构违规处5万-20万元罚款。,减排量 = 基准线排放量 - 项目排放量 - 泄漏量。基准线排放量按方法学规定的基准线情景计算；项目排放量按项目实际排放监测数据计算；泄漏量按方法学规定评估项目边界外的间接排放影响。具体计算公式和参数由各方法学分别规定。,N/A（各方法学仅规定一种核算方法）,减排项目业主可通过开发和销售CCER获得碳收益；2025年CCER交易均价70.76元/吨（光热项目81.58元/吨、海上风电69.27元/吨）（来源：北京绿色交易所），为可再生能源、林业碳汇等项目提供额外收入来源；购买方可通过购买CCER抵销碳排放配额清缴义务或实现碳中和声明，降低合规成本；首批CCER于2025年3月7日开市交易，首日成交量74.88万吨、成交额6024.18万元、均价80.45元/吨。,生态环境部负责统筹监管，对项目业主实施监督管理；市场监管部门负责审定与核查活动的日常监管；注册登记机构对项目登记和减排量签发进行审查（15个工作日内审核）；交易机构对CCER交易行为进行实时监测；审定与核查机构纳入认证机构管理（须具备10名以上专职人员等资质条件）。生态环境部与市场监管总局建立信息共享与协调工作机制，鼓励社会监督。,项目业主提供虚假材料或篡改数据：处1万-10万元罚款；故意弄虚作假撤销项目登记，三年内不再受理该业主的CCER项目登记申请。审定与核查机构出具虚假报告或违规：处5万-20万元罚款，情节严重撤销批准文件。交易主体操纵市场：通报批评并处1万-10万元罚款。,截至2025年底，累计登记减排量1776.37万吨CO₂e，累计成交量921.94万吨（来源：生态环境部/北京绿色交易所）。2025年全年成交量884.41万吨，成交额6.26亿元。,N/A（本工具为全国性碳信用交易市场，覆盖多行业自愿减排项目，无单一国内排放占比口径）,A01; A02; B05; B06; D35; F41,CO2; CH4; SF6,正向,可再生能源发展；技术创新；生态保护；绿色产业发展；资源节约；污染防治；空气污染物减排；能源安全；水土保持；生物多样性保护,《温室气体自愿减排交易管理办法（试行）》（生态环境部 国家市场监督管理总局令第31号，2023年10月19日公布并施行）,https://www.mee.gov.cn/xxgk2018/xxgk/xxgk02/202310/t20231020_1043694.html,https://www.mee.gov.cn/ywgz/ydqhbh/wsqtkz/202310/t20231025_1043940.shtml（方法学发布页面）；https://www.cets.org.cn/（全国碳市场信息网）
CHNVTSVCMI01S001,子方案,自愿交易体系,自愿碳市场,农业、林业和其他土地利用,林业碳汇,造林碳汇（CCER-14-001-V01）,Afforestation Carbon Sink (CCER-14-001-V01),N/A,造林碳汇方法学（CCER-14-001-V01）是生态环境部发布的首批CCER项目方法学之一，为符合条件的造林项目开发和签发CCER提供核算、监测和核证标准。适用于在不符合森林定义的规划造林地上，以增加碳汇为主要目的、兼具生态和生物多样性保护效益的造林项目。项目活动的土地在项目开始前须为无林地（不少于连续3年），项目计入期最短20年、最长40年。碳库包括地上生物量、地下生物量、枯落物、枯死木和土壤有机碳。2026年6月，生态环境部已就该方法学修订稿公开征求意见（环办便函〔2026〕212号）。,减缓气候变化,直接,供给侧,中国,国家,N/A,24/10/2023,24/10/2023,N/A,N/A,N/A（2026年6月发布修订征求意见稿，尚未正式修订）,生效,生态环境部（应对气候变化司）,造林碳汇项目/核证自愿减排量（CCER）,新建,本方法学界定和覆盖的对象为在不符合森林定义的规划造林地上实施的以增加碳汇为主要目的的项目活动，项目开始前土地须为无林地（不少于连续3年）。核算碳库涵盖地上生物量、地下生物量、枯落物、枯死木和土壤有机碳，项目计入期20-40年。项目活动包括整地、栽植、抚育管护等。,N/A,N/A,企业（造林项目业主、林业经营主体）,在中国境内依法成立、拥有或管理符合方法学要求造林用地的法人或其他组织，可自愿依据方法学开发造林碳汇项目并申请CCER登记。,注册、许可及行政管理；融资与投资；减排或预防,项目业主依据方法学界定项目边界和碳库，编制项目设计文件并经审定机构审定；项目实施后按方法学规定的监测频率和方法对各碳库变化量进行监测和核算；编制减排量核算报告经核查机构核查后，向注册登记机构申请CCER签发。,70.76,元/吨,尚无造林碳汇CCER的独立分类交易价格数据，表中数值为2025年全国CCER综合交易均价（70.76元/吨，来源：北京绿色交易所）。,1）造林地须为不符合森林定义的规划造林地，项目开始前为无林地不少于连续3年；2）项目活动不得导致原有生态系统碳储量下降；3）项目计入期为20-40年；4）碳库核算须采用方法学规定的模型和参数；5）项目须在2012年11月8日之后开工建设。,净碳汇量 = 项目碳汇量变化 - 基准线碳汇量变化。碳储量变化采用碳储量变化法核算，涵盖五个碳库：地上生物量、地下生物量、枯落物、枯死木和土壤有机碳。基准线碳汇量按项目开始前无林地碳储量水平确定；项目碳汇量按方法学规定的碳计量模型和参数（如生物量扩展因子、碳分数等），基于固定样地定期调查数据分层计算各碳库变化量之和。计入期最短20年、最长40年。,N/A（仅规定一种核算方法）,项目业主通过签发和销售CCER获得碳收益；造林碳汇项目兼具生态保护效益，可通过林业碳票等地方创新机制获得额外市场认可。,项目业主按方法学规定定期开展碳汇监测（含固定样地调查等）；审定与核查机构负责项目审定和减排量核查；生态环境部统筹监管。,项目业主提供虚假材料：处1万-10万元罚款并撤销登记、三年内不再受理；审定与核查机构违规：处5万-20万元罚款。,N/A（减排量取决于项目规模和自愿开发情况）,N/A,A02,CO2,正向,生态保护；生物多样性保护；水土保持；资源节约,关于印发《温室气体自愿减排项目方法学 造林碳汇（CCER-14-001-V01）》等4项方法学的通知（环办气候函〔2023〕343号）,https://www.mee.gov.cn/xxgk2018/xxgk/xxgk06/202310/t20231024_1043877.html,https://www.mee.gov.cn/xxgk2018/xxgk/xxgk06/202606/t20260626_1160307.html（2026年修订征求意见稿）
CHNVTSVCMI01S002,子方案,自愿交易体系,自愿碳市场,能源,可再生能源发电,并网光热发电（CCER-01-001-V01）,Grid-connected Solar Thermal Power (CCER-01-001-V01),N/A,并网光热发电方法学（CCER-01-001-V01）是生态环境部发布的首批CCER项目方法学之一，为并网太阳能光热发电项目开发和签发CCER提供核算、监测和核证标准。适用于独立的太阳能光热发电项目以及包含光热发电的风光热一体化项目中的光热发电部分。项目通过替代以化石燃料为主的并网发电，实现温室气体减排。光热发电具有配置储热系统、可提供稳定可调度电力的技术特点。2025年全年光热发电CCER成交均价为81.58元/吨，高于CCER整体均价（来源：北京绿色交易所）。,减缓气候变化,直接,供给侧,中国,国家,N/A,24/10/2023,24/10/2023,N/A,N/A,N/A,生效,生态环境部（应对气候变化司）,并网光热发电项目/核证自愿减排量（CCER）,新建,本方法学界定和覆盖的对象为独立的并网光热发电项目，以及含光热发电的风光热一体化项目中的光热发电部分。适用于新建或扩建的光热发电项目，通过替代并网化石燃料发电实现温室气体减排。,N/A,N/A,企业（光热发电项目业主）,在中国境内依法成立、投资建设和运营符合方法学要求的光热发电项目的法人或其他组织，可自愿依据方法学开发项目并申请CCER登记。,注册、许可及行政管理；融资与投资；减排或预防,项目业主依据方法学界定项目边界和基准线情景，编制项目设计文件经审定机构审定；项目并网发电后按方法学规定的监测方法和频率对发电量和减排量等参数进行监测和核算；编制减排量核算报告经核查机构核查后申请CCER签发。,81.58,元/吨,2025年光热发电CCER全年成交均价，高于CCER整体均价（70.76元/吨）（来源：北京绿色交易所）。,1）项目须为独立的光热发电项目或含光热发电的风光热一体化项目中的光热部分；2）项目须为新建或扩建项目；3）项目减排量核算采用并网发电的基准线排放因子方法学规定的电网排放因子；4）项目须在2012年11月8日之后开工建设。,减排量 = 基准线排放量 - 项目排放量。基准线排放量 = 项目净上网电量 × 电网排放因子（按方法学规定的组合边际排放因子计算）；项目排放量 = 项目辅助燃料（如天然气）消耗产生的CO₂排放。光热发电配备储热系统可在无光照时段继续发电，计入期为固定7年（可更新）。,N/A（仅规定一种核算方法）,项目业主通过签发和销售CCER获得碳收益（2025年均价81.58元/吨）；CCER收入可为光热发电项目提供额外收益，改善项目经济性。,项目业主按方法学规定监测发电量、上网电量、辅助燃料消耗量等参数；审定与核查机构负责项目审定和减排量核查；生态环境部统筹监管。,项目业主提供虚假材料：处1万-10万元罚款并撤销登记、三年内不再受理；审定与核查机构违规：处5万-20万元罚款。,N/A（减排量取决于项目规模和自愿开发情况）,N/A,D35,CO2,正向,可再生能源发展；技术创新；空气污染物减排；能源安全,关于印发《温室气体自愿减排项目方法学 并网光热发电（CCER-01-001-V01）》等4项方法学的通知（环办气候函〔2023〕343号）,https://www.mee.gov.cn/xxgk2018/xxgk/xxgk06/202310/t20231024_1043877.html,https://www.cets.org.cn/（全国碳市场信息网）；https://www.cbeex.com.cn/（北京绿色交易所）
CHNVTSVCMI01S003,子方案,自愿交易体系,自愿碳市场,能源,可再生能源发电,并网海上风力发电（CCER-01-002-V01）,Grid-connected Offshore Wind Power (CCER-01-002-V01),N/A,并网海上风力发电方法学（CCER-01-002-V01）是生态环境部发布的首批CCER项目方法学之一，为并网海上风力发电项目开发和签发CCER提供核算、监测和核证标准。适用于新建的离岸并网海上风力发电项目。项目通过替代以化石燃料为主的并网发电，实现温室气体减排。海上风电是目前CCER登记项目数量最多、签发量最大的领域：首批9个登记项目（2025年3月6日登记，7个为海上风电、2个为光热发电），三峡集团江苏分公司大丰二期海上风电项目完成CCER市场重启后首笔交易（2025年3月7日，10万吨）。2025年全年海上风电CCER成交均价为69.27元/吨（来源：北京绿色交易所）。,减缓气候变化,直接,供给侧,中国,国家,N/A,24/10/2023,24/10/2023,N/A,N/A,N/A,生效,生态环境部（应对气候变化司）,并网海上风力发电项目/核证自愿减排量（CCER）,新建,本方法学界定和覆盖的对象为新建的离岸并网海上风力发电项目（不含潮间带及陆上风电）。项目通过替代并网化石燃料发电实现温室气体减排。海上风电是CCER市场重启后登记项目和签发量最大的领域。,N/A,N/A,企业（海上风电项目业主）,在中国境内依法成立、投资建设和运营符合方法学要求的海上风电项目的法人或其他组织，可自愿依据方法学开发项目并申请CCER登记。,注册、许可及行政管理；融资与投资；减排或预防,项目业主依据方法学界定项目边界和基准线情景，编制项目设计文件经审定机构审定；项目并网发电后按方法学规定的监测方法和频率对发电量和减排量等参数进行监测和核算；编制减排量核算报告经核查机构核查后申请CCER签发。,69.27,元/吨,2025年海上风电CCER全年成交均价，海上风电是CCER市场重启后登记项目数量和签发量最大的领域（来源：北京绿色交易所）。,1）项目须为离岸并网海上风力发电项目（不含潮间带和陆上风电）；2）项目须为新建项目；3）项目减排量核算采用并网发电的基准线排放因子和方法学规定的电网排放因子；4）项目须在2012年11月8日之后开工建设。,减排量 = 基准线排放量 - 项目排放量。基准线排放量 = 项目净上网电量 × 电网排放因子（按方法学规定的组合边际排放因子计算）；项目排放量 = 0（海上风电运营期间无辅助化石燃料消耗）。计入期为固定7年（可更新）。,N/A（仅规定一种核算方法）,项目业主通过签发和销售CCER获得碳收益（2025年均价69.27元/吨）；CCER收入可为海上风电项目提供额外收益来源；CCER市场重启首单交易为海上风电项目（2025年3月7日）。,项目业主按方法学规定监测发电量、上网电量等参数；审定与核查机构负责项目审定和减排量核查；生态环境部统筹监管。,项目业主提供虚假材料：处1万-10万元罚款并撤销登记、三年内不再受理；审定与核查机构违规：处5万-20万元罚款。,N/A（减排量取决于项目规模和自愿开发情况）,N/A,D35,CO2,正向,可再生能源发展；技术创新；空气污染物减排；能源安全,关于印发《温室气体自愿减排项目方法学 并网海上风力发电（CCER-01-002-V01）》等4项方法学的通知（环办气候函〔2023〕343号）,https://www.mee.gov.cn/xxgk2018/xxgk/xxgk06/202310/t20231024_1043877.html,https://www.cbeex.com.cn/（北京绿色交易所）
CHNVTSVCMI01S004,子方案,自愿交易体系,自愿碳市场,农业、林业和其他土地利用,海洋碳汇（蓝碳）,红树林营造（CCER-14-002-V01）,Mangrove Creation (CCER-14-002-V01),N/A,红树林营造方法学（CCER-14-002-V01）是生态环境部发布的首批CCER项目方法学之一，为符合条件的红树林营造项目开发和签发CCER提供核算、监测和核证标准。适用于在适宜红树林生长的潮间带和潮上带区域实施的以增加红树林碳汇为主要目的的红树林种植和恢复项目。项目开始前土地须为无红树林覆盖的宜林地，项目计入期最短20年、最长40年。碳库包括地上生物量、地下生物量、枯落物、枯死木和土壤有机碳。红树林生态系统具有极高的碳密度（蓝碳）和多重生态系统服务价值。2026年6月，生态环境部已就该方法的修订稿公开征求意见（环办便函〔2026〕212号）。,减缓气候变化,直接,供给侧,中国,国家,N/A,24/10/2023,24/10/2023,N/A,N/A,N/A（2026年6月发布修订征求意见稿，尚未正式修订）,生效,生态环境部（应对气候变化司）,红树林营造项目/核证自愿减排量（CCER）,新建,本方法学界定和覆盖的对象为在适宜红树林生长的潮间带和潮上带区域实施的以增加红树林碳汇为主要目的的红树林种植和恢复项目。核算碳库涵盖地上生物量、地下生物量、枯落物、枯死木和土壤有机碳，项目计入期20-40年。红树林碳密度远高于陆地森林（单位面积碳储量可达热带雨林的3-5倍）。,N/A,N/A,企业（红树林项目业主、沿海生态修复实施主体）,在中国境内依法成立、拥有或管理符合方法学要求的沿海滩涂或潮间带用地的法人或其他组织，可自愿依据方法学开发红树林营造项目并申请CCER登记。,注册、许可及行政管理；融资与投资；减排或预防,项目业主依据方法学界定项目边界和碳库，编制项目设计文件经审定机构审定；项目实施后按方法学规定的监测频率和方法对各碳库变化量进行监测和核算；编制减排量核算报告经核查机构核查后，向注册登记机构申请CCER签发。,70.76,元/吨,尚无红树林营造CCER的独立分类交易价格数据，表中数值为2025年全国CCER综合交易均价（70.76元/吨，来源：北京绿色交易所）。,1）项目土地须为适宜红树林生长的潮间带或潮上带区域，项目开始前为无红树林覆盖的宜林地；2）项目活动不得导致原有生态系统碳储量下降；3）项目计入期为20-40年；4）碳库核算须采用方法学规定的模型和参数；5）项目须在2012年11月8日之后开工建设。,净碳汇量 = 项目碳汇量变化 - 基准线碳汇量变化。碳储量变化采用碳储量变化法核算，涵盖五个碳库：地上生物量、地下生物量、枯落物、枯死木和土壤有机碳。基准线碳汇量按项目开始前无红树林覆盖的土地碳储量水平确定；项目碳汇量按方法学规定的红树林碳计量模型和参数，基于固定样地定期调查数据分层计算各碳库变化量之和。红树林碳密度可达热带雨林的3-5倍。计入期最短20年、最长40年。,N/A（仅规定一种核算方法）,项目业主通过签发和销售CCER获得碳收益；红树林碳汇项目兼具海岸防护、生物多样性保护等多重生态效益，具有较高的市场价值和社会认可度。,项目业主按方法学规定定期开展红树林碳汇监测（含固定样地调查等）；审定与核查机构负责项目审定和减排量核查；生态环境部统筹监管。,项目业主提供虚假材料：处1万-10万元罚款并撤销登记、三年内不再受理；审定与核查机构违规：处5万-20万元罚款。,N/A（减排量取决于项目规模和自愿开发情况）,N/A,A02,CO2,正向,生态保护；生物多样性保护；海岸防护；污染防治；资源节约,关于印发《温室气体自愿减排项目方法学 红树林营造（CCER-14-002-V01）》等4项方法学的通知（环办气候函〔2023〕343号）,https://www.mee.gov.cn/xxgk2018/xxgk/xxgk06/202310/t20231024_1043877.html,https://www.mee.gov.cn/xxgk2018/xxgk/xxgk06/202606/t20260626_1160307.html（2026年修订征求意见稿）
CHNVTSVCMI01S005,子方案,自愿交易体系,自愿碳市场,交通,公路隧道节能,公路隧道照明系统节能（CCER-07-001-V01）,Road Tunnel Lighting System Energy Saving (CCER-07-001-V01),N/A,公路隧道照明系统节能方法学（CCER-07-001-V01）是生态环境部于2025年1月发布的方法学，为采用高能效隧道照明系统替代原有系统产生的节能减碳效果开发和签发CCER提供核算、监测和核证标准。适用于既有公路隧道中通过更换或升级照明设备、优化照明控制方案等措施实现节能减碳的项目。项目减排量来自隧道照明系统电力消耗的降低从而减少电网调入电力的间接排放。,减缓气候变化,直接,供给侧,中国,国家,N/A,03/01/2025,03/01/2025,N/A,N/A,N/A,生效,生态环境部（应对气候变化司）,公路隧道照明节能项目/核证自愿减排量（CCER）,新建,本方法学界定和覆盖的对象为既有公路隧道通过更换或升级照明设备、优化照明控制方案等措施实现的照明系统节能减碳项目。减排量来自照明系统电力消耗的降低。,N/A,N/A,企业（公路隧道运营管理单位）,在中国境内依法成立、运营和管理既有公路隧道的法人或其他组织，可自愿依据方法学开发照明节能改造项目并申请CCER登记。,注册、许可及行政管理；融资与投资；减排或预防,项目业主依据方法学界定项目边界和基准线情景（改造前照明系统能耗水平），编制项目设计文件经审定机构审定；节能改造实施后按方法学规定监测照明系统实际电力消耗量，计算相对基准线的减排量；编制减排量核算报告经核查机构核查后申请CCER签发。,70.76,元/吨,尚无公路隧道照明系统节能CCER的独立分类交易价格数据，表中数值为2025年全国CCER综合交易均价（70.76元/吨，来源：北京绿色交易所）。,1）项目须为既有公路隧道照明系统节能改造，改造后须满足公路隧道照明相关设计标准的最低照度要求；2）基准线能耗水平须基于改造前实际监测数据；3）减排量核算须采用方法学规定的电网排放因子；4）项目须在2012年11月8日之后开工建设。,减排量 = 基准线排放量 - 项目排放量。基准线排放量 = 改造前照明系统年电力消耗量 × 电网排放因子；项目排放量 = 改造后照明系统年电力消耗量 × 电网排放因子。改造前后均须满足公路隧道照明设计标准的最低照度要求。计入期为固定10年。,N/A（仅规定一种核算方法）,项目业主通过签发和销售CCER获得碳收益；照明节能本身可降低隧道运营电费支出，形成节能与碳收益的双重经济效益。,项目业主按方法学规定持续监测照明系统电力消耗量；审定与核查机构负责项目审定和减排量核查；生态环境部统筹监管。,项目业主提供虚假材料：处1万-10万元罚款并撤销登记、三年内不再受理；审定与核查机构违规：处5万-20万元罚款。,N/A（减排量取决于项目规模和自愿开发情况）,N/A,D35,CO2,正向,能效提升；能源消耗减少；技术创新；空气污染物减排,关于印发《温室气体自愿减排项目方法学 公路隧道照明系统节能（CCER-07-001-V01）》的通知（环办气候函〔2024〕486号）,https://www.mee.gov.cn/xxgk2018/xxgk/xxgk06/202501/t20250103_1099966.html,https://www.cets.org.cn/（全国碳市场信息网）
CHNVTSVCMI01S006,子方案,自愿交易体系,自愿碳市场,工业,煤矿瓦斯利用,煤矿低浓度瓦斯和风排瓦斯利用（CCER-10-001-V01）,Utilization of Low-Concentration CMM and VAM (CCER-10-001-V01),N/A,"甲烷体积浓度低于8%的煤矿低浓度瓦斯和风排瓦斯利用方法学（CCER-10-001-V01）是生态环境部于2025年1月发布的方法学，为煤矿低浓度瓦斯（甲烷体积浓度低于8%）和煤矿乏风瓦斯（风排瓦斯，Ventilation Air Methane, VAM，浓度通常低于1%）的回收利用项目开发和签发CCER提供核算、监测和核证标准。适用于将低浓度瓦斯和VAM进行氧化销毁或能源化利用（如供热、发电）的项目。甲烷的全球增温潜势（GWP）为CO₂的28倍（100年尺度），此类项目通过减少甲烷直接排放实现显著的温室气体减排效果。",减缓气候变化,直接,供给侧,中国,国家,N/A,03/01/2025,03/01/2025,N/A,N/A,N/A,生效,生态环境部（应对气候变化司）,煤矿低浓度瓦斯和风排瓦斯利用项目/核证自愿减排量（CCER）,新建,本方法学界定和覆盖的对象为将甲烷体积浓度低于8%的煤矿瓦斯（CMM）和煤矿乏风瓦斯（VAM，浓度通常低于1%）进行回收、氧化销毁或能源化利用（供热或发电）的项目。通过减少甲烷直接排放实现温室气体减排，甲烷GWP为CO₂的28倍。,N/A,N/A,企业（煤矿企业、瓦斯利用项目业主）,在中国境内依法成立、运营符合方法学要求的煤矿并具备低浓度瓦斯和VAM回收利用条件的法人或其他组织，可自愿依据方法学开发项目并申请CCER登记。,注册、许可及行政管理；融资与投资；减排或预防,项目业主依据方法学界定项目边界和基准线情景，编制项目设计文件经审定机构审定；项目实施后按方法学规定监测低浓度瓦斯和VAM的收集量、甲烷浓度、氧化效率或能源产出量等参数；核算避免的甲烷排放量（以CO₂当量计）；编制减排量核算报告经核查机构核查后申请CCER签发。,70.76,元/吨,尚无煤矿低浓度瓦斯和风排瓦斯利用CCER的独立分类交易价格数据，表中数值为2025年全国CCER综合交易均价（70.76元/吨，来源：北京绿色交易所）。,1）项目须针对甲烷体积浓度低于8%的煤矿瓦斯和/或煤矿乏风瓦斯（VAM）；2）项目须采用氧化销毁或能源化利用技术，甲烷销毁率须达到方法学规定的最低阈值；3）减排量核算须采用方法学规定的甲烷GWP值（28）和氧化效率默认值；4）项目须在2012年11月8日之后开工建设。,减排量（tCO₂e）=（基准线情景CH₄排放量 - 项目情景CH₄排放量）× 28（GWP）。基准线情景CH₄排放量 = 收集的低浓度瓦斯和VAM中的CH₄量（全部排空）；项目情景CH₄排放量 = 收集的CH₄量 ×（1 - 氧化销毁效率）。氧化销毁效率按方法学规定的默认值或实测值确定。若采用能源化利用（供热/发电）替代化石燃料，可额外计算替代减排量。计入期为固定10年。,N/A（仅规定一种核算方法）,项目业主通过签发和销售CCER获得碳收益；瓦斯回收利用产生的热能或电能可供煤矿自用或上网销售，形成额外收入。甲烷减排项目的GWP为CO₂的28倍，同等规模下CCER签发量远高于CO₂减排类项目。,项目业主按方法学规定持续监测低浓度瓦斯和VAM收集量、甲烷浓度、氧化效率或能源产出量等参数；审定与核查机构负责项目审定和减排量核查；生态环境部统筹监管。,项目业主提供虚假材料：处1万-10万元罚款并撤销登记、三年内不再受理；审定与核查机构违规：处5万-20万元罚款。,N/A（减排量取决于项目规模和自愿开发情况）,N/A,B05,CH4,正向,能源安全；资源节约；技术创新；空气污染物减排；污染防治,关于印发《温室气体自愿减排项目方法学 甲烷体积浓度低于8%的煤矿低浓度瓦斯和风排瓦斯利用（CCER-10-001-V01）》的通知（环办气候函〔2025〕1号）,https://www.mee.gov.cn/xxgk2018/xxgk/xxgk06/202501/t20250103_1099965.html,https://www.cets.org.cn/（全国碳市场信息网）
CHNVTSVCMI01S007,子方案,自愿交易体系,自愿碳市场,能源,油气伴生气回收,海上油田伴生气回收利用（CCER-10-002-V01）,Offshore Oilfield Associated Gas Recovery and Utilisation (CCER-10-002-V01),N/A,海上油田伴生气回收利用方法学（CCER-10-002-V01）是生态环境部与国家能源局联合发布的油气行业首批CCER方法学之一，为海上油田伴生气回收利用项目开发和签发CCER提供核算和核证标准。在油田开采过程中，油层间存在与石油共生的伴生气（主要成分为甲烷等烃类），传统方式通过火炬燃烧排放。本方法学适用于将原本火炬燃烧的海上油田伴生气回收处理为管输天然气、LNG、CNG或LPG等产品的项目。项目须满足四项条件：伴生气来自海上油田并用于生产合格产品；项目获批复前无海底输气管道；监测数据与全国碳市场管理平台联网；符合国家法律法规和行业政策。计入期固定7年（可续）。,减缓气候变化,直接,供给侧,中国,国家,N/A,21/11/2025,21/11/2025,N/A,N/A,N/A,生效,生态环境部（应对气候变化司）；国家能源局,海上油田伴生气回收利用设施/核证自愿减排量（CCER）,新建,本方法学界定和覆盖的对象为海上油田伴生气回收利用项目，将原本通过火炬燃烧排放的伴生气回收处理为管输天然气、液化天然气（LNG）、压缩天然气（CNG）或液化石油气（LPG）等产品。项目减排量来自替代天然气等化石燃料的使用。,N/A,N/A,企业（油田开发企业/伴生气回收项目业主）,在中华人民共和国境内依法成立、拥有或管理海上油田伴生气回收利用设施的法人或其他组织，可自愿依据方法学开发项目并申请CCER登记。,注册、许可及行政管理；融资与投资；减排或预防,项目业主依据方法学界定项目边界，编制项目设计文件并经审定机构审定；项目运行后按方法学规定的监测方法和频率对伴生气回收量、产品产量等参数进行监测和核算；编制减排量核算报告经核查机构核查后申请CCER签发。,70.76,元/吨,尚无海上油田伴生气回收利用CCER的独立分类交易价格数据，表中数值为2025年全国CCER综合交易均价（70.76元/吨，来源：北京绿色交易所）。,1）项目回收的伴生气须来自海上油田，并用于生产管输天然气、LNG、CNG或LPG等产品；2）项目获批复前生产设施与陆地之间无海底输气管道；3）项目监测数据须与全国碳市场管理平台（cets.org.cn）联网；4）计入期固定7年（可续）；5）减排量=基准线排放量-项目排放量-项目泄漏量，采用保守取值；6）项目须符合国家法律法规和行业发展政策。,减排量 = 基准线排放量 - 项目排放量 - 项目泄漏量。基准线排放量为伴生气火炬燃烧产生的排放；项目排放量包括外购化石燃料排放、电耗排放和运输排放；项目泄漏量忽略不计。,N/A（仅规定一种核算方法）,项目业主通过签发和销售CCER获得碳收益；伴生气回收产品（天然气、LNG、CNG、LPG等）可对外销售形成额外收入。,项目业主依据方法学对伴生气回收量、产品产量、燃料消耗、电力消耗等参数进行持续监测，监测数据须与全国碳市场管理平台联网并每分钟上传；省级和设区的市级生态环境主管部门会同能源主管部门开展监督检查。,项目业主提供虚假材料：处1万-10万元罚款并撤销登记、三年内不再受理；审定与核查机构违规：处5万-20万元罚款。,N/A（减排量取决于项目规模和自愿开发情况）,N/A,B06,CO2; CH4,正向,能源安全；资源节约；污染防治；空气污染物减排,关于印发《温室气体自愿减排项目方法学 海上油田伴生气回收利用（CCER-10-002-V01）》等3项方法学的通知（环办气候函〔2025〕428号）,https://www.mee.gov.cn/xxgk2018/xxgk/xxgk06/202511/t20251121_1134574.html,https://www.cets.org.cn/（全国碳市场信息网）
CHNVTSVCMI01S008,子方案,自愿交易体系,自愿碳市场,能源,油气伴生气回收,陆上气田试气放喷气回收利用（CCER-10-003-V01）,Onshore Gas Field Well Test and Blowdown Gas Recovery and Utilisation (CCER-10-003-V01),N/A,陆上气田试气放喷气回收利用方法学（CCER-10-003-V01）是生态环境部与国家能源局联合发布的油气行业首批CCER方法学之一。陆上天然气勘探开发在完成钻井、压裂等环节后进入试气放喷期，传统做法将试气放喷气在放喷池直接点火燃烧（俗称点天灯）。本方法学适用于将常规天然气井、页岩气井和致密气井（不含煤层气井）试气放喷阶段的气体回收处理为管输天然气、CNG或LNG产品的项目。单口常规井计入回收时间不超过7天，单口致密气/页岩气井不超过21天。计入期最长10年。额外性免予论证。,减缓气候变化,直接,供给侧,中国,国家,N/A,21/11/2025,21/11/2025,N/A,N/A,N/A,生效,生态环境部（应对气候变化司）；国家能源局,陆上气田试气放喷气回收利用设施/核证自愿减排量（CCER）,新建,本方法学界定和覆盖的对象为陆上气田试气放喷气回收利用项目，将原本在放喷池直接燃烧的试气放喷气回收处理为管输天然气、压缩天然气（CNG）或液化天然气（LNG）产品。适用于常规天然气井、页岩气井和致密气井的试气放喷阶段。,N/A,N/A,企业（天然气勘探开发企业/项目业主）,在中华人民共和国境内依法成立、从事陆上天然气勘探开发的法人或其他组织，可自愿依据方法学开发试气放喷气回收利用项目并申请CCER登记。,注册、许可及行政管理；融资与投资；减排或预防,项目业主依据方法学界定项目边界和适用条件，编制项目设计文件并经审定机构审定；项目运行后对回收气量、产品产量、燃料消耗等参数进行监测和核算；编制减排量核算报告经核查机构核查后申请CCER签发。,70.76,元/吨,尚无陆上气田试气放喷气回收利用CCER的独立分类交易价格数据，表中数值为2025年全国CCER综合交易均价（70.76元/吨，来源：北京绿色交易所）。,1）适用于常规天然气井、页岩气井和致密气井的试气放喷阶段（不含煤层气井）；2）须将试气放喷气回收处理成管输天然气、CNG或LNG产品；3）单口常规井计入回收时间不超7天，单口致密气/页岩气井不超21天；4）计入期最长10年；5）监测数据须与全国碳市场管理平台联网并每分钟上传；6）额外性免予论证。,减排量 = 与回收产品等量的天然气燃烧产生的排放量 ×（1-行业现有回收率）- 回收产品时产生的排放量。采用保守性原则，通过回收产品产量回溯计算，并通过流量测量与组分分析交叉核对。,N/A（仅规定一种核算方法）,项目业主通过签发和销售CCER获得碳收益；试气放喷气回收产品（天然气、CNG、LNG等）可对外销售形成额外收入。,项目业主按方法学规定对气体流量、组分、回收产品产量、燃料消耗等参数进行持续监测，计量装置须在检定有效期内并每年校准；监测数据须与全国碳市场管理平台联网并每分钟上传；数据在最后一期减排量登记后至少保存10年。,项目业主提供虚假材料：处1万-10万元罚款并撤销登记、三年内不再受理；审定与核查机构违规：处5万-20万元罚款。,N/A（减排量取决于项目规模和自愿开发情况）,N/A,B06,CO2; CH4,正向,能源安全；资源节约；污染防治；空气污染物减排,关于印发《温室气体自愿减排项目方法学 海上油田伴生气回收利用（CCER-10-002-V01）》等3项方法学的通知（环办气候函〔2025〕428号）,https://www.mee.gov.cn/xxgk2018/xxgk/xxgk06/202511/t20251121_1134574.html,https://www.cets.org.cn/（全国碳市场信息网）
CHNVTSVCMI01S009,子方案,自愿交易体系,自愿碳市场,能源,油气伴生气回收,陆上油田低气量伴生气回收利用（CCER-10-004-V01）,Onshore Oilfield Low-Volume Associated Gas Recovery and Utilisation (CCER-10-004-V01),N/A,陆上油田低气量伴生气回收利用方法学（CCER-10-004-V01）是生态环境部与国家能源局联合发布的油气行业首批CCER方法学之一。本方法学专门面向陆上油田小规模、分散型伴生气回收项目，适用对象为同一站场（厂）内伴生气处理系统设计总规模小于3万立方米/天的项目。符合适用条件的项目额外性免予论证；同一企业位于同一省内的多个项目可合并申请。当前已建项目每年约可产生30万吨CO₂e减排量，2030年预计增至150万吨/年。计入期最长10年。,减缓气候变化,直接,供给侧,中国,国家,N/A,21/11/2025,21/11/2025,N/A,N/A,N/A,生效,生态环境部（应对气候变化司）；国家能源局,陆上油田低气量伴生气回收利用设施/核证自愿减排量（CCER）,新建,本方法学界定和覆盖的对象为陆上油田小规模、分散型伴生气回收项目，适用条件为同一站场（厂）内伴生气处理系统设计总规模小于3万立方米/天。项目将原本火炬燃烧的伴生气回收处理为管输天然气、CNG、LNG、LPG、稳定轻烃或混烃等产品。,N/A,N/A,企业（油田开发企业/伴生气回收项目业主）,在中华人民共和国境内依法成立、拥有或管理陆上油田伴生气回收利用设施的法人或其他组织，同一企业位于同一省（自治区、直辖市）内的多个伴生气项目可合并申请CCER登记。,注册、许可及行政管理；融资与投资；减排或预防,项目业主依据方法学界定项目边界和适用条件，编制项目设计文件并经审定机构审定；项目运行后对伴生气回收量、产品产量、外购化石燃料消耗、电力消耗等参数进行监测和核算；编制减排量核算报告经核查机构核查后申请CCER签发。,70.76,元/吨,尚无陆上油田低气量伴生气回收利用CCER的独立分类交易价格数据，表中数值为2025年全国CCER综合交易均价（70.76元/吨，来源：北京绿色交易所）。,1）同一站场伴生气处理系统设计总规模须小于3万m³/天；2）须将伴生气回收处理为管输天然气、CNG、LNG、LPG、稳定轻烃或混烃等产品；3）计入期最长10年；4）监测数据须与全国碳市场管理平台联网；5）同一省内多项目可合并申请以降低开发成本；6）额外性免予论证。,减排量 = 基准线排放量 - 项目排放量 - 项目泄漏量。基准线排放量为伴生气火炬燃烧排放，采用产品产量回溯计算并依据保守性原则取值，对行业伴生气回收率进行扣减；项目排放量包括外购化石燃料排放、电耗排放和运输排放；项目泄漏量忽略不计。,N/A（仅规定一种核算方法）,项目业主通过签发和销售CCER获得碳收益；伴生气回收产品可对外销售形成额外收入。以黑龙江某日处理1.5万m³伴生气的项目为例，获得CCER收益后项目收益率可从约5%提升至约8.5%。,项目业主按方法学规定对伴生气流量、温度、压力、组分、回收产品质量、外购化石燃料和电力消耗等参数进行持续监测；监测数据须与全国碳市场管理平台联网；计量设备须经法定计量检定机构检定并每年由CNAS认可机构校准。,项目业主提供虚假材料：处1万-10万元罚款并撤销登记、三年内不再受理；审定与核查机构违规：处5万-20万元罚款。,N/A（减排量取决于项目规模和自愿开发情况，当前已建项目约30万吨CO₂e/年）,N/A,B06,CO2; CH4,正向,能源安全；资源节约；污染防治；空气污染物减排,关于印发《温室气体自愿减排项目方法学 海上油田伴生气回收利用（CCER-10-002-V01）》等3项方法学的通知（环办气候函〔2025〕428号）,https://www.mee.gov.cn/xxgk2018/xxgk/xxgk06/202511/t20251121_1134574.html,https://www.cets.org.cn/（全国碳市场信息网）
CHNVTSVCMI01S010,子方案,自愿交易体系,自愿碳市场,农业、林业和其他土地利用,海洋碳汇（蓝碳）,滨海盐沼植被修复（CCER-14-003-V01）,Coastal Salt Marsh Vegetation Restoration (CCER-14-003-V01),N/A,滨海盐沼植被修复方法学（CCER-14-003-V01）是生态环境部与自然资源部联合发布的蓝碳领域CCER方法学之一。滨海盐沼是具有重要碳汇功能的滨海湿地生态系统，本方法学为在中国境内符合条件的滨海区域开展盐沼植被修复项目开发和签发CCER提供核算标准。项目计入期最短20年、最长40年。同一省内的多个项目可合并申请。本方法学的发布标志着我国将红树林、海草床、滨海盐沼三种滨海蓝碳生态系统全部纳入国家碳交易体系。,减缓气候变化,直接,供给侧,中国,国家,N/A,28/11/2025,28/11/2025,N/A,N/A,N/A,生效,生态环境部（应对气候变化司）；自然资源部,滨海盐沼植被修复项目/核证自愿减排量（CCER）,新建,本方法学界定和覆盖的对象为在中国境内符合条件的滨海区域实施的盐沼植被修复项目。项目通过恢复和重建滨海盐沼植被（碱蓬、芦苇、盐地碱蓬等）增加生态系统碳汇。计入期20-40年。,N/A,N/A,企业（项目业主/生态修复实施主体）,在中华人民共和国境内依法成立、拥有或管理符合方法学要求的滨海盐沼修复用地的法人或其他组织，可自愿依据方法学开发项目并申请CCER登记。,注册、许可及行政管理；融资与投资；减排或预防,项目业主依据方法学界定项目边界和碳库（地上生物量、地下生物量、土壤有机碳等），编制项目设计文件并经审定机构审定；按监测频率对各碳库变化量进行监测和核算；编制减排量核算报告经核查机构核查后申请CCER签发。,70.76,元/吨,尚无滨海盐沼植被修复CCER的独立分类交易价格数据，表中数值为2025年全国CCER综合交易均价（70.76元/吨，来源：北京绿色交易所）。,1）项目须在符合条件的滨海区域实施盐沼植被修复；2）项目土地权属和减排量权属清晰；3）计入期最短20年、最长40年；4）同一省内多个项目可合并申请；5）额外性免予论证。,净碳汇量 = 项目碳汇量变化 - 基准线碳汇量变化。碳库涵盖地上生物量、地下生物量和土壤有机碳，采用储量变化法核算各碳库碳储量变化。基准线碳汇量基于项目开始前土地碳储量水平确定。,N/A（仅规定一种核算方法）,项目业主通过签发和销售CCER获得碳收益；滨海盐沼植被修复兼具海岸防护、生物多样性保护、水质净化等多重生态效益。,项目业主按方法学规定的监测频率和方法对各碳库变化量进行监测和核算；省级和设区的市级生态环境主管部门会同自然资源主管部门开展监督检查。,项目业主提供虚假材料：处1万-10万元罚款并撤销登记、三年内不再受理；审定与核查机构违规：处5万-20万元罚款。,N/A（减排量取决于项目规模和自愿开发情况）,N/A,A02,CO2,正向,生态保护；生物多样性保护；污染防治；绿色产业发展,关于印发《温室气体自愿减排项目方法学 滨海盐沼植被修复（CCER-14-003-V01）》等2项方法学的通知（环办气候函〔2025〕451号）,https://www.mee.gov.cn/xxgk2018/xxgk/xxgk06/202512/t20251203_1137023.html,https://www.cets.org.cn/（全国碳市场信息网）
CHNVTSVCMI01S011,子方案,自愿交易体系,自愿碳市场,农业、林业和其他土地利用,海洋碳汇（蓝碳）,海草床植被修复（CCER-14-004-V01）,Seagrass Bed Vegetation Restoration (CCER-14-004-V01),N/A,海草床植被修复方法学（CCER-14-004-V01）是生态环境部与自然资源部联合发布的蓝碳领域CCER方法学之一。海草床是重要的滨海蓝碳生态系统，其碳埋藏效率高、储存周期长。本方法学为在中国境内符合条件的海域开展海草床植被修复项目开发和签发CCER提供核算标准。项目计入期最短20年、最长40年。同一省内的多个项目可合并申请。,减缓气候变化,直接,供给侧,中国,国家,N/A,28/11/2025,28/11/2025,N/A,N/A,N/A,生效,生态环境部（应对气候变化司）；自然资源部,海草床植被修复项目/核证自愿减排量（CCER）,新建,本方法学界定和覆盖的对象为在中国境内符合条件的海域实施的海草床（鳗草、海菖蒲等）植被修复项目。项目通过海草植株移植、种子播种等方式恢复和重建海草床生态系统碳汇。计入期20-40年。,N/A,N/A,企业（项目业主/海洋生态修复实施主体）,在中华人民共和国境内依法成立、拥有或管理符合方法学要求的海草床修复区域的法人或其他组织，可自愿依据方法学开发项目并申请CCER登记。,注册、许可及行政管理；融资与投资；减排或预防,项目业主依据方法学界定项目边界和碳库，编制项目设计文件并经审定机构审定；按监测频率对各碳库变化量进行监测和核算；编制减排量核算报告经核查机构核查后申请CCER签发。,70.76,元/吨,尚无海草床植被修复CCER的独立分类交易价格数据，表中数值为2025年全国CCER综合交易均价（70.76元/吨，来源：北京绿色交易所）。,1）项目须在符合条件的海域实施海草床植被修复；2）项目边界和减排量权属清晰；3）计入期最短20年、最长40年；4）同一省内多个项目可合并申请；5）额外性免予论证。,净碳汇量 = 项目碳汇量变化 - 基准线碳汇量变化。碳库涵盖海草地上生物量、地下生物量和沉积物有机碳，采用储量变化法核算各碳库碳储量变化。,N/A（仅规定一种核算方法）,项目业主通过签发和销售CCER获得碳收益；海草床植被修复兼具海洋生物多样性保护、水质净化、海岸保护等多重生态效益。,项目业主按方法学规定的监测频率和方法对各碳库变化量进行监测和核算；省级和设区的市级生态环境主管部门会同自然资源主管部门开展监督检查。,项目业主提供虚假材料：处1万-10万元罚款并撤销登记、三年内不再受理；审定与核查机构违规：处5万-20万元罚款。,N/A（减排量取决于项目规模和自愿开发情况）,N/A,A02,CO2,正向,生态保护；生物多样性保护；污染防治；绿色产业发展,关于印发《温室气体自愿减排项目方法学 滨海盐沼植被修复（CCER-14-003-V01）》等2项方法学的通知（环办气候函〔2025〕451号）,https://www.mee.gov.cn/xxgk2018/xxgk/xxgk06/202512/t20251203_1137023.html,https://www.cets.org.cn/（全国碳市场信息网）
CHNVTSVCMI01S012,子方案,自愿交易体系,自愿碳市场,农业、林业和其他土地利用,淤地坝碳汇,淤地坝碳汇（CCER-14-005-V01）,Check Dam Carbon Sink (CCER-14-005-V01),N/A,淤地坝碳汇方法学（CCER-14-005-V01）是生态环境部与水利部联合发布的全球首部针对淤地坝碳汇的专项核算标准，将淤地坝这一中国特有的水土保持工程纳入国家自愿减排交易体系。淤地坝是在黄土高原及其他水土流失严重地区沟道内修建的水利工程，在拦泥淤地的同时发挥显著的固碳作用。本方法学适用于按SL/T804标准建设、坝体完好、权属清晰的淤地坝项目。同一县级行政区域内多个淤地坝（淤地坝系）可合并申请。计入期最短10年、最长40年。碳库主要核算土壤碳库及符合条件的植物碳库，非持久性风险扣减率1%。额外性免予论证。,减缓气候变化,直接,供给侧,中国,国家,N/A,25/11/2025,25/11/2025,N/A,N/A,N/A,生效,生态环境部（应对气候变化司）；水利部,淤地坝碳汇项目/核证自愿减排量（CCER）,新建,本方法学界定和覆盖的对象为按SL/T804《淤地坝技术规范》建设、坝体完好、权属清晰的淤地坝项目。项目边界为淤地坝控制的集水区。碳库核算以上壤碳库为主，符合条件的植物碳库（水土保持林）也可纳入。计入期10-40年。,N/A,N/A,企业/集体组织（淤地坝产权所有者或其授权主体）,淤地坝产权所有者或其授权的法人主体，同一县级行政区域内多个淤地坝（淤地坝系）可合并为一个项目申请CCER登记。,注册、许可及行政管理；融资与投资；减排或预防,项目业主依据方法学界定项目边界和碳库，编制项目设计文件并经审定机构审定；项目实施后按监测频率和方法对土壤有机碳和植物碳库变化量进行监测和核算；编制减排量核算报告经核查机构核查后申请CCER签发。,70.76,元/吨,尚无淤地坝碳汇CCER的独立分类交易价格数据，表中数值为2025年全国CCER综合交易均价（70.76元/吨，来源：北京绿色交易所）。,1）淤地坝须按SL/T804标准建设，坝体完好、权属清晰；2）计入期最短10年、最长40年；3）采用计量参数缺省值降低开发成本；4）非持久性风险扣减率1%；5）同一县级行政区域内多个淤地坝可合并申请；6）额外性免予论证。,项目减排量 =（项目清除量 - 基准线清除量 - 项目泄漏量）×（1 - 非持久性风险扣减率1%）。项目清除量 = 土壤增汇量 + 植物增汇量 - 项目排放量。基准线清除量计为0（基准线情景为侵蚀沟）。项目泄漏量和排放量均计为0。,N/A（仅规定一种核算方法）,项目业主通过签发和销售CCER获得碳收益；淤地坝兼具水土保持、防洪减沙、增加耕地等多重生态社会效益。,项目业主建立内部数据质量保障管理制度；土壤样品须在获CMA认证的第三方计量技术机构检验；省级和设区的市级生态环境主管部门会同水行政部门开展监督检查。,项目业主提供虚假材料：处1万-10万元罚款并撤销登记、三年内不再受理；审定与核查机构违规：处5万-20万元罚款。,N/A（减排量取决于项目规模和自愿开发情况）,N/A,A02,CO2,正向,生态保护；水土保持；污染防治；绿色产业发展,关于印发《温室气体自愿减排项目方法学 淤地坝碳汇（CCER-14-005-V01）》的通知（环办气候函〔2025〕438号）,https://www.mee.gov.cn/xxgk2018/xxgk/xxgk06/202512/t20251202_1136958.html,https://www.cets.org.cn/（全国碳市场信息网）
CHNVTSVCMI01S013,子方案,自愿交易体系,自愿碳市场,农业、林业和其他土地利用,农业废弃物沼气利用,规模化猪场粪污沼气回收利用工程（CCER-15-001-V01）,Large-Scale Pig Farm Manure Biogas Recovery and Utilisation Project (CCER-15-001-V01),N/A,规模化猪场粪污沼气回收利用工程方法学（CCER-15-001-V01）是生态环境部与农业农村部联合发布的农业领域CCER方法学之一。生猪粪便甲烷排放占全国畜禽粪便管理甲烷排放的约70%，减排潜力巨大。本方法学适用于年出栏量五百头以上规模化猪场，须在场区内配套建设厌氧消化反应器并对沼气进行回收利用（发电、供气或生产生物天然气），沼渣沼液须进行农田利用。不适用于混合原料处理项目。额外性免予论证。同一省内多个猪场可合并申请。计入期固定7年（可续）。,减缓气候变化,直接,供给侧,中国,国家,N/A,12/12/2025,12/12/2025,N/A,N/A,N/A,生效,生态环境部（应对气候变化司）；农业农村部,规模化猪场粪污沼气回收利用工程/核证自愿减排量（CCER）,新建,本方法学界定和覆盖的对象为年出栏量五百头以上的规模化猪场，在场区内配套建设厌氧消化反应器并对产生的沼气进行发电、供气或生产生物天然气等回收利用。沼渣沼液须进行农田利用，实现种养结合。,N/A,N/A,企业（规模化猪场经营主体/项目业主）,在中华人民共和国境内依法成立、经营规模化猪场（年出栏五百头以上）的法人或其他组织。同一法人在同一省内的多个猪场粪污沼气回收利用工程可合并申请。,注册、许可及行政管理；融资与投资；减排或预防,项目业主依据方法学界定项目边界，建设厌氧消化反应器及沼气回收利用设施，编制项目设计文件并经审定机构审定；项目运行后对生猪存栏量、沼气产生量、甲烷浓度、发电量等参数进行监测和核算；编制减排量核算报告经核查机构核查后申请CCER签发。,70.76,元/吨,尚无农业领域CCER的独立分类交易价格数据，表中数值为2025年全国CCER综合交易均价（70.76元/吨，来源：北京绿色交易所）。,1）猪场须年出栏五百头以上并配套建设厌氧消化反应器；2）沼气须进行发电、供气或生产生物天然气等回收利用；3）沼渣沼液须进行农田利用；4）不适用于混合原料处理项目；5）计入期固定7年（可续）；6）监测数据须与全国碳市场管理平台联网；7）额外性免予论证。,减排量 = 基准线甲烷排放量 - 项目甲烷排放量 - 泄漏量。采用「正算+反算」双重计算方法计算基准线甲烷排放量，取两者中较小值以确守保守性。项目排放量来自厌氧消化反应器及管道甲烷逸散、沼渣沼液处理排放、外购电排放和火炬燃烧排放。,N/A（仅规定一种核算方法）,项目业主通过签发和销售CCER获得碳收益；沼气发电、供气或生物天然气销售可形成额外收入；沼渣沼液农田利用可替代化肥，降低农业投入成本。,项目业主对生猪月均存栏量、沼气产生量、甲烷体积浓度、发电量/供气量、下网电量等8项关键参数进行持续监测，监测数据须与全国碳市场管理平台联网并每小时上传一次；年度数据缺失和中断超20天则该月数据存疑。,项目业主提供虚假材料：处1万-10万元罚款并撤销登记、三年内不再受理；审定与核查机构违规：处5万-20万元罚款。,N/A（减排量取决于项目规模和自愿开发情况）,N/A,A01,CH4,正向,污染防治；资源节约；绿色产业发展；空气污染物减排,关于印发《温室气体自愿减排项目方法学 规模化猪场粪污沼气回收利用工程（CCER-15-001-V01）》等2项方法学的通知（环办气候函〔2025〕473号）,https://www.mee.gov.cn/xxgk2018/xxgk/xxgk06/202512/t20251217_1138026.html,https://www.cets.org.cn/（全国碳市场信息网）
CHNVTSVCMI01S014,子方案,自愿交易体系,自愿碳市场,农业、林业和其他土地利用,农业废弃物沼气利用,农业废弃物集中处理工程（CCER-15-002-V01）,Centralised Agricultural Waste Treatment Project (CCER-15-002-V01),N/A,农业废弃物集中处理工程方法学（CCER-15-002-V01）是生态环境部与农业农村部联合发布的农业领域CCER方法学之一。本方法学适用于畜禽粪污、秸秆、尾菜等农业废弃物厌氧处理工程，须安装厌氧消化反应器并对沼气进行回收利用（发电、供气或生产生物天然气），沼渣沼液须进行农田利用。项目业主须与畜禽养殖场户和种植场户签署合作协议，确保减排项目不重复申报。同一养殖场户只能与一个集中处理项目签署合作协议。计入期固定7年（可续）。额外性免予论证。,减缓气候变化,直接,供给侧,中国,国家,N/A,12/12/2025,12/12/2025,N/A,N/A,N/A,生效,生态环境部（应对气候变化司）；农业农村部,农业废弃物集中处理工程/核证自愿减排量（CCER）,新建,本方法学界定和覆盖的对象为对畜禽粪污、秸秆、尾菜等农业废弃物进行集中厌氧处理的工程设施，须安装厌氧消化反应器并对沼气进行发电、供气或生产生物天然气等回收利用。沼渣沼液须进行农田利用。,N/A,N/A,企业（农业废弃物集中处理项目业主）,在中华人民共和国境内依法成立、运营农业废弃物集中处理设施的法人或其他组织。项目业主须与畜禽养殖场户和种植场户签署合作协议，同一养殖场户只能与一个集中处理项目签署合作协议。,注册、许可及行政管理；融资与投资；减排或预防,项目业主依据方法学界定项目边界和原料来源，编制项目设计文件并经审定机构审定；项目运行后对进料量、沼气产生量、甲烷浓度、发电量/供气量、运输距离等参数进行监测和核算；编制减排量核算报告经核查机构核查后申请CCER签发。,70.76,元/吨,尚无农业废弃物集中处理CCER的独立分类交易价格数据，表中数值为2025年全国CCER综合交易均价（70.76元/吨，来源：北京绿色交易所）。,1）须处理畜禽粪污、秸秆、尾菜等农业废弃物；2）须安装厌氧消化反应器并对沼气进行回收利用；3）沼渣沼液须进行农田利用；4）项目业主须与养殖场户和种植场户签署合作协议；5）计入期固定7年（可续）；6）监测数据须与全国碳市场管理平台联网；7）额外性免予论证。,减排量 = 基准线甲烷排放量 - 项目甲烷排放量 - 泄漏量。采用「正算+反算」双重计算方法计算基准线甲烷排放量，取保守值。项目排放量包括厌氧消化反应器及管道甲烷逸散、沼渣沼液处理排放、外购电排放、运输排放和火炬燃烧排放。,N/A（仅规定一种核算方法）,项目业主通过签发和销售CCER获得碳收益；沼气发电、供气或生物天然气销售形成额外收入；沼渣沼液农田利用可替代化肥。,项目业主对进料量、沼气产生量、甲烷体积浓度、发电量/供气量、运输车辆往返距离、运输废弃物质量等关键参数进行持续监测；监测数据须与全国碳市场管理平台联网并每小时上传一次。,项目业主提供虚假材料：处1万-10万元罚款并撤销登记、三年内不再受理；审定与核查机构违规：处5万-20万元罚款。,N/A（减排量取决于项目规模和自愿开发情况）,N/A,A01,CH4,正向,污染防治；资源节约；绿色产业发展；空气污染物减排,关于印发《温室气体自愿减排项目方法学 规模化猪场粪污沼气回收利用工程（CCER-15-001-V01）》等2项方法学的通知（环办气候函〔2025〕473号）,https://www.mee.gov.cn/xxgk2018/xxgk/xxgk06/202512/t20251217_1138026.html,https://www.cets.org.cn/（全国碳市场信息网）
CHNVTSVCMI01S015,子方案,自愿交易体系,自愿碳市场,建筑,建筑节能改造,既有公共建筑围护结构与供暖通风空调系统能效提升（CCER-06-001-V01）,Energy Efficiency Improvement of Existing Public Building Envelope and HVAC Systems (CCER-06-001-V01),N/A,既有公共建筑围护结构与供暖通风空调系统能效提升方法学（CCER-06-001-V01）是生态环境部与住房和城乡建设部联合发布的我国建筑领域首个CCER方法学。公共建筑能耗占全国建筑能耗总量的36%，围护结构与暖通空调系统对公共建筑碳排放的影响合计超过80%。本方法学适用于使用功能一致的既有公共建筑，须同时包含围护结构改造（外墙保温、换窗等）和暖通空调系统改造（更换高效冷热源机组等）中至少各一种措施。同一省内多个建筑可打包申报，年减排量上限6万吨CO₂e。计入期最长10年。额外性免予论证。,减缓气候变化,直接,供给侧,中国,国家,N/A,19/12/2025,19/12/2025,N/A,N/A,N/A,生效,生态环境部（应对气候变化司）；住房和城乡建设部,既有公共建筑能效提升改造项目/核证自愿减排量（CCER）,新建,本方法学界定和覆盖的对象为使用功能一致的既有公共建筑，改造须同时包含围护结构改造（外墙外保温/内保温、换整窗、加窗、更换透明幕墙和采光顶等）和暖通空调系统改造（更换高效冷水机组、热泵机组、多联式空调机组等）中至少各一种措施。不包含燃气冷热电联供等化石能源系统。基准期须连续稳定运行24个月且每月使用时间不少于160小时。,N/A,N/A,企业/机构（建筑产权所有者或其授权法人）,既有公共建筑的产权所有者或其授权的法人主体，可自愿依据方法学实施能效提升改造并申请CCER登记。同一省内的多个建筑可打包合并申报。,注册、许可及行政管理；融资与投资；减排或预防,项目业主依据方法学界定项目边界和基准期能耗水平，实施围护结构和暖通空调系统能效提升改造，编制项目设计文件并经审定机构审定；改造后对建筑能耗数据进行持续监测，按方法学规定核算减排量；编制减排量核算报告经核查机构核查后申请CCER签发。,70.76,元/吨,尚无建筑领域CCER的独立分类交易价格数据，表中数值为2025年全国CCER综合交易均价（70.76元/吨，来源：北京绿色交易所）。,1）建筑须在基准期和计入期内使用功能一致；2）须同时包含围护结构改造和暖通空调系统改造各至少一种措施；3）基准期须连续稳定运行24个月且月使用时间不少于160小时；4）不包含燃气冷热电联供、燃煤锅炉等化石能源系统；5）须安装连续监测计量装置与全国碳市场管理平台联网；6）计入期最长10年；7）同一省内多建筑可打包申报，年减排量上限6万吨CO₂e；8）额外性免予论证。,减排量 = 基准期排放量 - 计入期排放量 - 新增HFCs制冷剂泄漏排放当量（如适用）。采暖度日数或供冷度日数变化超20%时年减排量计为0，月使用时间不足160小时则该月减排量计为0。,N/A（仅规定一种核算方法）,项目业主通过签发和销售CCER获得碳收益；建筑能效提升可直接降低运营能源成本；多数项目收益率可提升3%-8%。,项目业主对建筑能耗数据进行持续监测，电能表、热量表等须经CNAS认可机构每年校准；能耗数据每分钟上传至全国碳市场管理平台；全部数据在最后一期减排量登记后至少保存10年。,项目业主提供虚假材料：处1万-10万元罚款并撤销登记、三年内不再受理；审定与核查机构违规：处5万-20万元罚款。,N/A（减排量取决于改造规模和自愿开发情况，2028年预计46万吨CO₂/年）,N/A,F41,CO2; HFCs,正向,能效提升；能源消耗减少；绿色产业发展；技术创新,关于印发《温室气体自愿减排项目方法学 既有公共建筑围护结构与供暖通风空调系统能效提升（CCER-06-001-V01）》的通知（环办气候函〔2025〕485号）,https://www.mee.gov.cn/xxgk2018/xxgk/xxgk06/202512/t20251223_1138457.html,https://www.cets.org.cn/（全国碳市场信息网）
CHNVTSVCMI01S016,子方案,自愿交易体系,自愿碳市场,能源,可再生能源电解水制氢,可再生能源电解水制氢（CCER-01-004-V01）,Renewable Energy Electrolytic Hydrogen Production (CCER-01-004-V01),N/A,可再生能源电解水制氢方法学（CCER-01-004-V01）是生态环境部与国家能源局联合发布的我国氢能领域首个CCER方法学，标志着绿氢环境价值实现市场化变现的关键突破。本方法学仅适用于新建的可再生能源电解水制氢项目（不含改造、修复、翻新、更换或扩容），消耗的可再生能源电力须源自项目自有的风力发电厂、光伏发电厂或其组合（自发自用且与制氢装置同属一个法人）。自有可再生能源电厂与终端氢制品不得参与其他温室气体自愿减排交易机制。计入期固定7年（可续）。额外性免予论证。据估算，2030年符合要求的项目年减排量有望达6000万吨CO₂。,减缓气候变化,直接,供给侧,中国,国家,N/A,23/12/2025,23/12/2025,N/A,N/A,N/A,生效,生态环境部（应对气候变化司）；国家能源局,可再生能源电解水制氢项目/核证自愿减排量（CCER）,新建,本方法学界定和覆盖的对象为新建的可再生能源电解水制氢项目（不含改造、修复、翻新、更换或扩容项目）。项目消耗的可再生能源电力须源自自有风电/光伏电厂，自发自用且与制氢装置同属一个法人。基准线情景为可再生氢由既有或拟建的化石燃料制氢装置替代生产。,N/A,N/A,企业（可再生能源制氢项目业主）,在中华人民共和国境内依法成立、拥有自有可再生能源电厂和电解水制氢设施的法人或其他组织，可自愿依据方法学开发项目并申请CCER登记。,注册、许可及行政管理；融资与投资；减排或预防,项目业主依据方法学界定项目边界和适用条件，建设自有风电/光伏电厂及电解水制氢装置，编制项目设计文件并经审定机构审定；项目运行后对制氢量、可再生能源发电量、电力消耗等参数进行监测和核算；编制减排量核算报告经核查机构核查后申请CCER签发。,70.76,元/吨,尚无氢能领域CCER的独立分类交易价格数据，表中数值为2025年全国CCER综合交易均价（70.76元/吨，来源：北京绿色交易所）。,1）仅适用于新建项目（不含改扩建）；2）自有风电/光伏电厂须与制氢装置同属一个法人；3）自有可再生能源电厂和终端氢制品不得参与其他自愿减排机制；4）计入期固定7年（可续）；5）消耗的下网电量排放不计入项目排放，项目排放直接计为0；6）额外性免予论证。,减排量 = 基准线排放量 - 项目排放量。基准线排放量为项目出售的可再生氢由化石燃料制氢替代生产的排放量（煤制氢默认值19 tCO₂/tH₂，天然气制氢默认值9 tCO₂/tH₂）；项目排放量计为0（消耗的下网电量排放不计入）。,N/A（仅规定一种核算方法）,项目业主通过签发和销售CCER获得碳收益，打通绿氢绿色价值变现渠道；据估算2030年符合要求的项目年减排量有望达6000万吨CO₂，每年可创造数十亿元的绿色收益。,项目业主按方法学规定对制氢量、可再生能源发电量、外购电量等参数进行持续监测，监测数据须与全国碳市场管理平台联网；省级和设区的市级生态环境主管部门会同能源主管部门开展监督检查。,项目业主提供虚假材料：处1万-10万元罚款并撤销登记、三年内不再受理；审定与核查机构违规：处5万-20万元罚款。,N/A（减排量取决于项目规模和自愿开发情况）,N/A,D35,CO2,正向,可再生能源发展；技术创新；绿色产业发展；空气污染物减排,关于印发《温室气体自愿减排项目方法学 可再生能源电解水制氢（CCER-01-004-V01）》等2项方法学的通知（环办气候函〔2025〕491号）,https://www.mee.gov.cn/xxgk2018/xxgk/xxgk06/202512/t20251226_1139056.html,https://www.cets.org.cn/（全国碳市场信息网）
CHNVTSVCMI01S017,子方案,自愿交易体系,自愿碳市场,能源,电气设备SF6回收净化,电气设备六氟化硫回收和净化（CCER-11-001-V01）,SF6 Recovery and Purification from Electrical Equipment (CCER-11-001-V01),N/A,"电气设备六氟化硫回收和净化方法学（CCER-11-001-V01）是生态环境部与国家能源局联合发布的首个SF6领域CCER方法学，填补了全国自愿减排交易市场在SF6电气装备领域的空白。六氟化硫（SF6）是强效温室气体，全球变暖潜能值（GWP）为CO2的23,500倍（IPCC第五次评估报告）。本方法学适用于接入电网的66千伏及以上电压等级SF6电气设备在检修和退役时的回收和净化，回收净化后的SF6须满足GB/T 12022标准并回用。计入期最短10年。同一省内多个变电站项目可合并申请。减排量每5年或不到5年核算一次。据测算年减排潜力可达320万吨CO2当量。",减缓气候变化,直接,供给侧,中国,国家,N/A,23/12/2025,23/12/2025,N/A,N/A,N/A,生效,生态环境部（应对气候变化司）；国家能源局,电气设备六氟化硫回收和净化项目/核证自愿减排量（CCER）,新建,本方法学界定和覆盖的对象为接入电网的66千伏及以上电压等级SF6电气设备在检修和退役时的回收和净化活动。回收净化后的SF6须满足GB/T 12022《工业六氟化硫》标准并予以回用。基准线情景为90%的SF6回收净化回用、10%排空。,N/A,N/A,企业（电气设备产权所有者或其授权主体）,SF6电气设备产权所有者（含履行所有者职责的法人单位）或其授权的相关主体。位于同一省（自治区、直辖市）内多个变电站的项目可合并申请，须取得全部设备所有者的授权。,注册、许可及行政管理；融资与投资；减排或预防,项目业主依据方法学界定项目边界，对66kV及以上SF6电气设备检修和退役过程中填充的SF6进行回收和净化处理并回用，替代购买新气；采用磅秤和质量流量计双重交叉验证测量回收SF6重量，确保数据精度。编制监测报告经核查机构核查后申请CCER签发。,70.76,元/吨,尚无SF6领域CCER的独立分类交易价格数据，表中数值为2025年全国CCER综合交易均价（70.76元/吨，来源：北京绿色交易所）。,1）须为66千伏及以上电压等级SF6电气设备的检修和退役回收净化；2）回收净化后SF6须满足GB/T 12022标准并回用；3）计入期最短10年；4）减排量每5年或不到5年核算一次，单台设备在计入期内仅可申请一次检修减排量；5）须使用磅秤和质量流量计双重交叉验证，保守取值；6）监测数据须与全国碳市场管理平台联网；7）额外性免予论证。,"减排量 =（基准线排空量 - 项目排空量）× SF6的GWP（23,500）。基准线排空比例为回收前SF6保有量的10%；项目实际排空量 = 回收前保有量 - 净化后SF6量 - 销毁量。采用磅秤（精度III级）和质量流量计（精度1.0级）双重交叉验证，采纳更保守的测量值。",N/A（仅规定一种核算方法）,项目业主通过签发和销售CCER获得碳收益；回收净化后的SF6回用可替代购买新气降低物料成本。据测算年减排潜力320万吨CO2e，2030年可增至600万吨。,项目业主须建立内部数据质量保障管理制度；计量装置在检定有效期内并每年校准；监测数据每分钟上传全国碳市场管理平台；全部数据在最后一期减排量登记后至少保存10年。未校准或延迟校准应进行保守性处理。,项目业主提供虚假材料：处1万-10万元罚款并撤销登记、三年内不再受理；审定与核查机构违规：处5万-20万元罚款。,N/A（减排量取决于项目规模和自愿开发情况，年减排潜力约320万吨CO2e）,N/A,D35,SF6,正向,资源节约；技术创新；污染防治,关于印发《温室气体自愿减排项目方法学 可再生能源电解水制氢（CCER-01-004-V01）》等2项方法学的通知（环办气候函〔2025〕491号）,https://www.mee.gov.cn/xxgk2018/xxgk/xxgk06/202512/t20251226_1139056.html,https://www.cets.org.cn/（全国碳市场信息网）
CHNVTSVCMI01S018,子方案,自愿交易体系,自愿碳市场,能源,中深层地热能供暖,中深层地热能井下换热供暖技术应用工程（CCER-01-003-V01）,Medium-Deep Geothermal Downhole Heat Exchange Heating Technology Application Project (CCER-01-003-V01),N/A,中深层地热能井下换热供暖技术应用工程方法学（CCER-01-003-V01）是生态环境部会同住房和城乡建设部、国家能源局联合发布的地热能供暖领域首项CCER方法学。本方法学适用于利用井下换热技术开发中深层地热能为民用建筑及工业建筑供暖并计价收费的项目，不包括浅层地源热泵、中深层水热型抽采回灌等工程。项目须使用热泵机组、板式换热器进行热能提取，与其他热源共用管网时须具备独立连续监测系统。计入期最长10年。截至2025年供暖季，全国应用面积约1500万平方米，在建约5000万平方米。额外性免予论证。,减缓气候变化,直接,供给侧,中国,国家,N/A,25/12/2025,25/12/2025,N/A,N/A,N/A,生效,生态环境部（应对气候变化司）；住房和城乡建设部；国家能源局,中深层地热能井下换热供暖工程/核证自愿减排量（CCER）,新建,本方法学界定和覆盖的对象为利用井下换热技术（取热不取水）开发中深层地热能（200-4000m）为民用及工业建筑供暖并计价收费的工程。项目须使用热泵机组、板式换热器进行热能提取，并设置供热一次和二次输配管网。不适用于浅层地源热泵、中深层水热型抽采回灌及既有工程新增地热井。,N/A,N/A,企业（地热能供暖工程产权所有者或其授权主体）,中深层地热能井下换热供暖技术应用工程的产权所有者或其授权的法人主体。位于同一省（自治区、直辖市）内的多个技术应用工程可合并申请。,注册、许可及行政管理；融资与投资；减排或预防,项目业主依据方法学界定项目边界和适用条件，建设井下换热供暖工程，编制项目设计文件并经审定机构审定；项目运行后对供热量、运维耗电量、天然气消耗量等参数进行持续监测和核算；编制减排量核算报告经核查机构核查后申请CCER签发。,70.76,元/吨,尚无地热能领域CCER的独立分类交易价格数据，表中数值为2025年全国CCER综合交易均价（70.76元/吨，来源：北京绿色交易所）。,1）须利用井下换热技术开发中深层地热能为建筑供暖并计价收费；2）使用热泵机组、板式换热器提取热能并设置一二次输配管网；3）与其他热源共用管网时须具备独立连续监测系统；4）计入期最长10年；5）监测数据须与全国碳市场管理平台联网并每分钟上传；6）额外性免予论证。,减排量 = 天然气供暖设施等量供热量排放量 - 项目运维耗电与化石燃料排放量 - 热泵机组制冷剂泄漏排放量。基准线情景为项目供热量由既有或拟建天然气供暖设施替代生产。共涉及14项参数，其中项目供热量、运维耗电量和天然气消耗量3项需企业自测。,N/A（仅规定一种核算方法）,项目业主通过签发和销售CCER获得碳收益；据典型示范工程测算，每百万平方米井下换热技术应用面积每年可获得CCER收益约100-150万元。,项目业主按方法学规定对供热量、运维耗电量、天然气消耗量等参数进行持续监测，监测数据每分钟上传全国碳市场管理平台；计量装置在检定有效期内并每年校准；全部数据在最后一期减排量登记后至少保存10年。,项目业主提供虚假材料：处1万-10万元罚款并撤销登记、三年内不再受理；审定与核查机构违规：处5万-20万元罚款。,N/A（减排量取决于项目规模和自愿开发情况）,N/A,D35,CO2,正向,可再生能源发展；能源安全；技术创新；空气污染物减排,关于印发《温室气体自愿减排项目方法学 中深层地热能井下换热供暖技术应用工程（CCER-01-003-V01）》的通知（环办气候函〔2025〕493号）,https://www.mee.gov.cn/xxgk2018/xxgk/xxgk06/202512/t20251226_1139063.html,https://www.cets.org.cn/（全国碳市场信息网）
CHNVIISFTI01S000,工具,自愿性信息工具,可持续金融分类目录,跨部门,N/A,绿色金融支持项目目录,Green Finance Endorsed Project Catalogue,N/A,绿色金融支持项目目录是由中国人民银行会同金融监管部门发布的绿色金融标准类自愿性工具，通过统一界定各类绿色金融产品所支持项目的范围和认定标准，为绿色贷款、绿色债券等绿色金融产品的识别、认定和信息披露提供依据，引导金融资源投向绿色低碳领域。目录以项目活动为基础分级分类，涵盖节能降碳、环境保护、资源循环利用、绿色能源低碳转型、生态保护修复和利用、绿色基础设施升级、绿色服务、绿色贸易、绿色消费等领域，对纳入项目明确界定条件、国民经济行业分类代码和温室气体减排贡献属性标识。目录建设可追溯至2015年《绿色债券支持项目目录（2015年版）》（中国人民银行公告〔2015〕第39号），2021年修订为《绿色债券支持项目目录（2021年版）》（银发〔2021〕96号，由中国人民银行、发展改革委、证监会联合印发，自2021年7月1日起施行）；2025年在《绿色低碳转型产业指导目录（2024年版）》和《绿色债券支持项目目录（2021年版）》基础上修订形成《绿色金融支持项目目录（2025年版）》（银发〔2025〕132号，由中国人民银行、金融监管总局、中国证监会联合印发，自2025年10月1日起施行），统一适用于各类绿色金融产品。发行主体和金融机构参照目录开展绿色项目认定和信息披露，参与为自愿性质。,引导绿色投资,间接,环境,中国,国家,N/A,22/12/2015,22/12/2015,N/A,01/10/2025,目录建设可追溯至2015年12月22日《绿色债券支持项目目录（2015年版）》（中国人民银行公告〔2015〕第39号，我国首份绿色债券界定与分类文件）。2021年修订为《绿色债券支持项目目录（2021年版）》（银发〔2021〕96号，由中国人民银行、发展改革委、证监会联合印发，自2021年7月1日起施行），以《绿色产业指导目录（2019年版）》为基础统一绿色债券标准。2025年在《绿色低碳转型产业指导目录（2024年版）》和《绿色债券支持项目目录（2021年版）》基础上修订形成《绿色金融支持项目目录（2025年版）》（银发〔2025〕132号，成文2025年6月27日，自2025年10月1日起施行），由中国人民银行、金融监管总局、中国证监会联合印发，统一绿色贷款、绿色债券等各类绿色金融产品适用标准，设9大领域，新增国民经济行业分类代码和温室气体减排贡献属性标识。,生效,中国人民银行、金融监管总局、中国证监会（2025年版）；中国人民银行、国家发展改革委、中国证监会（绿色债券目录2021年版）；中国人民银行（绿色债券目录2015年版）,绿色金融产品（绿色贷款、绿色债券等）,N/A,本工具为绿色金融标准目录，界定对象为绿色贷款、绿色债券等各类绿色金融产品，通过统一其所支持项目的范围和认定标准，为绿色金融产品的识别、认定和信息披露提供依据。目录所支持的绿色低碳项目涵盖节能降碳、环境保护、资源循环利用、绿色能源、生态保护修复、绿色基础设施、绿色服务、绿色贸易、绿色消费等领域符合条件的项目，不直接监管实体排放资产。,N/A,N/A,企业,绿色债券发行主体、绿色贷款融资主体等市场主体，以及提供绿色金融产品和服务的金融机构。发行主体和金融机构参照目录开展绿色项目认定和信息披露，参与为自愿性质，无强制性义务。,融资与投资,本工具规范的受规制活动为面向绿色低碳领域的各类绿色金融融资与投资活动，涵盖绿色贷款、绿色债券、绿色投资、绿色保险等绿色金融产品的提供与配置。目录通过统一界定各类绿色金融产品所支持项目的范围和认定标准，引导融资与投资资源流向符合条件的绿色低碳项目。发行主体和金融机构参照目录开展绿色项目认定和信息披露，参与为自愿性质。,N/A,N/A,N/A,1）目录按领域分级分类列出绿色金融支持项目，对纳入项目明确界定条件、国民经济行业分类代码和温室气体减排贡献属性标识；2）目录统一适用于各类绿色金融产品（沪深北交易所上市及股票发行、新三板挂牌及股票发行业务暂不适用）；3）发行主体和金融机构参照目录开展绿色项目认定和信息披露，参与为自愿性质，无强制处罚；4）做好与绿色贷款、绿色债券等产品历史标准的衔接；5）目录适时调整修订。,N/A,N/A,纳入目录的项目可获得绿色贷款、绿色债券等绿色金融产品的资金支持和市场认可；统一标准有助于降低识别成本、提升绿色金融资产管理效率，增强绿色项目的融资便利。,发行主体和金融机构参照目录自行开展绿色项目认定并进行信息披露；由相关业务主管部门在绿色金融产品管理中结合目录进行业务规范和指导，无强制性合规监测处罚。,N/A（本工具为自愿性绿色金融标准目录，不设违规制裁）,N/A（本工具为绿色金融标准目录，通过统一绿色项目认定标准并引导资金投向绿色低碳项目间接支持减排，无直接可量化的温室气体排放覆盖量）,N/A（本工具为间接绿色金融标准工具，无直接的温室气体排放覆盖占比）,K64,CO2; CH4; N2O,正向,绿色产业发展；污染防治；资源节约；循环经济；生态保护,中国人民银行 金融监管总局 中国证监会关于印发《绿色金融支持项目目录（2025年版）》的通知（银发〔2025〕132号）,https://www.gov.cn/zhengce/zhengceku/202507/content_7032004.htm,https://www.gov.cn/zhengce/zhengceku/2021-04/22/content_5601284.htm；https://www.pbc.gov.cn/tiaofasi/144941/3581332/3588085/index.html
CHNVIIVPGI01S000,工具,自愿性信息工具,自愿性采购指南,跨部门,N/A,企业绿色采购指南,Enterprise Green Procurement Guide,N/A,企业绿色采购指南（试行）由商务部、环境保护部（现生态环境部）、工业和信息化部三部门联合印发，是中国首份国家层面引导企业开展绿色采购和绿色供应链管理的自愿性信息工具，旨在引导企业将环境保护和资源节约理念融入采购决策全流程，推动绿色供应链建设。指南共六章三十条，涵盖采购原则、绿色产品和供应商识别、采购流程管理和政府引导等内容。第一章总则明确绿色采购应遵循“经济效益与环境效益兼顾”、“打造绿色供应链”、“企业主体与政府引导相结合”三项原则，要求企业制定绿色采购方案。第二章界定四类绿色产品标准：产品设计采用绿色理念、生产过程推行清洁生产、使用过程低消耗低排放、废弃后可回收利用。第三章建立供应商绿色筛选机制：提出供应商环境信用评级、清洁生产审核、ISO 14001/ISO 50001认证等9条优先采购标准，以及环境刑事处罚记录、重大环境污染事件、排放不达标等9条采购排除标准。第四章明确绿色采购与供应商管理要求，包括招标文件中设定绿色权重、引入价格优惠或份额激励等正激励机制。第五章规定政府部门引导职责，包括发布绿色产品清单、建立供应商环境信用信息平台和绿色采购信息服务平台。企业参与为自愿性质，不设强制性合规义务和处罚。,促进绿色采购,直接,环境,中国,国家,N/A,22/12/2014,01/01/2015,N/A,N/A,N/A,生效,商务部（流通发展司）；环境保护部（现生态环境部）；工业和信息化部,企业采购的货物与服务（绿色采购）,N/A,本工具界定和覆盖的对象为企业采购的各类原材料、产品和服务。指南通过设定绿色产品和绿色供应商标准，引导企业在采购环节将环境绩效作为采购决策依据。重点关注产品全生命周期的环境影响，包括设计阶段的绿色理念、生产阶段的清洁生产水平、使用阶段的能源消耗和污染物排放、以及废弃后的回收利用和处理。指南为推荐性和指导性质，不直接监管实体排放资产。,N/A,N/A,企业,所有开展原材料、产品和服务采购活动的企业，包括但不限于制造业企业、流通企业和大型采购企业。企业可参照指南自愿建立绿色采购制度、设定绿色采购目标和供应商筛选标准，并将环境绩效纳入采购评价体系。参与为自愿性质，不设强制性合规义务和处罚。,消费与使用,本指南引导和规范的受规制活动为企业的采购和消费行为，涵盖原材料采购、产品采购和服务采购等各类采购活动，以及相应的供应商筛选和管理。指南通过设定绿色供应商标准和绿色产品识别准则，引导企业在采购决策中系统纳入环境保护和温室气体减排因素，优先采购符合绿色标准的产品和服务，优先选择环境信用良好的供应商。企业自愿采纳，无强制性合规义务。,N/A,N/A,N/A,1）企业绿色采购应遵循经济效益与环境效益兼顾、打造绿色供应链、企业主体与政府引导相结合三项原则；2）企业应制定绿色采购方案，明确绿色采购目标、供应商筛选标准和绩效评估机制；3）优先采购符合绿色产品标准的产品（产品设计采用绿色理念、生产过程推行清洁生产、使用过程低消耗低排放、废弃后可回收利用）；4）依据9条优先标准和9条排除标准对供应商进行绿色筛选，禁止采购列入淘汰或禁止目录的产品；5）可在招标文件中设定绿色权重，对达到绿色标准的供应商给予价格优惠或份额激励；6）参与为自愿性质，不设强制性合规义务和处罚。,N/A,N/A,企业采纳绿色采购可获得市场认可和竞争优势，优先列入政府部门发布的绿色采购典型案例和最佳实践推广；与绿色金融、政府采购优惠政策衔接，绿色采购企业可能获得融资便利和政府采购倾斜；利用政府部门建立的绿色产品清单和供应商环境信用信息平台降低绿色采购信息搜寻成本。,企业参照指南自行开展绿色采购管理和供应商环境绩效评估，自愿披露绿色采购信息；政府部门通过行业调查和信息平台了解企业绿色采购实践情况，无强制性合规监测要求。,N/A（自愿性指南，无违规制裁。指南为推荐性和指导性质，企业自愿采纳，不设强制性合规义务和处罚。）,N/A（本工具为自愿性信息工具，通过引导企业自愿采纳绿色采购实践间接促进减排，无直接可量化的温室气体排放覆盖量）,N/A（本工具为间接自愿性工具，无直接的温室气体排放覆盖占比）,C10; C11; C12; C13; C14; C15; C16; C17; C18; C19; C20; C21; C22; C23; C24; C25; C26; C27; C28; C29; C30; C31; C32; C33,CO2; CH4; N2O,正向,绿色产业发展；污染防治；资源节约；循环经济,商务部 环境保护部 工业和信息化部关于印发《企业绿色采购指南（试行）》的通知（商流通函[2014]973号）,https://www.mee.gov.cn/gkml/hbb/gwy/201412/t20141226_293493.htm,https://policy.mofcom.gov.cn/claw/clawContent.shtml?id=6413
CHNVIIVCNI01S000,工具,自愿性信息工具,自愿碳中和方法,跨部门,N/A,大型活动碳中和实施指南,Implementation Guide for Carbon Neutrality of Large-Scale Events,N/A,大型活动碳中和实施指南（试行）由生态环境部发布，是为大型活动组织者自愿实施碳中和提供标准化方法论的自愿性信息类工具，旨在鼓励各类大型活动通过核算、减排和抵消三个步骤实现温室气体净零排放。指南适用对象包括演出、赛事、会议、展览、庆典等各类大型活动，覆盖活动筹备、举办和收尾阶段的全生命周期温室气体排放。指南建立了「核算排放、实施减排、购买抵消」的三步框架：（1）核算——界定核算边界和排放源（化石燃料燃烧、净购入电力/热力、交通、住宿、餐饮、活动用品隐含排放、废弃物处理等），编制温室气体排放清单；（2）减排——通过绿色场馆、绿色交通、绿色住宿、绿色餐饮、无纸化办公、垃圾分类等措施减少活动自身排放；（3）抵消——优先采用经国家或地方认可的碳信用进行抵消，包括全国碳排放权交易配额、CCER、省级碳普惠减排量、清洁发展机制中国项目减排量等。活动组织者完成上述步骤后可依据指南声明大型活动碳中和。指南为自愿性质，不设强制性合规义务和处罚。,减缓气候变化,直接,环境,中国,国家,N/A,29/05/2019,29/05/2019,N/A,N/A,N/A,生效,生态环境部（应对气候变化司）,大型活动（演出、赛事、会议、展览、庆典等）,N/A,本工具界定和覆盖的对象为在中国境内举办的各类大型活动，包括但不限于体育赛事、文艺演出、大型会议、展览展销、节庆庆典等。指南涵盖活动筹备、举办和收尾阶段全生命周期的温室气体排放源，包括化石燃料燃烧排放、净购入电力/热力排放、交通排放、住宿餐饮排放、活动用品隐含排放和废弃物处理排放等。,N/A,N/A,企业,各类大型活动的主办单位、承办单位和组织者。活动组织者可依据指南自愿开展大型活动碳排放核算、减排和抵消并声明碳中和，参与为自愿性质，无强制性合规义务。,消费与使用,本工具引导和规范的受规制活动为大型活动的组织、举办和消费过程。指南通过「核算、减排、抵消」的三步框架，引导活动组织者在活动筹备、举办和收尾阶段核算温室气体排放，采取绿色场馆、绿色交通、绿色餐饮等措施减少活动自身排放，并通过购买经认可的碳信用抵消剩余排放，实现大型活动碳中和。参与为自愿性质。,N/A,N/A,N/A,1）大型活动碳中和实施应遵循「核算、减排、抵消」三步框架；2）核算边界应涵盖活动筹备、举办和收尾阶段的直接和间接温室气体排放；3）活动组织者应优先通过减排措施降低活动自身排放，再对无法减排的剩余排放进行碳抵消；4）碳抵消信用应符合指南规定的合格类型和准则（全国碳排放权交易配额、CCER、省级碳普惠减排量等）；5）鼓励活动组织者委托第三方机构对碳中和实施过程和结果进行独立评价或核查，并向社会公开相关信息；6）指南为自愿性质，不设强制性合规义务和处罚。,N/A,N/A,活动组织者完成碳中和后可依据指南声明大型活动碳中和，提升活动绿色品牌形象和社会影响力；部分地方对实施碳中和的大型活动给予宣传推广和表彰。,活动组织者自行开展碳排放核算和实施减排抵消措施；鼓励委托第三方机构对碳中和实施过程和结果进行独立评价和核查，但非强制要求。,N/A（本工具为自愿性碳中和方法指南，不设违规制裁）,N/A（本工具为自愿性碳中和方法工具，碳排放覆盖量取决于活动组织者自愿采纳的规模和程度，无直接可量化的固定覆盖量）,N/A（本工具为自愿性工具，碳排放覆盖占比取决于自愿采纳情况）,R93; S94,CO2; CH4; N2O,正向,公众健康；绿色产业发展；空气污染物减排,关于发布《大型活动碳中和实施指南（试行）》的公告（生态环境部公告2019年第19号）,https://www.mee.gov.cn/xxgk2018/xxgk/xxgk01/201906/t20190617_706706.html,https://www.gov.cn/gongbao/content/2019/content_5430516.htm
CHNVIIVIDI01S000,工具,自愿性信息工具,自愿性信息披露,跨部门,N/A,企业可持续披露准则,Corporate Sustainability Disclosure Standards,N/A,企业可持续披露准则是由财政部会同外交部、国家发展改革委、工业和信息化部、生态环境部、商务部、中国人民银行、国务院国资委、金融监管总局、中国证监会等九部门联合制定并发布的统一可持续信息披露准则体系，旨在建立国家统一的可持续信息披露基准，为企业提供标准化的可持续信息披露方法论和内容规范，提升披露信息的可比性和决策有用性。准则体系由基本准则、具体准则和应用指南三级构成，其中《企业可持续披露准则——基本准则（试行）》（财会〔2024〕17号）为体系首部文件，共六章31条，规定了可持续信息披露的基本概念、原则、方法和一般共性要求。准则借鉴国际可持续准则理事会（ISSB）S1准则的有益经验，结合中国国情，围绕治理、战略、风险和机遇管理、指标和目标四个核心要素构建披露框架。准则体系建设目标为到2027年出台基本准则和气候相关披露准则及应用指南，到2030年基本建成国家统一的可持续披露准则体系。实施策略为分步推进：从上市公司到非上市公司、从大型企业到中小企业、从定性要求到定量要求、从自愿披露到强制披露。当前阶段由企业自愿实施，不设强制合规义务和处罚。,规范企业可持续信息披露，提高信息透明度和可比性,间接,环境,中国,国家,N/A,20/11/2024,17/12/2024,N/A,19/12/2025,2025年12月19日，财政部会同生态环境部、外交部、国家发展改革委、工业和信息化部、商务部、中国人民银行、国务院国资委、金融监管总局、中国证监会等9部门联合印发《企业可持续披露准则第1号——气候（试行）》（财会〔2025〕34号），作为准则体系的首个具体准则，规范企业与气候相关风险、机遇和影响的信息披露，涵盖气候相关风险和机遇的识别与评估、转型计划和气候韧性、温室气体排放等核心披露要求。该准则与ISSB的IFRS S2气候相关披露准则总体衔接，由企业自愿实施。,生效,财政部（会计司，牵头）；外交部；国家发展和改革委员会；工业和信息化部；生态环境部；商务部；中国人民银行；国务院国有资产监督管理委员会；国家金融监督管理总局；中国证券监督管理委员会,可持续/ESG信息（披露对象）,N/A,本工具界定和覆盖的对象为企业可持续信息披露所涉及的可持续风险和机遇相关信息，涵盖治理、战略、风险和机遇管理、指标和目标四个核心披露要素。企业披露的可持续信息应涵盖其价值链范围内的可持续风险和机遇，包括气候、污染、水资源、生物多样性、循环经济等环境议题，员工权益、消费者保护、社区关系、乡村振兴等社会议题，以及商业行为等治理议题。,N/A,N/A,企业,在中华人民共和国境内注册的企业。当前阶段由企业自愿参照准则进行可持续信息披露，未来将分步扩展至上市公司、非上市公司、大型企业和中小企业。准则不设强制性合规义务和行政处罚，企业可自主决定是否应用、应用的程度和应用的时间表。,注册、许可及行政管理,本工具规范和引导的活动为企业参照统一准则框架进行可持续信息披露的全过程，包括：识别和评估可持续风险和机遇；确定披露范围和边界；按照治理、战略、风险和机遇管理、指标和目标四个核心要素编制可持续信息报告；确保信息满足可靠性、相关性、可比性、可验证性、可理解性和及时性等质量要求；将可持续信息与财务报表信息进行关联；以及通过年度报告、可持续发展报告或专门环境信息报告等载体对外公开披露。参与为自愿性质。,N/A,N/A,N/A,1）披露信息须覆盖治理（可持续风险和机遇的治理架构）、战略（可持续风险和机遇对企业的财务影响和战略韧性）、风险和机遇管理（识别、评估、优先排序和监控流程）、指标和目标（可量化的可持续相关绩效指标和进展）四个核心要素；2）披露信息须满足可靠性、相关性、可比性、可验证性、可理解性和及时性六个信息质量要求；3）企业须披露可持续风险和机遇的当期和预期财务影响，以及战略和业务模式对可持续风险的韧性；4）披露应涵盖价值链范围内的重要可持续风险和机遇；5）企业应说明可持续信息报告与财务报表报告之间的关系和关联信息；6）当前阶段由企业自愿实施，不设强制合规义务和处罚。,N/A,N/A,采纳准则进行可持续信息披露的企业可提升信息披露质量和国际可比性，获得投资者、债权人等利益相关方的信任；高质量可持续信息披露有助于企业获得绿色金融产品支持和ESG投资；准则与国际ISSB准则总体衔接，有助于企业应对国际可持续信息披露要求和跨境资本流动需求。,当前自愿实施阶段无强制性合规监测要求。财政部将会同相关部门对准则实施情况进行跟踪评估，适时调整实施范围和强制要求。企业自愿进行的可持续信息披露可由第三方机构提供鉴证服务。,N/A（自愿性披露标准，不设违规制裁。当前阶段由企业自愿实施，无强制合规义务和处罚。）,N/A（本工具为自愿性披露准则框架，碳排放覆盖量取决于自愿采纳准则进行气候相关信息披露的企业数量和披露范围，无直接可量化的固定覆盖量）,N/A（本工具为自愿性工具，碳排放覆盖占比取决于自愿采纳情况）,M72,CO2; CH4; N2O,正向,技术创新；绿色产业发展；能源消耗减少,财政部等部门关于印发《企业可持续披露准则——基本准则（试行）》的通知（财会〔2024〕17号）,http://kjs.mof.gov.cn/zhengcefabu/202412/t20241216_3949745.htm,https://www.casc.org.cn/2025/1225/278706.shtml
CHNVIIVIDI02S000,工具,自愿性信息工具,自愿性信息披露,跨部门,N/A,金融机构环境信息披露指南,Environmental Information Disclosure Guidelines for Financial Institutions,N/A,金融机构环境信息披露指南是由中国人民银行制定并发布的推荐性金融行业标准（JR/T 0227—2021），为金融机构提供环境信息披露的框架性指引，引导金融机构规范开展环境信息披露。指南规定了金融机构在环境信息披露过程中应遵循的原则（真实性、及时性、一致性、连贯性）、披露形式和频次（鼓励每年至少对外披露一次，可编制专门环境信息报告、在社会责任报告中披露或在年度报告中披露），以及披露的核心内容要素：年度概况、治理结构、政策制度、产品与服务创新、风险管理流程、投融资活动的环境影响、经营活动的环境影响、数据梳理校验与保护、绿色金融创新研究成果等。指南适用于在中国境内依法设立的银行、资产管理、保险、信托、期货、证券等金融机构。标准为推荐性标准，金融机构自愿采纳，不设强制合规义务和处罚。,规范金融机构环境信息披露，提升金融领域环境信息透明度,间接,环境,中国,国家,N/A,22/07/2021,22/07/2021,N/A,N/A,N/A,生效,中国人民银行（研究局、科技司）；全国金融标准化技术委员会（SAC/TC 180）,环境信息（披露对象）,N/A,本工具界定和覆盖的对象为金融机构在经营活动和投融资活动中涉及的环境信息，具体包括：金融机构绿色金融年度概况（绿色金融发展战略、目标及年度成效）；环境相关治理结构（董事会及高管层对环境议题的监督职责）；环境相关政策制度（绿色金融相关内部制度和流程）；绿色金融产品与服务创新（绿色信贷、绿色债券、绿色保险、ESG投资等产品类型和规模）；环境风险管理流程（环境风险识别、评估、监测和应对机制）；投融资活动的环境影响（投融资组合的环境绩效指标如碳排放强度或减排量）；经营活动的环境影响（机构自身能源消耗、碳排放和资源使用等绿色运营指标）；以及数据梳理、校验与保护安排。,N/A,N/A,企业,在中华人民共和国境内依法设立的金融机构，包括银行机构（商业银行、政策性银行、农村合作银行、农村信用社等）、资产管理公司、保险公司、信托公司、期货公司、证券公司等。标准为推荐性行业标准，金融机构自愿采纳并根据自身实际情况确定披露程度和范围。,注册、许可及行政管理,本工具规范和引导的活动为金融机构参照指南进行环境信息披露的全过程，包括：建立环境信息披露治理架构和责任分工；识别和确定环境信息披露的范围和内容要素；建立环境信息数据收集、计量、校验和管理系统；选择适当的披露形式和载体（专门环境信息报告、社会责任报告或年度报告）；按照规定要素编制环境信息披露内容；以及通过公开发布渠道对外披露并接受社会监督。金融机构可自愿选择披露形式、频次和范围，鼓励每年至少对外披露一次。,N/A,N/A,N/A,1）披露应遵循真实性、及时性、一致性、连贯性四项原则；2）披露内容应涵盖年度概况、治理结构、政策制度、产品与服务创新、风险管理流程、投融资活动的环境影响、经营活动的环境影响、数据梳理校验与保护、绿色金融创新研究成果等核心要素；3）披露形式可采用专门环境信息报告、社会责任报告中披露或年度报告中披露等形式；4）鼓励每年至少对外披露一次；5）金融机构应建立数据收集、计量、校验和管理机制，确保披露信息准确可靠；6）标准为推荐性行业标准，金融机构自愿采纳，不设强制合规义务和处罚。,N/A,N/A,采纳指南进行环境信息披露的金融机构可提升自身环境风险管理和绿色金融发展水平，增强市场透明度和利益相关方信任；高质量环境信息披露有助于金融机构在绿色金融业绩评价中获得良好表现，并满足投资者和评级机构对环境信息的需求；绿色金融改革创新试验区等地区鼓励辖内金融机构率先实现环境信息全披露。,当前自愿采纳阶段无强制性合规监测要求。中国人民银行及相关金融监管部门对金融机构环境信息披露情况进行跟踪了解，绿色金融改革创新试验区等部分地区对辖内金融机构环境信息披露比例和披露质量进行监测和评估。金融机构可聘请第三方机构对环境信息进行独立鉴证。,N/A（推荐性行业标准，不设违规制裁。金融机构自愿采纳，无强制合规义务和处罚。）,N/A（本工具为自愿性披露指南，碳排放覆盖量取决于金融机构自愿采纳指南进行环境信息（包括投融资组合碳排放）披露的覆盖范围和披露深度，无直接可量化的固定覆盖量）,N/A（本工具为自愿性工具，碳排放覆盖占比取决于自愿采纳情况）,K64,CO2; CH4; N2O,正向,绿色产业发展；技术创新；能源消耗减少；污染防治,中国人民银行《金融机构环境信息披露指南》（JR/T 0227—2021）,https://std.samr.gov.cn/hb/search/stdHBDetailed?id=C8CBBCAE2F3D5981E05397BE0A0AB29C,N/A
CHNVIIVLBI01S000,工具,自愿性信息工具,自愿性认证标识,跨部门,N/A,节能低碳产品认证,Energy-Saving and Low-Carbon Product Certification,N/A,节能低碳产品认证是由市场监管总局牵头、多部门共同建立并实施的自愿性产品认证制度，在原有节能产品认证制度和低碳产品认证制度基础上整合而成，通过第三方检测和认证对终端用能产品的能效水平和全生命周期温室气体排放进行综合评价与标识，引导消费者选择节能低碳产品、促进企业提升产品能效和减少碳排放。制度可追溯至1999年《中国节能产品认证管理办法》（国家经贸委）建立的最早国家级自愿性节能产品认证体系，2013年《低碳产品认证管理暂行办法》（发改气候〔2013〕279号，由国家发展改革委和国家认监委联合印发）新增低碳产品认证维度。2016年国务院办公厅印发《关于建立统一的绿色产品标准、认证、标识体系的意见》（国办发〔2016〕86号），将节能和低碳产品认证纳入统一的绿色产品标识体系框架。2022年国务院办公厅印发《关于深化电子电器行业管理制度改革的意见》（国办发〔2022〕31号），将节能产品认证制度和低碳产品认证制度正式整合为节能低碳产品认证制度，由市场监管总局牵头制定认证规则，多部门共同制定标准，并统一纳入绿色产品认证与标识体系。通过认证的产品在政府采购中享受优先采购或强制采购政策。企业自愿申请认证，不设强制性合规义务和处罚。,促进能效提升和低碳生产消费,直接,环境,中国,国家,N/A,11/02/1999,11/02/1999,N/A,23/09/2022,制度追溯至1999年2月11日《中国节能产品认证管理办法》（国家经贸委）建立节能产品认证制度。2013年2月19日《低碳产品认证管理暂行办法》（发改气候〔2013〕279号，由国家发展改革委和国家认监委联合印发）建立低碳产品认证制度。2016年国务院办公厅印发《关于建立统一的绿色产品标准、认证、标识体系的意见》（国办发〔2016〕86号），将节能和低碳产品认证纳入统一的绿色产品标识体系框架。2022年9月23日国务院办公厅印发《关于深化电子电器行业管理制度改革的意见》（国办发〔2022〕31号），将节能产品认证制度和低碳产品认证制度正式整合为统一的节能低碳产品认证制度，由市场监管总局牵头制定认证规则，相关部门共同制定标准。,生效,国家市场监督管理总局（牵头，认证监督管理司）；国家发展和改革委员会；工业和信息化部；生态环境部。历史：国家经贸委（1999年节能产品认证）；国家发展改革委、国家认监委（2013年低碳产品认证）,终端用能产品（节能低碳认证对象）,新建；既有,本工具界定和覆盖的对象为通过节能低碳产品认证的各类终端用能产品，包括家用电器（空调、冰箱、洗衣机、电视等）、办公设备（计算机、打印机等）、照明产品（LED灯具等）、工业设备（电动机、变压器等）、建筑材料（节能门窗、保温材料等）和新能源产品（太阳能热水器等）。认证从能效水平和全生命周期碳排放两个维度对产品进行综合评价，产品须通过指定检测机构检测，满足相关节能低碳认证标准要求。,N/A,N/A,企业,终端用能产品的生产企业和销售企业。企业可自愿向经国家认可的认证机构申请节能低碳产品认证，经产品检测和工厂审查符合节能低碳认证标准后获得认证证书和标识使用权。参与为自愿性质，无强制性合规义务。,注册、许可及行政管理,本工具规范和引导的活动为终端用能产品的自愿性节能低碳产品认证与标识过程。企业自愿向经国家认可的认证机构提交认证申请，产品须通过能效和碳排放双重维度的检测与评价，经型式试验和工厂质量保证能力检查，符合节能低碳认证标准后颁发认证证书并授权使用标识。获证后须接受认证机构的年度监督检查。参与为自愿性质。,N/A,N/A,N/A,1）产品须符合相关能效标准和低碳产品认证技术规范中规定的节能评价值和碳排放限值要求；2）企业须通过型式试验（由指定检测机构对产品样品进行能效和碳排放检测）和工厂质量保证能力检查；3）获证后须接受认证机构的年度监督检查，确保持续符合认证要求；4）获证产品可在产品和包装上使用节能低碳产品认证标识；5）通过认证的产品在政府采购中享受优先采购或强制采购政策；6）企业自愿申请认证，不设强制性合规义务和处罚。,N/A,N/A,获得节能低碳产品认证的企业可在产品上使用认证标识，提升产品市场竞争力和消费者信任度；认证产品列入政府采购优先采购或强制采购清单；部分地方对获证产品和企业给予推广支持和资金奖励；认证与绿色金融政策衔接，获证企业和产品可获绿色信贷和绿色债券支持。,获证企业须接受认证机构的年度监督检查和产品抽样检测，确保持续符合节能低碳认证标准；认证机构对不符合要求的产品可暂停或撤销认证证书；市场监管部门和相关行业主管部门对认证活动实施监督。,N/A（自愿性认证标识，不设违规制裁。对未通过监督检查或不持续符合认证要求的产品和企业，认证机构可暂停或撤销其认证证书和标识使用权；存在弄虚作假的依法追究责任。）,N/A（本工具为自愿性认证标识工具，碳排放覆盖量取决于企业自愿申请认证的产品数量和节能减碳效果，无直接可量化的固定覆盖量）,N/A（本工具为自愿性工具，碳排放覆盖占比取决于自愿采纳情况）,C10; C11; C12; C13; C14; C15; C16; C17; C18; C19; C20; C21; C22; C23; C24; C25; C26; C27; C28; C29; C30; C31; C32; C33,CO2; CH4; N2O,正向,能效提升；能源消耗减少；空气污染物减排；技术创新；绿色产业发展,国务院办公厅《关于深化电子电器行业管理制度改革的意见》（国办发〔2022〕31号）,https://www.gov.cn/xinwen/2022-09/23/content_5711581.htm,https://www.ndrc.gov.cn/fggz/hjyzy/stwmjs/200507/t20050711_1159582_ext.html；https://www.ndrc.gov.cn/xxgk/zcfb/tz/201303/t20130319_964565.html
CHNVIIVLBI02S000,工具,自愿性信息工具,自愿性认证标识,建筑,N/A,绿色建筑标识,Green Building Label,N/A,绿色建筑评价标识是由住房城乡建设主管部门建立并管理的自愿性建筑评价与标识制度，依据国家绿色建筑评价标准对建筑项目在全寿命周期内的安全耐久、健康舒适、生活便利、资源节约和环境宜居五类性能进行综合评定，授予星级绿色建筑标识。标识分为基本级、一星级、二星级、三星级四个等级，三星级为最高。评价涵盖节地与室外环境、节能与能源利用、节水与水资源利用、节材与材料资源利用、室内环境质量和运营管理等方面，其中节能与能源利用指标直接对减缓气候变化产生正向效果。绿色建筑标识制度始于2007年，由住房和城乡建设部根据《绿色建筑评价标识管理办法》（建科〔2007〕206号）颁布实施，依据国家标准GB/T 50378《绿色建筑评价标准》进行评价和认证。项目主体自愿申报，不设强制性合规义务和处罚。,促进绿色建筑发展，降低建筑领域碳排放,间接,环境,中国,国家,N/A,10/08/2007,10/08/2007,N/A,01/03/2019,2019年修订GB/T 50378-2019《绿色建筑评价标准》（原标准2006年首次发布并分别于2014年和2019年修订），重新构建了以安全耐久、健康舒适、生活便利、资源节约、环境宜居五大性能为核心的评价指标体系，进一步强化了建筑碳排放计算和可再生能源利用的内容。2021年住房和城乡建设部印发《绿色建筑标识管理办法》（建标规〔2021〕1号），进一步规范标识认定和授予管理。,生效,住房和城乡建设部（标准定额司）；各省、自治区、直辖市住房城乡建设主管部门,建筑（绿色建筑评价对象）,新建；既有,本工具界定和覆盖的对象为各类民用建筑，包括住宅建筑和公共建筑。评价适用于建筑群、建筑单体或建筑内区域。评价阶段分为设计评价和运行评价，设计评价在建筑施工图设计文件审查通过后进行，运行评价在建筑竣工并投入使用一年以上后进行。评价依据GB/T 50378《绿色建筑评价标准》，根据综合得分授予基本级、一星级、二星级或三星级绿色建筑标识。,N/A,N/A,企业,各类民用建筑项目的开发建设单位、设计单位和运营管理单位。项目建设单位或运营单位可自愿向住房城乡建设主管部门或经认可的评价机构申报绿色建筑评价标识。参与为自愿性质，无强制性合规义务。,注册、许可及行政管理,本工具规范和引导的活动为建筑项目的自愿性绿色建筑评价与标识认定过程。项目建设单位或运营单位自愿向住房城乡建设主管部门或经认可的评价机构申报绿色建筑评价标识，提交申报书和证明材料，经专家评审或形式审查，根据GB/T 50378《绿色建筑评价标准》的综合得分授予相应星级标识。评价涵盖设计评价和运行评价两个阶段。参与为自愿性质。,N/A,N/A,N/A,1）申报项目须满足GB/T 50378《绿色建筑评价标准》规定的控制项基本要求；2）根据评分项得分总和确定绿色建筑等级：基本级、一星级、二星级、三星级；3）评价内容包括安全耐久、健康舒适、生活便利、资源节约和环境宜居五类性能指标；4）需提交绿色建筑标识申报书和相关证明材料，经专家评审或形式审查通过后授予标识；5）项目主体自愿申报，不设强制性合规义务和处罚。,N/A,N/A,获得绿色建筑标识的项目可获得社会认可和市场价值提升；国家和地方对高星级绿色建筑给予财政奖补（如二、三星级绿色建筑运行标识补贴）、税收优惠、容积率奖励等激励政策；绿色建筑纳入绿色金融支持范围，可获优惠贷款和绿色债券支持。,获得运行标识的建筑须持续符合绿色建筑运营要求；主管部门对标识项目进行抽查和监督管理，发现不符合要求的可要求整改或撤销标识；三星级绿色建筑标识的有效期为三年，期满后可申请续期。,N/A（自愿性建筑评价标识，不设违规制裁。发现申报材料弄虚作假或运营不再符合要求的，由主管部门撤销标识。）,N/A（本工具为自愿性建筑评价标识工具，碳排放覆盖量取决于建筑项目自愿申报并获得标识的绿色建筑总量，无直接可量化的固定覆盖量）,N/A（本工具为自愿性工具，碳排放覆盖占比取决于自愿采纳情况）,F41; F42; F43,CO2; CH4; N2O,正向,能效提升；能源消耗减少；水资源节约；污染防治；生态保护,《住房和城乡建设部关于印发绿色建筑标识管理办法的通知》（建标规〔2021〕1号）,https://www.gov.cn/zhengce/zhengceku/2021-01/17/content_5580528.htm,N/A
CHNVIIVLBI03S000,工具,自愿性信息工具,自愿性认证标识,跨部门,N/A,水效领跑者制度,Water Efficiency Top-Runner System,N/A,水效领跑者制度是由国家发展改革委、水利部、工业和信息化部、住房城乡建设部、原国家质检总局（现国家市场监督管理总局）和国家能源局联合建立的自愿性水效引领标杆机制，依据《水效领跑者引领行动实施方案》（发改环资〔2016〕876号）设立，在用水产品、重点用水企业、灌区和公共机构领域遴选水资源利用效率处于领先水平的领跑者，通过标杆引领和正向激励推动全社会节水降碳协同增效。遴选程序遵循「自愿申报、地方推荐、专家评审、社会公示」机制。实施范围涵盖四类领域：用水产品（坐便器、智能坐便器、洗碗机、淋浴器、净水机等，每两年遴选一次）；重点用水企业（涵盖火电、钢铁、纺织染整、造纸、石油炼制、化工等21个行业，每两年遴选一次）；灌区（灌溉面积1万亩以上的大中型灌区，每三年遴选一次）；公共机构（党政机关、学校、医院等，每三年遴选一次，根据国管局、国家发展改革委、水利部2020年联合印发的《公共机构水效领跑者引领行动实施方案》纳入）。获评称号有效期两年。节水带动取水、输水、加热和处理等环节的能耗下降，产生显著的节水降碳协同效益。参与为自愿性质，不设强制性合规义务和处罚。,提升全社会水资源利用效率，促进节水降碳协同增效,间接,供给侧,中国,国家,N/A,21/04/2016,21/04/2016,N/A,N/A,N/A,生效,国家发展和改革委员会（资源节约和环境保护司，牵头）；水利部（全国节约用水办公室）；工业和信息化部（节能与综合利用司）；住房和城乡建设部；国家市场监督管理总局；国家能源局；国家机关事务管理局（公共机构领域）,用水产品（坐便器、智能坐便器、洗碗机、淋浴器、净水机等）；重点用水企业（火电、钢铁、纺织染整、造纸、石油炼制、化工等21个行业）；灌区（灌溉面积1万亩以上的大中型灌区）；公共机构（党政机关、学校、医院等）,既有,本工具界定和覆盖的对象为四类水效领跑者遴选领域：用水产品——经水效检测符合国家水效标准且水效指标处于同类产品领先水平的终端用水产品；重点用水企业——在21个高耗水行业中通过节水技术改造和循环利用使单位产品取水量处于行业领先水平的工业企业；灌区——灌溉面积1万亩以上且灌溉水有效利用系数处于同类领先水平的大中型灌区；公共机构——在党政机关、学校和医院等公共机构领域中节水管理规范、节水技术和器具普及率高、水资源利用效率处于领先水平的单位。获评称号有效期两年。,N/A,N/A,企业；灌区管理单位；公共机构,四类主体可自愿申报水效领跑者：用水产品生产企业自愿提交产品水效检测报告和申报材料；重点用水企业自愿提交企业水效评估报告；灌区管理单位自愿提交灌区水资源利用效率数据；公共机构自愿提交节水管理绩效报告。参与为自愿性质，不设强制性合规义务和处罚。,注册、许可及行政管理,本工具规范和引导的活动为水效领跑者的自愿申报、遴选认定与标杆示范全过程：申报主体自主选择申报领域并提交申报材料至地方主管部门；地方主管部门初审推荐；国家主管部门组织专家评审并按程序公示后发布水效领跑者名单；获评单位在称号有效期内履行示范推广义务并接受动态跟踪管理。参与为自愿性质。,N/A,N/A,N/A,1）用水产品须通过国家水效检测，水效指标达到同类产品领先水平，依据相关产品水效强制标准；2）重点用水企业须符合行业水效领跑者指标要求，单位产品取水量和重复利用率等指标处于行业领先水平，近三年无重大安全和环保事故；3）灌区须灌溉面积1万亩以上且灌溉水有效利用系数处于同类领先水平；4）公共机构须节水管理制度健全、节水器具普及率高、水资源利用效率处于同类领先水平；5）申报遵循「自愿申报、地方推荐、专家评审、社会公示」遴选程序；6）获评称号有效期两年，期间须接受动态跟踪管理；7）参与为自愿性质，不设强制性合规义务和处罚。,N/A,N/A,获评水效领跑者的产品、企业、灌区和公共机构获得国家水效领跑者称号，提升市场声誉和社会形象；领跑者名单通过官方渠道向社会公告并进行宣传推广，发挥标杆引领和示范带动效应；部分地方对水效领跑者企业给予节水改造资金补助和税收优惠等政策支持；获评称号可作为企业绿色工厂、绿色供应链等绿色制造体系认定的参考依据。,获评水效领跑者的单位在称号有效期内须接受动态跟踪管理，确保持续符合水效领跑者要求；各省（区、市）发展改革委、水利、工信、住建等主管部门对本地区水效领跑者进行日常监督管理和定期复核；国家主管部门对各地进展情况进行统筹跟踪和效果评估。,N/A（自愿性遴选制度，不设违规制裁。对不再符合水效领跑者条件的获评单位，撤销其称号并公告。对弄虚作假的申报主体取消申报资格并在一定期限内禁止再次申报。）,N/A（本工具为自愿性标杆引领机制，碳排放覆盖量取决于获评单位的节水规模和节水降碳协同效果，无直接可量化的固定覆盖量）,N/A（本工具为自愿性工具，碳排放覆盖占比取决于自愿参与情况）,A01; C13; C17; C19; C20; C23; C24; C27; D35; O84; P85; Q86,CO2,正向,水资源节约；能源消耗减少；污染防治,国家发展改革委 水利部 工业和信息化部 住房城乡建设部 国家质检总局 国家能源局关于印发《水效领跑者引领行动实施方案》的通知（发改环资〔2016〕876号）,https://zfxxgk.ndrc.gov.cn/web/iteminfo.jsp?id=2443,N/A
CHNVIIVLBI04S000,工具,自愿性信息工具,自愿性认证标识,跨部门,N/A,能效领跑者制度,Energy Efficiency Top-Runner Programme,N/A,能效领跑者制度是由国家发展改革委牵头建立并实施的自愿性制度，通过定期评选并公布高耗能行业企业和公共机构中能效水平最高的领跑者，以其能效水平作为行业基准和赶超目标，引导用能主体开展能效对标达标和能效竞争，推动整体能效水平持续提升。制度根据《能效领跑者制度实施方案》（发改环资〔2014〕3001号）建立，原覆盖产品、企业和公共机构三类对象。2022年国务院办公厅印发《关于深化电子电器行业管理制度改革的意见》（国办发〔2022〕31号），取消能效领跑者产品遴选制度，现聚焦企业和公共机构两类对象：（1）高耗能行业能效领跑者——单位产品能耗达到行业先进值的企业，覆盖钢铁、有色、建材、石化、化工、纺织、造纸等30余个细分行业；（2）公共机构能效领跑者——能源资源利用效率达到先进水平的国家机关、学校、医院等公共机构。各类领跑者名单经企业或公共机构自愿申报、地方推荐、专家评审和公示后由政府主管部门发布。参与为自愿性质，不设强制性合规义务和处罚。,促进能效提升,间接,供给侧,中国,国家,N/A,31/12/2014,01/01/2015,N/A,23/09/2022,2014年12月31日国家发展改革委等印发《能效领跑者制度实施方案》（发改环资〔2014〕3001号），建立覆盖终端用能产品、高耗能行业企业和公共机构三类对象的能效领跑者制度。制度实施以来，累计发布多批重点行业能效领跑者企业和公共机构能效领跑者名单。2022年9月23日国务院办公厅印发《关于深化电子电器行业管理制度改革的意见》（国办发〔2022〕31号），取消能效'领跑者'产品遴选制度（终端用能产品部分），企业和公共机构能效领跑者遴选继续实施。2023-2024年度继续开展重点行业能效领跑者企业遴选（工信部联节〔2023〕278号，覆盖37个细分行业）和公共机构能效领跑者遴选（国管节能〔2023〕282号）。,生效,国家发展和改革委员会（资源节约和环境保护司）；工业和信息化部（节能与综合利用司）；国家市场监督管理总局（产品质量安全监督管理司）,高耗能企业/公共机构（能效领跑者认定对象）,新建；既有,本工具界定和覆盖的对象包括两类：（1）高耗能行业企业，包括钢铁、水泥、电解铝、平板玻璃、炼油、乙烯、合成氨等行业，以单位产品综合能耗为评选依据；（2）公共机构（国家机关、学校、医院等），以单位建筑面积能耗和人均能耗等指标为评选依据。各类领跑者每两年评选发布一次。原终端用能产品能效领跑者遴选已于2022年取消（国办发〔2022〕31号）。,N/A,N/A,企业,高耗能行业企业和公共机构。企业可自愿申报能效领跑者，提交单位产品能耗数据，经初审、专家评审和公示后入选。公共机构可自愿申报公共机构能效领跑者。参与为自愿性质，无强制性合规义务。原终端用能产品能效领跑者已于2022年取消。,注册、许可及行政管理,本工具规范和引导的活动为高耗能行业企业和公共机构能效领跑者的自愿申报、评选与发布过程。企业或公共机构自愿提交申报材料（单位产品能耗数据或单位面积能耗等指标），经地方推荐、专家评审和公示后，由政府主管部门发布领跑者名单。领跑者名单有效期约两年，到期后重新评选。原终端用能产品能效领跑者已于2022年取消（国办发〔2022〕31号）。参与为自愿性质。,N/A,N/A,N/A,1）高耗能行业企业单位产品能耗须达到行业先进值；2）公共机构须达到相应类别公共机构能源资源消耗先进水平；3）经企业/公共机构自愿申报、地方推荐、专家评审、公示后发布；4）领跑者名单有效期约两年，到期后重新评选；5）原终端用能产品能效领跑者遴选已于2022年取消（国办发〔2022〕31号）；6）参与为自愿性质。,N/A,N/A,入选能效领跑者的企业和公共机构可获得国家和地方媒体宣传推广，提升品牌形象和行业影响力；优先推荐纳入相关示范名单；部分地方对能效领跑者企业和公共机构给予表彰和资金奖励；公共机构能效领跑者纳入节约型机关创建等评价体系。,对入选的能效领跑者产品和企业在有效期内实行动态管理；如产品能效或企业单位产品能耗不再符合领跑者要求，取消其领跑者资格。由主管部门组织第三方机构进行监督检查。,N/A（自愿制度，不设违规制裁。对不再符合领跑者条件或存在弄虚作假的，取消其领跑者资格并向社会公告。）,N/A（本工具为自愿性对标制度，碳排放覆盖量取决于企业自愿参与和能效提升的规模和程度，无直接可量化的固定覆盖量）,N/A（本工具为自愿性工具，碳排放覆盖占比取决于自愿采纳情况）,C19; C20; C23; C24; D35; O84; P85; Q86,CO2; CH4; N2O,正向,能效提升；能源消耗减少；技术创新；绿色产业发展；空气污染物减排,关于印发《能效领跑者制度实施方案》的通知（发改环资〔2014〕3001号）,https://www.ndrc.gov.cn/xxgk/zcfb/tz/201501/t20150108_963728.html,N/A
CHNVIIVLBI05S000,工具,自愿性信息工具,自愿性认证标识,跨部门,N/A,绿色产品标识,Green Product Label,N/A,绿色产品认证是由国务院统一部署、国家市场监管总局会同相关部门建立并实施的统一绿色产品认证与标识体系，依据全生命周期评价理念，对产品在资源属性、能源属性、环境属性和品质属性四个维度进行综合评价和认证，授予统一的国家绿色产品标识。制度始于2016年国务院办公厅印发《关于建立统一的绿色产品标准、认证、标识体系的意见》（国办发〔2016〕86号），将此前分散在不同部门的各类环保、节能、节水、循环、低碳、再生和有机等产品认证整合为统一的国家绿色产品认证与标识体系。首批绿色产品认证目录涵盖人造板和木质地板、涂料、卫生陶瓷、建筑玻璃、太阳能热水系统、家具、防水与密封材料、陶瓷砖（板）、纺织产品、纸和纸制品、木塑制品、塑料制品、洗涤用品等类别。其中绿色建材产品认证作为子类别纳入统一框架。企业自愿申请认证，不设强制性合规义务和处罚。,促进绿色生产和消费，减缓和适应气候变化,间接,环境,中国,国家,N/A,22/11/2016,22/11/2016,N/A,01/03/2020,2020年市场监管总局发布《绿色产品认证目录》整合后正式实施，进一步明确了认证产品范围和实施细则。,生效,国家市场监督管理总局（认证监督管理司）；国家认证认可监督管理委员会；国家发展和改革委员会；工业和信息化部；住房和城乡建设部等相关部门,产品（绿色产品认证对象）,新建；既有,本工具界定和覆盖的对象为纳入绿色产品认证目录的各类产品，包括但不限于建材（人造板、涂料、卫生陶瓷、建筑玻璃、陶瓷砖、防水与密封材料等）、家具、纺织品、纸制品、塑料制品、洗涤用品等类别。认证依据对应产品类别的绿色产品评价标准，从资源属性、能源属性、环境属性和品质属性四个维度对产品全生命周期进行综合评价。,N/A,N/A,企业,绿色产品认证目录涵盖各类产品的生产企业和销售企业。企业可自愿向经国家认可的认证机构申请绿色产品认证，经产品检测和工厂审查符合绿色产品评价标准后获得认证证书和标识使用权。参与为自愿性质。,注册、许可及行政管理,本工具规范和引导的活动为产品的自愿性绿色产品认证与标识过程。企业自愿向经国家认可的认证机构提交绿色产品认证申请，产品须通过全生命周期评价，在资源属性、能源属性、环境属性和品质属性四个维度符合绿色产品评价标准，经产品检测和工厂审查通过后颁发绿色产品认证证书并授权使用统一的国家绿色产品标识。获证后须接受认证机构的年度监督检查。参与为自愿性质。,N/A,N/A,N/A,1）产品须属于绿色产品认证目录范围；2）产品须通过全生命周期评价，在资源属性、能源属性、环境属性和品质属性四个维度符合对应绿色产品评价标准的要求；3）企业须通过产品检测和工厂质量保证能力审查；4）获证后须接受认证机构的年度监督检查；5）获证产品可在产品和包装上使用统一的国家绿色产品标识；6）企业自愿申请认证，不设强制性合规义务和处罚。,N/A,N/A,获得绿色产品认证的企业可在产品上使用统一的国家绿色产品标识，提升产品市场竞争力和消费者认可度；绿色产品优先纳入政府绿色采购目录和绿色建材政府采购工程；绿色产品认证与绿色金融政策衔接，获证企业和产品可获绿色信贷和绿色债券支持；绿色产品认定与高新技术企业认定、绿色工厂评价等政策协同联动。,获证企业须接受认证机构的年度监督检查和产品抽样检测，确保持续符合绿色产品评价标准；认证机构对不符合要求的产品可暂停或撤销认证证书；市场监管部门和相关行业主管部门对认证活动实施监督。,N/A（自愿性认证标识，不设违规制裁。对未通过监督检查或不持续符合绿色产品认证要求的产品和企业，认证机构可暂停或撤销其认证证书和标识使用权；存在弄虚作假的依法追究责任。）,N/A（本工具为自愿性认证标识工具，碳排放覆盖量取决于企业自愿申请认证的产品类别和数量，无直接可量化的固定覆盖量）,N/A（本工具为自愿性工具，碳排放覆盖占比取决于自愿采纳情况）,C10; C11; C12; C13; C14; C15; C16; C17; C18; C19; C20; C21; C22; C23; C24; C25; C26; C27; C28; C29; C30; C31; C32; C33,CO2; CH4; N2O,正向,绿色产业发展；污染防治；资源节约；循环经济；公众健康,国务院办公厅关于建立统一的绿色产品标准、认证、标识体系的意见（国办发〔2016〕86号）,https://www.gov.cn/zhengce/content/2016-12/07/content_5144554.htm,N/A
CHNVIIVLBI06S000,工具,自愿性信息工具,自愿性认证标识,建筑,N/A,近零能耗建筑标识,Nearly Zero Energy Building Label,N/A,近零能耗建筑标识是对符合近零能耗建筑技术标准的建筑项目进行测评和标识的自愿性评价制度，依据国家标准GB/T 51350-2019《近零能耗建筑技术标准》对建筑的室内环境参数和能效指标进行综合测评，对达标的超低能耗建筑、近零能耗建筑和零能耗建筑授予相应的标识。标识分为三个等级：超低能耗建筑（节能率达到82%-85%以上）、近零能耗建筑（节能率达到86%-90%以上）和零能耗建筑（可再生能源年产能大于等于建筑自身年终端能源消耗）。测评指标包括建筑能效指标（建筑本体节能率、建筑综合节能率、可再生能源利用率）和室内环境参数（温度、湿度、新风量、噪声等），需通过建筑能耗模拟计算和现场测试进行验证。制度由住房城乡建设主管部门和建筑节能协会推动建立，2019年国家标准GB/T 51350-2019实施后正式运行。项目主体自愿申报，不设强制性合规义务和处罚。,促进建筑领域深度节能和近零碳排放,直接,环境,中国,国家,N/A,01/01/2019,01/09/2019,N/A,N/A,N/A,生效,住房和城乡建设部（标准定额司）；中国建筑节能协会等经授权的测评机构,建筑（近零能耗建筑评价对象）,新建；既有,本工具界定和覆盖的对象为各类新建、改建和扩建的民用建筑，包括居住建筑和公共建筑。评价依据GB/T 51350-2019《近零能耗建筑技术标准》，根据建筑本体节能率、建筑综合节能率和可再生能源利用率等指标，对建筑进行超低能耗、近零能耗或零能耗等级判定。评价适用于设计阶段和运行阶段。,N/A,N/A,企业,各类民用建筑项目的开发建设单位、设计单位和运营管理单位。项目单位可自愿向经授权的测评机构申报近零能耗建筑测评和标识，经建筑能耗模拟分析、现场测试和专家评审通过后获得相应等级的标识。参与为自愿性质。,注册、许可及行政管理,本工具规范和引导的活动为建筑项目的自愿性近零能耗建筑测评与标识认定过程。项目单位自愿向经授权的测评机构申报近零能耗建筑测评，提交建筑能耗模拟计算报告和现场测试数据，经专家评审，根据GB/T 51350-2019《近零能耗建筑技术标准》的能效指标评定为超低能耗、近零能耗或零能耗建筑并授予相应标识。评价适用于设计阶段和运行阶段。参与为自愿性质。,N/A,N/A,N/A,1）建筑须满足GB/T 51350-2019《近零能耗建筑技术标准》的室内环境参数和能效指标要求；2）超低能耗建筑：建筑综合节能率达到82%-85%以上；3）近零能耗建筑：建筑综合节能率达到86%-90%以上；4）零能耗建筑：可再生能源年产能大于等于建筑自身年终端能源消耗；5）需通过建筑能耗模拟计算和现场测试验证；6）项目主体自愿申报，不设强制性合规义务和处罚。,N/A,N/A,获得近零能耗建筑标识的项目可获得社会认可和市场价值提升；国家和地方对超低能耗和近零能耗建筑给予财政奖补（如北京、河北、山东等地对超低能耗建筑给予每平方米数百元补贴）、容积率奖励；近零能耗建筑纳入绿色金融支持范围。,获得标识的建筑须持续符合近零能耗建筑运营要求；测评机构对标识项目进行定期跟踪评估，发现不再符合要求的可撤销标识。鼓励项目单位对建筑实际运行能耗进行持续监测和公开。,N/A（自愿性建筑评价标识，不设违规制裁。发现申报材料弄虚作假或运营不再符合要求的，由测评机构撤销标识。）,N/A（本工具为自愿性建筑评价标识工具，碳排放覆盖量取决于建筑项目自愿申报并获得标识的近零能耗建筑总量，无直接可量化的固定覆盖量）,N/A（本工具为自愿性工具，碳排放覆盖占比取决于自愿采纳情况）,F41; F42; F43,CO2; CH4; N2O,正向,能效提升；能源消耗减少；空气污染物减排；技术创新,住房和城乡建设部关于发布国家标准《近零能耗建筑技术标准》的公告（住房和城乡建设部公告2019年第22号，GB/T 51350-2019）,https://www.mohurd.gov.cn/gongkai/zc/wjk/art/2019/art_17339_240712.html,N/A
CHNVIIVLBI07S000,工具,自愿性信息工具,自愿性认证标识,跨部门,N/A,产品碳足迹标识,Product Carbon Footprint Label,N/A,产品碳足迹标识认证是由国家市场监管总局等部门联合建立并实施的自愿性产品碳足迹标识认证制度，依据产品碳足迹核算标准和认证规范对产品从原材料获取、生产制造、分销运输、使用消费到废弃回收全生命周期的温室气体排放量进行量化、核证和标识，以统一的碳足迹标识向消费者和采购方传递产品碳排放信息，引导低碳消费和低碳生产。制度根据市场监管总局、生态环境部、国家发展改革委、工业和信息化部2024年8月联合发布的《关于开展产品碳足迹标识认证试点工作的通知》（国市监认证发〔2024〕85号）建立，在锂电池、光伏产品、钢铁、纺织品、电子电器、轮胎、水泥、电解铝、尿素、磷铵、木制品等11类重点产品领域率先开展产品碳足迹标识认证试点，试点期限3年。认证标识体系覆盖碳足迹量化和碳足迹等级两种标识形式。企业自愿申请认证，不设强制性合规义务和处罚。,减缓气候变化（推动碳足迹透明化和低碳消费）,直接,环境,中国,国家,N/A,30/08/2024,30/08/2024,N/A,N/A,N/A,生效,国家市场监督管理总局（认证监督管理司）；生态环境部；国家发展和改革委员会；工业和信息化部,产品（碳足迹标识认证对象）,新建；既有,本工具界定和覆盖的对象为纳入碳足迹标识认证目录的各类产品。近期重点覆盖电池、光伏产品、电子电器、纺织品、钢铁、有色金属、建材等碳足迹数据需求迫切的重点行业产品。认证依据产品碳足迹核算通则和具体产品类别的碳足迹核算规则，对产品全生命周期（原材料获取、生产制造、分销运输、使用消费、废弃回收）的温室气体排放进行量化核算和标识。,N/A,N/A,企业,产品碳足迹标识认证目录涵盖各类产品的生产企业和品牌商。企业可自愿向经国家认可的认证机构申请产品碳足迹标识认证，经产品全生命周期碳足迹量化核算和第三方核查后获得认证证书和标识使用权。参与为自愿性质。,注册、许可及行政管理,本工具规范和引导的活动为产品的自愿性碳足迹标识认证与标识过程。企业自愿向经国家认可的认证机构提交产品碳足迹标识认证申请，按碳足迹核算通则和产品类别核算规则完成产品全生命周期温室气体排放量核算，经第三方核查机构核证后颁发碳足迹标识认证证书并授权使用碳足迹标识。获证后须接受认证机构的监督检查和数据更新核验。参与为自愿性质。,N/A,N/A,N/A,1）产品须属于碳足迹标识认证目录范围；2）产品须按碳足迹核算通则和产品类别核算规则完成全生命周期温室气体排放量核算；3）碳足迹核算须经国家认可的第三方核查机构核证；4）获证后须接受认证机构的监督检查和数据更新要求；5）获证产品可在产品本体、包装或电子平台上使用碳足迹标识；6）企业自愿申请认证，不设强制性合规义务和处罚。,N/A,N/A,获得碳足迹标识认证的企业可在产品上使用碳足迹标识，满足下游客户和终端消费者对产品碳排放信息的需求，提升产品国际竞争力；碳排放绩效优异的产品可获碳足迹等级标识（如低碳等级），获得市场差异化优势；与绿色金融、绿色采购、碳普惠等政策衔接；帮助企业应对国际碳边境调整机制和绿色贸易规则要求。,获证企业须接受认证机构的定期监督检查和碳足迹数据更新核验；当产品碳足迹发生显著变化（如工艺改进、供应链变更）时须更新核算数据和标识信息；认证机构和市场监管部门对碳足迹标识认证活动实施监督。,N/A（自愿性认证标识，不设违规制裁。对未通过监督检查、碳足迹数据存在虚假或不持续符合认证要求的产品和企业，认证机构可暂停或撤销其认证证书和标识使用权。）,N/A（本工具为自愿性认证标识工具，碳排放覆盖量取决于企业自愿申请认证的产品类别和数量，以及产品碳足迹的量值和减排幅度，无直接可量化的固定覆盖量）,N/A（本工具为自愿性工具，碳排放覆盖占比取决于自愿采纳情况）,C13; C24; C26; C27,CO2; CH4; N2O; SF6; HFCs; PFCs,正向,技术创新；绿色产业发展；能源消耗减少,市场监管总局等部门关于开展产品碳足迹标识认证试点工作的通知（国市监认证发〔2024〕85号）,https://www.gov.cn/zhengce/zhengceku/202409/content_6973449.htm,N/A
CHNVIIVLBI08S000,工具,自愿性信息工具,自愿性认证标识,跨部门,N/A,绿色债券标识,Green Bond Label,N/A,绿色债券标识是由中国人民银行和中国证监会联合建立的自愿性绿色债券评估认证与标识制度，依据《绿色债券评估认证行为指引（暂行）》（中国人民银行 中国证券监督管理委员会公告〔2017〕第20号）建立，通过第三方评估认证机构对债券募集资金投向、项目筛选和资金管理等进行评估认证，对符合绿色债券标准的产品授予统一的绿色债券标识，为投资者提供识别和判断绿色债券的依据，促进绿色债券市场规范发展。标识体系覆盖绿色金融债券、绿色企业债券、绿色公司债券、绿色债务融资工具和绿色资产支持证券等品种。2021年中国人民银行、发展改革委、证监会联合印发《绿色债券支持项目目录（2021年版）》（银发〔2021〕96号），统一了绿色债券支持项目的界定标准。发行主体自愿申请绿色债券评估认证，不设强制性合规义务和处罚。2022年7月29日绿色债券标准委员会发布《中国绿色债券原则》（公告〔2022〕第1号），要求募集资金100%用于绿色项目，进一步与国际绿色债券标准接轨。2025年中国人民银行、金融监管总局、中国证监会联合印发《绿色金融支持项目目录（2025年版）》（银发〔2025〕132号，2025年10月1日施行），统一绿色贷款和绿色债券等各类绿色金融产品的项目分类标准，将目录从2021年版六大类扩展为九大领域，新增国民经济行业分类代码和温室气体减排效益属性标识。,促进绿色债券市场规范发展，引导资本投向绿色低碳领域,间接,环境,中国,国家,N/A,26/10/2017,28/12/2017,N/A,01/10/2025,2017年12月28日中国人民银行和中国证监会联合发布《绿色债券评估认证行为指引（暂行）》（公告〔2017〕第20号），建立绿色债券评估认证与标识管理制度框架。2021年4月2日中国人民银行、发展改革委、证监会联合印发《绿色债券支持项目目录（2021年版）》（银发〔2021〕96号，2021年7月1日施行），统一绿色债券支持项目界定标准。2022年7月29日绿色债券标准委员会发布《中国绿色债券原则》（公告〔2022〕第1号），确立募集资金100%用于绿色项目的核心要求。2025年6月27日中国人民银行、金融监管总局、中国证监会联合印发《绿色金融支持项目目录（2025年版）》（银发〔2025〕132号，2025年10月1日施行），将绿色贷款和绿色债券标准统一为九大领域目录，新增国民经济行业分类代码和温室气体减排效益属性标识。,生效,中国人民银行（金融市场司）；中国证券监督管理委员会（公司债券监管部）；国家发展改革委（财政金融和信用建设司）,绿色债券（认证标识对象）,新建；既有,本工具界定和覆盖的对象为各类绿色债券，包括绿色金融债券、绿色企业债券、绿色公司债券、绿色债务融资工具和绿色资产支持证券等。债券须符合《绿色债券支持项目目录》规定的绿色项目分类标准，募集资金专门用于支持符合规定条件的绿色产业、绿色项目或绿色经济活动，并经第三方评估认证机构评估认证后获得绿色债券标识。,N/A,N/A,企业,绿色债券的发行主体和主承销商。发行主体可自愿聘请经认可的第三方评估认证机构对债券进行绿色评估认证，经评估认证符合绿色债券标准的可在债券名称和发行文件中使用绿色债券标识，并在债券存续期内持续进行信息披露。参与为自愿性质，无强制性合规义务。,注册、许可及行政管理,本工具规范和引导的活动为绿色债券的自愿性评估认证与标识过程。发行主体自愿聘请第三方评估认证机构，对债券募集资金使用方向和管理制度、项目评估筛选标准和决策程序、信息披露和报告制度等进行评估认证。经评估认证符合绿色债券标准的发行主体，可在债券全称中使用绿色标识，并在中国外汇交易中心绿色债券专区和沪深交易所G标识系统进行标登记和展示。获准注册的绿色债券在存续期内须持续进行年度信息披露。参与为自愿性质。,N/A,N/A,N/A,1）债券募集资金须专门用于符合《绿色债券支持项目目录》规定的绿色产业、绿色项目或绿色经济活动；2）发行主体须聘请第三方评估认证机构对债券进行发行前评估认证；3）存续期内须每年进行绿色债券年度信息披露，持续跟踪募集资金使用和项目进展；4）第三方评估认证机构须具备规定的资质条件，在绿色债券评估认证领域有不少于5个项目经验；5）通过评估认证的债券可在全称中使用绿色债券标识；6）发行主体自愿申请评估认证，不设强制性合规义务和处罚。,N/A,N/A,获得绿色债券标识的发行主体可提升债券的市场认可度和投资者信任度，吸引ESG投资人和绿色投资者；绿色债券在银行间市场和交易所享有绿色债券专区和标识展示，提高交易便利性和市场可见度；部分地方对绿色债券发行人和投资人给予贴息、担保等政策支持；绿色债券纳入金融机构绿色金融业绩评价范围。,发行主体须在绿色债券存续期内持续进行年度信息披露，公开募集资金使用情况、绿色项目进展和环境效益；第三方评估认证机构须对绿色债券持续符合绿色标准情况进行跟踪评估；中国人民银行、中国证监会和国家发展改革委对绿色债券市场运行和评估认证机构执业质量进行监督管理；绿色债券标准委员会实施自律管理。,N/A（自愿性认证标识，不设违规制裁。对存续期内不再符合绿色债券标准或信息披露违规的发行主体，由相关监管部门依职权采取监管措施。评估认证机构存在违规行为的，由人民银行和证监会依规处理。）,N/A（本工具为自愿性债券标识工具，碳排放覆盖量取决于发行主体自愿申请标识的绿色债券规模和所支持绿色项目的减排效果，无直接可量化的固定覆盖量）,N/A（本工具为自愿性工具，碳排放覆盖占比取决于自愿采纳情况）,K64,CO2; CH4; N2O,正向,绿色产业发展；技术创新；能源消耗减少；污染防治,《中国人民银行 中国证券监督管理委员会公告（〔2017〕第20号）——绿色债券评估认证行为指引（暂行）》,https://www.gov.cn/gongbao/content/2018/content_5271800.htm,https://www.gov.cn/zhengce/zhengceku/2021-04/22/content_5601284.htm;https://www.nafmii.org.cn/xhdt/202207/t20220729_255959.html;https://www.gov.cn/zhengce/zhengceku/202507/content_7032004.htm
CHNVIIVLBI09S000,工具,自愿性信息工具,自愿性认证标识,跨部门,N/A,可持续发展挂钩债券标识,Sustainability-Linked Bond Label,N/A,可持续发展挂钩债券（SLB）标识是由中国银行间市场交易商协会（NAFMII）建立的自愿性债券标识制度，将债券条款与发行人可持续发展目标相挂钩，对满足可持续发展挂钩债券相关要求的债券在注册发行时可在全称中添加「可持续挂钩」专项标识。制度根据2021年4月28日NAFMII发布的《可持续发展挂钩债券（SLB）十问十答》建立，借鉴ICMA《可持续发展挂钩债券原则》并结合国内自律规则。SLB通过关键绩效指标（KPI）和可持续发展绩效目标（SPT）的设定，将债券结构（如票面利率调升/调降、提前到期、一次性额外支付等）与发行人可持续发展目标的实现情况挂钩，以债券结构设计锁定企业整体减排目标或可持续发展承诺，敦促企业有计划地实现可持续发展。募集资金可用于一般用途，无特殊限制。2024年10月10日NAFMII发布《关于进一步优化绿色及转型债券相关机制的通知》，进一步丰富挂钩目标设计、鼓励与ESG结合并增加下浮票面利率激励机制。发行主体自愿申请使用标识，不设强制性合规义务和处罚。,促进企业可持续发展，支持碳达峰碳中和目标,间接,环境,中国,国家,N/A,28/04/2021,28/04/2021,N/A,10/10/2024,2021年4月28日中国银行间市场交易商协会（NAFMII）发布《可持续发展挂钩债券（SLB）十问十答》，正式推出可持续发展挂钩债券，建立SLB标识和发行框架。2024年10月10日NAFMII发布《关于进一步优化绿色及转型债券相关机制的通知》，进一步丰富挂钩目标设计，支持SLB与企业整体可持续发展目标、重点区域发展目标等挂钩，建议设置票面利率下浮条款和浮动区间，鼓励SLB与ESG评分挂钩，并实行绿色及转型产品注册发行「即报即评」绿色通道。,生效,中国银行间市场交易商协会（NAFMII）,可持续发展挂钩债券（标识对象）,新建；既有,本工具界定和覆盖的对象为可持续发展挂钩债券（SLB），包括中期票据、定向债务融资工具等银行间债券市场债务融资工具品种。SLB须设置与发行人主营业务及战略规划关联性强的关键绩效指标（KPI）和可持续发展绩效目标（SPT），债券条款（如票面利率调升/调降、提前到期、一次性额外支付等）与SPT达成情况挂钩。募集资金可用于一般用途。债券全称末尾添加「（可持续挂钩）」专项标识。,N/A,N/A,企业,可持续发展挂钩债券的发行主体，对发行主体类型、发行方式和债券品种不设限制，鼓励注重声誉、希望扩大ESG投资人基础、有实力实现可持续发展目标的发行人参与发行。既有DFI/TDFI或MTN/PPN注册额度可通过发行前变更流程转为SLB。参与为自愿性质，无强制性合规义务。,注册、许可及行政管理,本工具规范和引导的活动为可持续发展挂钩债券的自愿性注册发行与标识过程。发行主体在债券注册发行时，须在募集说明书中明确披露挂钩目标（KPI和SPT）的定义、遴选依据、测算方法和历史数据，聘请第三方机构进行发行前评估认证，并在存续期内聘请第三方机构至少每年一次就SPT表现出具验证报告。满足要求的债券可在全称中添加「（可持续挂钩）」专项标识。存续期内每年4月30日前须披露专项报告，直至最后一次触发事件结束。参与为自愿性质。,N/A,N/A,N/A,1）KPI须与发行人主营业务及整体战略规划具有较强关联性，可被客观量化，量化结果可被权威第三方机构事后校验和重复验算；2）SPT须满足「实质性、可验证、时限性」原则，与「一切照常」运营情景相比有实质性改进；3）募集说明书须披露挂钩目标定义、遴选依据、测算方法、触发债券结构改变的具体数值及至少过往三年历史数据；4）存续期内须最晚于每年4月30日前披露专项报告，直至最后一次触发事件结束；5）存续期内必须聘请第三方机构就SPT表现出具验证报告，频率至少一年一次；6）触发年份验证报告应最晚于付息日/赎回日/支付日前至少15个工作日出具；7）发行主体自愿申请，不设强制性合规义务和处罚。,N/A,N/A,"获得SLB标识的发行主体可展示其可持续发展承诺和转型决心，提升ESG投资人关注度和市场声誉；SLB结构设计灵活，可通过票面利率下浮等机制获得融资成本降低的潜在收益；2024年优化通知实施后，超额完成可持续发展目标的企业可获得票面利率额外下浮奖励（建议浮动区间【-30BP, 30BP】）；绿色及转型产品注册发行实行「即报即评」绿色通道。",发行主体须在SLB存续期内每年4月30日前披露可持续发展绩效专项报告；须聘请第三方机构至少每年一次就SPT表现出具验证报告；触发年份验证报告应在付息日/赎回日/支付日前至少15个工作日出具；第三方评估认证机构须具备规定的资质条件（内部管理制度完善、具备专业人员、在绿色债券评估认证领域有不少于5个项目或相关领域不少于10个项目经验）。,N/A（自愿性标识制度，不设违规制裁。对未按约定实现SPT的发行主体，依债券条款约定自动触发票面利率调整或提前赎回等安排。对信息披露违规或验证报告不实的，由NAFMII依自律规则采取自律处分措施。）,N/A（本工具为自愿性债券标识工具，碳排放覆盖量取决于发行主体自愿申请标识的SLB规模和所挂钩可持续发展目标中气候相关指标的覆盖面，无直接可量化的固定覆盖量）,N/A（本工具为自愿性工具，碳排放覆盖占比取决于自愿采纳情况）,K64,CO2; CH4; N2O,正向,绿色产业发展；技术创新；能源消耗减少；污染防治,中国银行间市场交易商协会《可持续发展挂钩债券（SLB）十问十答》（2021年4月28日发布）,https://www.nafmii.org.cn/xhdt/202104/t20210428_197371.html,N/A
CHNVIIVLBI10S000,工具,自愿性信息工具,自愿性认证标识,工业,N/A,零碳园区标识,Zero-Carbon Industrial Park Label,N/A,零碳园区标识是由国家发展改革委、工业和信息化部、国家能源局联合建立的国家级自愿性园区评价认定与标识制度，依据《关于开展零碳园区建设的通知》（发改环资〔2025〕910号）设立。零碳园区是指通过规划、设计、技术、管理等方式，使园区内生产生活活动产生的二氧化碳排放降至近零水平，并具备进一步达到净零条件的园区。制度采用‘自愿申报、地方推荐、国家审核、建设实施、评估验收’的实施路径：省级及以上开发区（含省级新兴产业园区和高新技术园区）自愿申报，各省推荐不超过2个园区，国家发展改革委会同有关方面审核确定国家级零碳园区建设名单；建设期满后由省级发展改革委组织自评估，国家发展改革委组织评估验收，通过后正式认定为国家级零碳园区。核心评价指标为单位能耗碳排放：年综合能源消费量20万~100万吨标准煤的园区须≤0.2吨CO₂/吨标准煤，年综合能源消费量≥100万吨标准煤的园区须≤0.3吨CO₂/吨标准煤（较全国园区平均水平约2.1吨/吨标准煤下降约90%）。另有5项引导性指标：清洁能源消费占比（≥90%）、企业产品单位能耗（达到或优于二级能耗限额）、工业固体废物综合利用率（≥80%）、余热余冷余压综合利用率（≥50%）和工业用水重复利用率（≥80%）。申报园区须具备能耗和碳排放统计核算计量监测基础，且近3年内未发生重大安全、环境事故。建设任务涵盖八大领域：用能结构转型、节能降碳、产业结构调整、资源节约集约、基础设施升级、先进技术应用、能碳管理能力提升和改革创新。参与为自愿性质，不设强制性合规义务和处罚。,推动园区绿色低碳转型，促进碳达峰碳中和,直接,供给侧,中国,国家,N/A,30/06/2025,08/07/2025,N/A,N/A,N/A,生效,国家发展和改革委员会（资源节约和环境保护司，牵头）；工业和信息化部（节能与综合利用司）；国家能源局（新能源和可再生能源司）,工业园区（零碳园区认定评价对象）,新建；既有,本工具界定和覆盖的对象为省级及以上开发区（含省级及以上人民政府或主管部门批复的新兴产业园区和高新技术园区），建设范围可为园区整体或以‘园中园’形式明确四至边界的区域。零碳园区须通过规划、设计、技术、管理等方式，使园区内生产生活活动产生的二氧化碳排放降至近零水平，并具备进一步达到净零的条件。核心评价指标为单位能耗碳排放（吨CO₂/吨标准煤），申报门槛为年综合能源消费量20万吨标准煤以上。,N/A,N/A,企业,省级及以上开发区的运营企业或园区管理企业。园区运营企业可自愿申报国家级零碳园区建设，编制建设方案并按程序提交。经审核纳入国家级零碳园区建设名单后，按照建设方案推进零碳建设，建设期满后接受评估验收。参与为自愿性质，不设强制性合规义务和处罚。,注册、许可及行政管理,本工具规范和引导的活动为零碳园区的自愿申报、建设实施、评估验收与标识认定的全过程。园区管理机构自愿向省级发展改革委提交申报书和建设方案，各省推荐不超过2个园区至国家发展改革委，国家发展改革委会同有关方面审核确定国家级零碳园区建设名单。园区按照建设方案推进八大领域重点任务：用能结构转型、节能降碳、产业结构调整、资源节约集约、基础设施升级、先进技术应用、能碳管理能力提升和改革创新。建设期满后由省级发展改革委组织自评估，国家发展改革委组织评估验收，通过后正式认定为国家级零碳园区。参与为自愿性质。,N/A,N/A,N/A,1）申报园区须为省级及以上开发区（含省级新兴产业园区或高新技术园区），建设范围可为园区整体或‘园中园’形式；2）申报园区须具备能耗和碳排放统计、核算、计量、监测基础；3）申报园区近3年内未发生重大安全、环境事故或其他社会不良影响事件；4）核心指标：年综合能源消费量20万~100万吨标准煤的园区单位能耗碳排放须≤0.2吨CO₂/吨标准煤，≥100万吨标准煤的园区须≤0.3吨CO₂/吨标准煤；5）5项引导性指标：清洁能源消费占比≥90%、企业产品单位能耗达到或优于二级能耗限额、工业固体废物综合利用率≥80%、余热余冷余压综合利用率≥50%、工业用水重复利用率≥80%；6）各省推荐数量不超过2个园区；7）建设期满后须经省级自评估和国家评估验收通过方可正式认定为国家级零碳园区；8）参与为自愿性质，不设强制性合规义务和处罚。,N/A,N/A,纳入国家级零碳园区建设名单的园区可获得国家和地方政策支持，包括：统筹利用现有资金渠道支持建设，鼓励地方政府专项债券资金投入；鼓励政策性银行给予中长期信贷支持；支持园区企业发行绿色债券；创新节能审查和碳排放评价模式，探索区域审批或项目备案；加强用地用海要素保障；支持引入外部人才、技术和专业机构服务节能降碳改造和碳足迹认证。正式认定的国家级零碳园区获得国家零碳园区称号，提升园区品牌价值和投资吸引力，发挥标杆引领和示范带动效应。,纳入建设名单的园区须按照建设方案实施并定期跟踪评估进展；建设期满后由省级发展改革委组织自评估，国家发展改革委会同有关方面组织评估验收。园区须具备能耗和碳排放统计核算计量监测基础，建设能碳管理平台，对园区用能负荷和碳排放实施动态监控。各地区可结合实际开展省级零碳园区建设并实施相应监督管理。,N/A（自愿性评价认定标识，不设违规制裁。建设期满评估验收未通过的园区，可在整改后再次申请验收。存在弄虚作假或不再符合零碳园区条件的，撤销其国家级零碳园区认定。）,N/A（本工具为自愿性园区评价认定标识工具，碳排放覆盖量取决于园区自愿申报和通过认定的规模与数量，无直接可量化的固定覆盖量）,N/A（本工具为自愿性工具，碳排放覆盖占比取决于自愿采纳情况）,C10; C11; C12; C13; C14; C15; C16; C17; C18; C19; C20; C21; C22; C23; C24; C25; C26; C27; C28; C29; C30; C31; C32; C33,CO2,正向,绿色产业发展；技术创新；能源消耗减少；污染防治；可再生能源发展,国家发展改革委 工业和信息化部 国家能源局《关于开展零碳园区建设的通知》（发改环资〔2025〕910号）,https://www.ndrc.gov.cn/xxgk/zcfb/tz/202507/t20250708_1399055_ext.html,https://www.gov.cn/zhengce/zhengceku/202507/content_7031090.htm
CHNVTGVTGI01S000,工具,自愿性目标,自愿性目标,工业,家电,家电生产企业回收目标责任制,Home Appliance Manufacturer Recycling Target Responsibility System,N/A,家电生产企业回收目标责任制是由国家发展改革委、工业和信息化部、生态环境部联合建立的自愿性目标责任框架，引导家电生产企业自主设定废旧家电回收量化目标并公开承诺，推动落实生产者责任延伸制度。通知（发改产业〔2021〕1102号）明确在电视机、电冰箱、洗衣机、空调器四类家电产品中，鼓励生产企业按年度确定回收量和回收率等量化目标，并围绕六大行动推进实施：明确回收目标（回收量/回收率占评估权重70%，回收行为目标占30%）；拓展回收渠道（利用销售网络、售后服务和电商平台开展逆向回收和以旧换新）；优化存储与运输网络；加强流向管理（统一编码、转运联单，全流程可追溯，废旧家电须交由有资质企业规范拆解）；推动绿色发展（提升再生原料加工水平和采购比例，优化产品易回收易拆解设计）；以及政策激励约束。责任企业于每年1月31日前提交申请报告，三部委于每年3月底前公布责任企业名单及回收目标；企业开展年度自我评价并公开发布，三部委按年度跟踪评估。总体目标为到2023年发展一批示范标杆。参与为自愿性质，不设强制性合规义务和处罚。,落实生产者责任延伸制度，提升废旧家电规范回收利用率,间接,供给侧,中国,国家,N/A,27/07/2021,04/08/2021,N/A,N/A,N/A,生效,国家发展和改革委员会（产业发展司，牵头）；工业和信息化部（节能与综合利用司）；生态环境部（固体废物与化学品司）,废旧家电（电视机、电冰箱、洗衣机、空调器）,既有,本工具界定和覆盖的对象为电视机、电冰箱、洗衣机、空调器四类家电产品的废旧品。回收统计不受品类和品牌限制，生产企业可回收非本企业生产的产品。废旧家电须交由有资质的废弃电器电子产品处理企业进行规范拆解处理。,N/A,N/A,企业,家电生产企业（按总公司计算）。企业可自愿申报参与回收目标责任制行动，自主确定年度回收量和回收率目标并向社会公开。参与为自愿性质，不设强制性合规义务和处罚。,收集或分类（消费后）,本工具规范和引导的活动为家电生产企业自愿建立废旧家电逆向回收体系并实施回收目标责任制的全过程，包括：按年度确定回收量和回收率等量化目标；利用销售网络、售后服务和电商平台拓展回收渠道；建设回收存储设施并优化运输网络；建立覆盖回收、运输和处置利用全流程的信息追溯系统；以及将废旧家电交由有资质企业规范拆解处理。参与为自愿性质。,N/A,N/A,N/A,1）企业按年度自主确定回收量和回收率（年度回收量/前三年平均销售量）等量化目标，回收量和回收率指标占评估权重70%，回收行为目标占30%；2）回收统计不受品类和品牌限制；3）废旧家电须交由有资质的废弃电器电子产品处理企业进行规范拆解处理；4）企业须建立覆盖回收、运输和处置利用全过程的信息追溯系统，实行统一编码和转运联单管理；5）企业须在每年1月31日前通过省级发展改革委提交申请报告，三部委于每年3月底前公布责任企业名单及回收目标；6）企业须进行年度自我评价并公开发布；7）参与为自愿性质，不设强制性合规义务和处罚。,N/A,N/A,完成回收目标的企业纳入「绿色责任名单」，在绿色债券、绿色信贷审批、政府专项基金等方面给予优先支持；示范标杆企业的经验和模式在全国推广。,责任企业须进行年度自我评价并将结果向社会公开发布。国家发展改革委、工业和信息化部、生态环境部按年度对责任企业的回收目标完成情况进行跟踪评估，评估结果向社会公布。,N/A（自愿性目标责任，不设违规制裁。企业自愿参与，无强制合规义务和处罚。）,N/A（本工具为自愿性目标责任框架，碳排放覆盖量取决于企业自愿参与和回收处理的规模和程度，无直接可量化的固定覆盖量）,N/A（本工具为自愿性工具，碳排放覆盖占比取决于自愿参与情况）,C27,CO2; CH4,正向,循环经济；资源节约；污染防治,国家发展改革委 工业和信息化部 生态环境部关于鼓励家电生产企业开展回收目标责任制行动的通知（发改产业〔2021〕1102号）,https://www.miit.gov.cn/jgsj/jns/wjfb/art/2021/art_5df08ed7493e4a40af80f0124fc2e7b7.html,N/A
CHNVTGVTGI02S000,工具,自愿性目标,自愿性目标,能源,风电；太阳能,可再生能源发电企业自建或购买调峰能力增加并网规模,Self-Built or Purchased Peak-Shaving Capacity by Renewable Energy Power Generation Enterprises to Increase Grid-Connected Scale,N/A,可再生能源发电企业自建或购买调峰能力增加并网规模是由国家发展改革委、国家能源局联合建立的自愿性目标机制，引导可再生能源发电企业通过自建或购买调峰储能能力的方式，增加可再生能源发电装机并网规模。通知（发改运行〔2021〕1138号）明确，在电网企业承担保障性并网责任的基础上，鼓励风电、太阳能发电企业通过自建、合建或市场化购买调峰资源的方式增加并网规模。调峰资源包括抽水蓄能、电化学储能等新型储能、气电、光热电站和灵活性制造改造的煤电。挂钩比例要求：超过保障性并网以外的规模，初期按功率15%的挂钩比例配建调峰能力（时长4小时以上），按20%以上比例配建的优先并网。合建方式可按出资比例折算。购买调峰能力包括购买调峰储能项目和购买调峰储能服务两种方式，被购买主体仅限于本年度新建的调峰资源。发电项目须与新增调峰项目同步建成、同步并网。未用完的调峰资源可市场化交易给其他发电企业，但不允许结转至下年。电网调度机构不定期对调峰项目开展调度测试，确保能力真实可用。参与为自愿性质，但虚假承诺按未完成容量2倍扣除调峰能力并取消下年度自行承担消纳责任资格。,促进可再生能源消纳，提升电力系统灵活性和调节能力,直接,供给侧,中国,国家,N/A,29/07/2021,10/08/2021,N/A,N/A,N/A,生效,国家发展和改革委员会（经济运行调节局）；国家能源局（新能源和可再生能源司）,调峰资源（抽水蓄能、电化学储能等新型储能、气电、光热电站、灵活性改造煤电）,新建,本工具界定和覆盖的对象为用于增加可再生能源并网规模的调峰储能资源，包括抽水蓄能电站、电化学储能等新型储能设施、天然气发电、光热电站以及经灵活性制造改造的煤电机组。调峰能力按装机规模（抽水蓄能、电化学储能、光热电站）、机组设计出力（气电）或改造前后可调出力范围差值（煤电灵活性改造）认定。,N/A,N/A,企业,风电、太阳能发电等可再生能源发电企业。企业可自愿选择自建、合建或市场化购买调峰储能能力的方式增加并网规模。参与为自愿性质，但虚假承诺的企业将被取消下年度自行承担可再生能源消纳责任资格。,电力生产、输送和分配,本工具规范和引导的活动为可再生能源发电企业通过自建或购买调峰储能能力增加可再生能源发电装机并网规模的全过程，包括：企业根据挂钩比例（初期15%，推荐20%以上）确定需配建的调峰能力规模；选择自建、合建或市场化购买方式落实调峰资源；确保发电项目与新增调峰项目同步建成、同步并网；接受电网调度机构的不定期调度测试；以及未用完调峰资源的省内市场化交易（不允许结转至下年）。参与为自愿性质，遵循「企业承诺、政府备案、过程核查、假一罚二」的确认原则。,N/A,N/A,N/A,1）超过保障性并网以外的规模，初期按功率15%的挂钩比例配建调峰能力（时长4小时以上），按20%以上比例配建的优先并网；2）合建方式按出资比例折算挂钩比例，初期可适当高于出资比例；3）购买调峰能力仅限于本年度新建的调峰资源；4）发电项目须与新增调峰项目同步建成、同步并网；5）调峰能力按装机规模、机组设计出力或可调出力范围差值认定；6）遵循「企业承诺、政府备案、过程核查、假一罚二（按未完成容量2倍扣除调峰能力，限期整改）「的确认原则；7）未用完的调峰资源可在省内市场化交易，不允许结转至下年；8）参与为自愿性质。,N/A,N/A,按20%以上挂钩比例配建调峰能力的企业获得优先并网安排；未用完的调峰资源可在省内市场化交易给其他发电企业，增加额外收益。,电网调度机构不定期对调峰储能项目开展调度测试，确保调峰能力真实可用。各省（区、市）发展改革委和能源主管部门对本地区落实情况进行监督管理。国家发展改革委和国家能源局对各地进展情况进行统筹跟踪，适时开展第三方评估。,虚假承诺或未按承诺履行的企业，按未完成容量的2倍扣除调峰能力，责令限期整改；未按期整改到位的，取消下年度自行承担可再生能源消纳责任资格。,N/A（本工具为自愿性目标机制，通过增加可再生能源并网规模间接促进减排，碳排放覆盖量取决于企业自愿参与和新增调峰能力的实际规模，无直接可量化的固定覆盖量）,N/A（本工具为自愿性工具，碳排放覆盖占比取决于自愿参与情况）,D35,CO2,正向,可再生能源发展；技术创新,国家发展改革委 国家能源局关于鼓励可再生能源发电企业自建或购买调峰能力增加并网规模的通知（发改运行〔2021〕1138号）,https://www.ndrc.gov.cn/xwdt/tzgg/202108/t20210810_1293397_ext.html,N/A
